S No.,Manufacturer/Importer Name and address,License Number,Name of Device and Device Class,Intended Use,Brand Name,Model Numbers,Issuing Authority,Action,Address,Intended,Price (INR),Specifications / Details
1,"Spark Peripheral Technologies, Shop 1, Moolchand Market, New Delhi",Licence no: IMP/MD/2022/00584 Issued on: 22-AUG-2022,"Defibrillator, class type: Class C",Delivers a dose of electric current to the heart to treat life-threatening arrhythmias.,Defib-Max,Defib-7456X,SLA - Maharashtra,,"Legal Manufacturing Site : Spark Peripheral Technologies Unit, New Delhi",Delivers a dose of electric current to the heart to treat life-threatening arrhythmias.,110000,Dimensions: 30 x 20 x 15 cm | Weight: ~2-10 kg | Power: 110V/220V AC or Battery
2,"NovaBio Tech, Phase 8, Industrial Area, Mohali, Punjab",Licence no: IMP/MD/2018/00855 Issued on: 07-AUG-2018,"Defibrillator, class type: Class C",Delivers a dose of electric current to the heart to treat life-threatening arrhythmias.,Defib-Basic,Defib-8925B,SLA - Telangana,,"Legal Manufacturing Site : NovaBio Tech Unit, Punjab",Delivers a dose of electric current to the heart to treat life-threatening arrhythmias.,260000,Dimensions: 30 x 20 x 15 cm | Weight: ~2-10 kg | Power: 110V/220V AC or Battery
3,"Spark Peripheral Technologies, Shop 1, Moolchand Market, New Delhi",Licence no: MFG/MD/2020/00161 Issued on: 07-MAR-2020,"Defibrillator, class type: Class C",Delivers a dose of electric current to the heart to treat life-threatening arrhythmias.,Defib-Pro,Defib-6453B,SLA - Maharashtra,,"Legal Manufacturing Site : Spark Peripheral Technologies Unit, New Delhi",Delivers a dose of electric current to the heart to treat life-threatening arrhythmias.,400000,Dimensions: 30 x 20 x 15 cm | Weight: ~2-10 kg | Power: 110V/220V AC or Battery
4,"Pioneer Health Systems, Sector V, Salt Lake, Kolkata, West Bengal",Licence no: IMP/MD/2018/00273 Issued on: 18-MAY-2018,"Defibrillator, class type: Class C",Delivers a dose of electric current to the heart to treat life-threatening arrhythmias.,Defib-X,Defib-8129B,SLA - Maharashtra,,"Legal Manufacturing Site : Pioneer Health Systems Unit, West Bengal",Delivers a dose of electric current to the heart to treat life-threatening arrhythmias.,170000,Dimensions: 30 x 20 x 15 cm | Weight: ~2-10 kg | Power: 110V/220V AC or Battery
5,"Pioneer Health Systems, Sector V, Salt Lake, Kolkata, West Bengal",Licence no: IMP/MD/2021/00381 Issued on: 27-FEB-2021,"Defibrillator, class type: Class C",Delivers a dose of electric current to the heart to treat life-threatening arrhythmias.,Defib-X,Defib-8174A,SLA - Tamil Nadu,,"Legal Manufacturing Site : Pioneer Health Systems Unit, West Bengal",Delivers a dose of electric current to the heart to treat life-threatening arrhythmias.,280000,Dimensions: 30 x 20 x 15 cm | Weight: ~2-10 kg | Power: 110V/220V AC or Battery
6,"Zenith Medical Devices, Tower B, BKC, Bandra East, Mumbai, Maharashtra",Licence no: MFG/MD/2023/00583 Issued on: 01-APR-2023,"Defibrillator, class type: Class C",Delivers a dose of electric current to the heart to treat life-threatening arrhythmias.,Defib-Plus,Defib-3035,SLA - Tamil Nadu,,"Legal Manufacturing Site : Zenith Medical Devices Unit, Maharashtra",Delivers a dose of electric current to the heart to treat life-threatening arrhythmias.,210000,Dimensions: 30 x 20 x 15 cm | Weight: ~2-10 kg | Power: 110V/220V AC or Battery
7,"NovaBio Tech, Phase 8, Industrial Area, Mohali, Punjab",Licence no: MFG/MD/2022/00511 Issued on: 12-MAY-2022,"Digital Blood Pressure Monitor, class type: Class B",To measure systolic and diastolic blood pressure non-invasively.,BP-Basic,BP-9962A,SLA - Maharashtra,,"Legal Manufacturing Site : NovaBio Tech Unit, Punjab",To measure systolic and diastolic blood pressure non-invasively.,1200,Dimensions: 30 x 20 x 15 cm | Weight: ~2-10 kg | Power: 110V/220V AC or Battery
8,"Quantum Care Co., Jubilee Hills, Hyderabad, Telangana",Licence no: MFG/MD/2023/00672 Issued on: 04-NOV-2023,"Digital Blood Pressure Monitor, class type: Class B",To measure systolic and diastolic blood pressure non-invasively.,BP-Advance,BP-1380B,SLA - Tamil Nadu,,"Legal Manufacturing Site : Quantum Care Co. Unit, Telangana",To measure systolic and diastolic blood pressure non-invasively.,1100,Dimensions: 30 x 20 x 15 cm | Weight: ~2-10 kg | Power: 110V/220V AC or Battery
9,"Zenith Medical Devices, Tower B, BKC, Bandra East, Mumbai, Maharashtra",Licence no: MFG/MD/2019/00978 Issued on: 26-JUN-2019,"Digital Blood Pressure Monitor, class type: Class B",To measure systolic and diastolic blood pressure non-invasively.,BP-Elite,BP-7458,SLA - Karnataka,,"Legal Manufacturing Site : Zenith Medical Devices Unit, Maharashtra",To measure systolic and diastolic blood pressure non-invasively.,1300,Dimensions: 30 x 20 x 15 cm | Weight: ~2-10 kg | Power: 110V/220V AC or Battery
10,"LifeCare Innovations, Tech Park, OMR, Chennai, Tamil Nadu",Licence no: IMP/MD/2021/00421 Issued on: 14-FEB-2021,"Digital Blood Pressure Monitor, class type: Class B",To measure systolic and diastolic blood pressure non-invasively.,BP-Advance,BP-4327X,SLA - Karnataka,,"Legal Manufacturing Site : LifeCare Innovations Unit, Tamil Nadu",To measure systolic and diastolic blood pressure non-invasively.,3600,Dimensions: 30 x 20 x 15 cm | Weight: ~2-10 kg | Power: 110V/220V AC or Battery
11,"LifeCare Innovations, Tech Park, OMR, Chennai, Tamil Nadu",Licence no: MFG/MD/2018/00675 Issued on: 28-MAR-2018,"Digital Blood Pressure Monitor, class type: Class B",To measure systolic and diastolic blood pressure non-invasively.,BP-Plus,BP-7025,SLA - Karnataka,,"Legal Manufacturing Site : LifeCare Innovations Unit, Tamil Nadu",To measure systolic and diastolic blood pressure non-invasively.,4100,Dimensions: 30 x 20 x 15 cm | Weight: ~2-10 kg | Power: 110V/220V AC or Battery
12,"NovaBio Tech, Phase 8, Industrial Area, Mohali, Punjab",Licence no: IMP/MD/2019/00294 Issued on: 26-FEB-2019,"Digital Blood Pressure Monitor, class type: Class B",To measure systolic and diastolic blood pressure non-invasively.,BP-Max,BP-1145A,SLA - Delhi,,"Legal Manufacturing Site : NovaBio Tech Unit, Punjab",To measure systolic and diastolic blood pressure non-invasively.,2500,Dimensions: 30 x 20 x 15 cm | Weight: ~2-10 kg | Power: 110V/220V AC or Battery
13,"Zenith Medical Devices, Tower B, BKC, Bandra East, Mumbai, Maharashtra",Licence no: IMP/MD/2020/00579 Issued on: 06-OCT-2020,"Digital Blood Pressure Monitor, class type: Class B",To measure systolic and diastolic blood pressure non-invasively.,BP-Advance,BP-7783A,SLA - Tamil Nadu,,"Legal Manufacturing Site : Zenith Medical Devices Unit, Maharashtra",To measure systolic and diastolic blood pressure non-invasively.,4400,Dimensions: 30 x 20 x 15 cm | Weight: ~2-10 kg | Power: 110V/220V AC or Battery
14,"Pioneer Health Systems, Sector V, Salt Lake, Kolkata, West Bengal",Licence no: IMP/MD/2022/00794 Issued on: 05-JUL-2022,"Digital Blood Pressure Monitor, class type: Class B",To measure systolic and diastolic blood pressure non-invasively.,BP-Ultra,BP-9163X,SLA - Delhi,,"Legal Manufacturing Site : Pioneer Health Systems Unit, West Bengal",To measure systolic and diastolic blood pressure non-invasively.,3700,Dimensions: 30 x 20 x 15 cm | Weight: ~2-10 kg | Power: 110V/220V AC or Battery
15,"Zenith Medical Devices, Tower B, BKC, Bandra East, Mumbai, Maharashtra",Licence no: MFG/MD/2022/00928 Issued on: 07-AUG-2022,"Digital Blood Pressure Monitor, class type: Class B",To measure systolic and diastolic blood pressure non-invasively.,BP-Basic,BP-6001A,SLA - Tamil Nadu,,"Legal Manufacturing Site : Zenith Medical Devices Unit, Maharashtra",To measure systolic and diastolic blood pressure non-invasively.,4000,Dimensions: 30 x 20 x 15 cm | Weight: ~2-10 kg | Power: 110V/220V AC or Battery
16,"Zenith Medical Devices, Tower B, BKC, Bandra East, Mumbai, Maharashtra",Licence no: MFG/MD/2021/00595 Issued on: 23-JUL-2021,"ECG Machine, class type: Class B",Records the electrical signal from the heart to check for different heart conditions.,Cardio-Max,Cardio-7652X,SLA - Telangana,,"Legal Manufacturing Site : Zenith Medical Devices Unit, Maharashtra",Records the electrical signal from the heart to check for different heart conditions.,51000,Dimensions: 120 x 80 x 150 cm | Weight: ~80-150 kg | Power: 220V AC
17,"Astra Medical Supplies, Ring Road, Surat, Gujarat",Licence no: IMP/MD/2023/00297 Issued on: 23-DEC-2023,"ECG Machine, class type: Class B",Records the electrical signal from the heart to check for different heart conditions.,Cardio-Pro,Cardio-5439B,CLA - CDSCO,,"Legal Manufacturing Site : Astra Medical Supplies Unit, Gujarat",Records the electrical signal from the heart to check for different heart conditions.,41000,Dimensions: 120 x 80 x 150 cm | Weight: ~80-150 kg | Power: 220V AC
18,"Spark Peripheral Technologies, Shop 1, Moolchand Market, New Delhi",Licence no: IMP/MD/2020/00310 Issued on: 01-NOV-2020,"ECG Machine, class type: Class B",Records the electrical signal from the heart to check for different heart conditions.,Cardio-Elite,Cardio-1393A,SLA - Maharashtra,,"Legal Manufacturing Site : Spark Peripheral Technologies Unit, New Delhi",Records the electrical signal from the heart to check for different heart conditions.,69000,Dimensions: 120 x 80 x 150 cm | Weight: ~80-150 kg | Power: 220V AC
19,"Quantum Care Co., Jubilee Hills, Hyderabad, Telangana",Licence no: IMP/MD/2019/00444 Issued on: 14-JUN-2019,"ECG Machine, class type: Class B",Records the electrical signal from the heart to check for different heart conditions.,Cardio-Basic,Cardio-3520X,SLA - Gujarat,,"Legal Manufacturing Site : Quantum Care Co. Unit, Telangana",Records the electrical signal from the heart to check for different heart conditions.,39000,Dimensions: 120 x 80 x 150 cm | Weight: ~80-150 kg | Power: 220V AC
20,"MediCorp India Pvt Ltd, Cyber City, Phase 2, Gurgaon, Haryana",Licence no: IMP/MD/2021/00822 Issued on: 21-NOV-2021,"ECG Machine, class type: Class B",Records the electrical signal from the heart to check for different heart conditions.,Cardio-Elite,Cardio-5200A,SLA - Tamil Nadu,,"Legal Manufacturing Site : MediCorp India Pvt Ltd Unit, Haryana",Records the electrical signal from the heart to check for different heart conditions.,28000,Dimensions: 120 x 80 x 150 cm | Weight: ~80-150 kg | Power: 220V AC
21,"Pioneer Health Systems, Sector V, Salt Lake, Kolkata, West Bengal",Licence no: IMP/MD/2022/00932 Issued on: 11-DEC-2022,"ECG Machine, class type: Class B",Records the electrical signal from the heart to check for different heart conditions.,Cardio-Plus,Cardio-8411,CLA - CDSCO,,"Legal Manufacturing Site : Pioneer Health Systems Unit, West Bengal",Records the electrical signal from the heart to check for different heart conditions.,57000,Dimensions: 120 x 80 x 150 cm | Weight: ~80-150 kg | Power: 220V AC
22,"MediCorp India Pvt Ltd, Cyber City, Phase 2, Gurgaon, Haryana",Licence no: IMP/MD/2023/00822 Issued on: 17-NOV-2023,"ECG Machine, class type: Class B",Records the electrical signal from the heart to check for different heart conditions.,Cardio-Max,Cardio-6855B,CLA - CDSCO,,"Legal Manufacturing Site : MediCorp India Pvt Ltd Unit, Haryana",Records the electrical signal from the heart to check for different heart conditions.,69000,Dimensions: 120 x 80 x 150 cm | Weight: ~80-150 kg | Power: 220V AC
23,"NovaBio Tech, Phase 8, Industrial Area, Mohali, Punjab",Licence no: MFG/MD/2022/00188 Issued on: 03-JUL-2022,"ECG Machine, class type: Class B",Records the electrical signal from the heart to check for different heart conditions.,Cardio-Max,Cardio-9852,SLA - Telangana,,"Legal Manufacturing Site : NovaBio Tech Unit, Punjab",Records the electrical signal from the heart to check for different heart conditions.,82000,Dimensions: 120 x 80 x 150 cm | Weight: ~80-150 kg | Power: 220V AC
24,"Pioneer Health Systems, Sector V, Salt Lake, Kolkata, West Bengal",Licence no: IMP/MD/2022/00474 Issued on: 26-NOV-2022,"ECG Machine, class type: Class B",Records the electrical signal from the heart to check for different heart conditions.,Cardio-Basic,Cardio-7512,SLA - Karnataka,,"Legal Manufacturing Site : Pioneer Health Systems Unit, West Bengal",Records the electrical signal from the heart to check for different heart conditions.,53000,Dimensions: 120 x 80 x 150 cm | Weight: ~80-150 kg | Power: 220V AC
25,"Pioneer Health Systems, Sector V, Salt Lake, Kolkata, West Bengal",Licence no: MFG/MD/2023/00217 Issued on: 22-AUG-2023,"Hemodialysis Machine, class type: Class C",Filters a patient's blood to remove excess water and waste products.,Dialys-Ultra,Dialys-5315A,SLA - Telangana,,"Legal Manufacturing Site : Pioneer Health Systems Unit, West Bengal",Filters a patient's blood to remove excess water and waste products.,760000,Dimensions: 120 x 80 x 150 cm | Weight: ~80-150 kg | Power: 220V AC
26,"LifeCare Innovations, Tech Park, OMR, Chennai, Tamil Nadu",Licence no: IMP/MD/2020/00638 Issued on: 11-SEP-2020,"Hemodialysis Machine, class type: Class C",Filters a patient's blood to remove excess water and waste products.,Dialys-Elite,Dialys-7444,SLA - Delhi,,"Legal Manufacturing Site : LifeCare Innovations Unit, Tamil Nadu",Filters a patient's blood to remove excess water and waste products.,830000,Dimensions: 120 x 80 x 150 cm | Weight: ~80-150 kg | Power: 220V AC
27,"Spark Peripheral Technologies, Shop 1, Moolchand Market, New Delhi",Licence no: IMP/MD/2022/00593 Issued on: 27-DEC-2022,"Hemodialysis Machine, class type: Class C",Filters a patient's blood to remove excess water and waste products.,Dialys-Elite,Dialys-6881X,SLA - Maharashtra,,"Legal Manufacturing Site : Spark Peripheral Technologies Unit, New Delhi",Filters a patient's blood to remove excess water and waste products.,1350000,Dimensions: 120 x 80 x 150 cm | Weight: ~80-150 kg | Power: 220V AC
28,"Quantum Care Co., Jubilee Hills, Hyderabad, Telangana",Licence no: IMP/MD/2021/00343 Issued on: 10-DEC-2021,"Hemodialysis Machine, class type: Class C",Filters a patient's blood to remove excess water and waste products.,Dialys-Max,Dialys-6250B,SLA - Tamil Nadu,,"Legal Manufacturing Site : Quantum Care Co. Unit, Telangana",Filters a patient's blood to remove excess water and waste products.,1480000,Dimensions: 120 x 80 x 150 cm | Weight: ~80-150 kg | Power: 220V AC
29,"Apex Surgical Imports, 12, GIDC, Makarpura, Vadodara, Gujarat",Licence no: MFG/MD/2024/00910 Issued on: 21-OCT-2024,"Hemodialysis Machine, class type: Class C",Filters a patient's blood to remove excess water and waste products.,Dialys-Elite,Dialys-5070B,SLA - Tamil Nadu,,"Legal Manufacturing Site : Apex Surgical Imports Unit, Gujarat",Filters a patient's blood to remove excess water and waste products.,1480000,Dimensions: 120 x 80 x 150 cm | Weight: ~80-150 kg | Power: 220V AC
30,"Pioneer Health Systems, Sector V, Salt Lake, Kolkata, West Bengal",Licence no: IMP/MD/2024/00474 Issued on: 21-DEC-2024,"Hemodialysis Machine, class type: Class C",Filters a patient's blood to remove excess water and waste products.,Dialys-Plus,Dialys-5061B,SLA - Delhi,,"Legal Manufacturing Site : Pioneer Health Systems Unit, West Bengal",Filters a patient's blood to remove excess water and waste products.,1050000,Dimensions: 120 x 80 x 150 cm | Weight: ~80-150 kg | Power: 220V AC
31,"Pioneer Health Systems, Sector V, Salt Lake, Kolkata, West Bengal",Licence no: IMP/MD/2021/00787 Issued on: 18-JUN-2021,"Hemodialysis Machine, class type: Class C",Filters a patient's blood to remove excess water and waste products.,Dialys-Elite,Dialys-8818A,CLA - CDSCO,,"Legal Manufacturing Site : Pioneer Health Systems Unit, West Bengal",Filters a patient's blood to remove excess water and waste products.,1290000,Dimensions: 120 x 80 x 150 cm | Weight: ~80-150 kg | Power: 220V AC
32,"MediCorp India Pvt Ltd, Cyber City, Phase 2, Gurgaon, Haryana",Licence no: IMP/MD/2020/00916 Issued on: 09-JAN-2020,"Infusion Pump, class type: Class B","Infuses fluids, medication or nutrients into a patient's circulatory system.",Infuse-Advance,Infuse-5162A,SLA - Tamil Nadu,,"Legal Manufacturing Site : MediCorp India Pvt Ltd Unit, Haryana","Infuses fluids, medication or nutrients into a patient's circulatory system.",50000,Dimensions: 30 x 20 x 15 cm | Weight: ~2-10 kg | Power: 110V/220V AC or Battery
33,"LifeCare Innovations, Tech Park, OMR, Chennai, Tamil Nadu",Licence no: IMP/MD/2022/00386 Issued on: 03-JUL-2022,"Infusion Pump, class type: Class B","Infuses fluids, medication or nutrients into a patient's circulatory system.",Infuse-Plus,Infuse-9438B,SLA - Maharashtra,,"Legal Manufacturing Site : LifeCare Innovations Unit, Tamil Nadu","Infuses fluids, medication or nutrients into a patient's circulatory system.",54000,Dimensions: 30 x 20 x 15 cm | Weight: ~2-10 kg | Power: 110V/220V AC or Battery
34,"Zenith Medical Devices, Tower B, BKC, Bandra East, Mumbai, Maharashtra",Licence no: IMP/MD/2023/00575 Issued on: 05-OCT-2023,"Infusion Pump, class type: Class B","Infuses fluids, medication or nutrients into a patient's circulatory system.",Infuse-X,Infuse-5232X,SLA - Karnataka,,"Legal Manufacturing Site : Zenith Medical Devices Unit, Maharashtra","Infuses fluids, medication or nutrients into a patient's circulatory system.",23000,Dimensions: 30 x 20 x 15 cm | Weight: ~2-10 kg | Power: 110V/220V AC or Battery
35,"LifeCare Innovations, Tech Park, OMR, Chennai, Tamil Nadu",Licence no: MFG/MD/2022/00639 Issued on: 03-JUN-2022,"Infusion Pump, class type: Class B","Infuses fluids, medication or nutrients into a patient's circulatory system.",Infuse-Ultra,Infuse-9986B,CLA - CDSCO,,"Legal Manufacturing Site : LifeCare Innovations Unit, Tamil Nadu","Infuses fluids, medication or nutrients into a patient's circulatory system.",67000,Dimensions: 30 x 20 x 15 cm | Weight: ~2-10 kg | Power: 110V/220V AC or Battery
36,"LifeCare Innovations, Tech Park, OMR, Chennai, Tamil Nadu",Licence no: IMP/MD/2019/00896 Issued on: 09-JUN-2019,"Infusion Pump, class type: Class B","Infuses fluids, medication or nutrients into a patient's circulatory system.",Infuse-Plus,Infuse-4938X,SLA - Tamil Nadu,,"Legal Manufacturing Site : LifeCare Innovations Unit, Tamil Nadu","Infuses fluids, medication or nutrients into a patient's circulatory system.",46000,Dimensions: 30 x 20 x 15 cm | Weight: ~2-10 kg | Power: 110V/220V AC or Battery
37,"LifeCare Innovations, Tech Park, OMR, Chennai, Tamil Nadu",Licence no: IMP/MD/2021/00424 Issued on: 20-FEB-2021,"Infusion Pump, class type: Class B","Infuses fluids, medication or nutrients into a patient's circulatory system.",Infuse-Max,Infuse-1176X,SLA - Tamil Nadu,,"Legal Manufacturing Site : LifeCare Innovations Unit, Tamil Nadu","Infuses fluids, medication or nutrients into a patient's circulatory system.",54000,Dimensions: 30 x 20 x 15 cm | Weight: ~2-10 kg | Power: 110V/220V AC or Battery
38,"Zenith Medical Devices, Tower B, BKC, Bandra East, Mumbai, Maharashtra",Licence no: IMP/MD/2023/00687 Issued on: 16-MAR-2023,"Insulin Syringe, class type: Class B",Subcutaneous injection of insulin.,InsuInject-Advance,InsuInject-8935B,CLA - CDSCO,,"Legal Manufacturing Site : Zenith Medical Devices Unit, Maharashtra",Subcutaneous injection of insulin.,100,Dimensions: Varied (Small/Compact) | Weight: < 1 kg | Material: Medical Grade
39,"Astra Medical Supplies, Ring Road, Surat, Gujarat",Licence no: IMP/MD/2021/00575 Issued on: 16-JUL-2021,"Insulin Syringe, class type: Class B",Subcutaneous injection of insulin.,InsuInject-Basic,InsuInject-4548B,SLA - Telangana,,"Legal Manufacturing Site : Astra Medical Supplies Unit, Gujarat",Subcutaneous injection of insulin.,80,Dimensions: Varied (Small/Compact) | Weight: < 1 kg | Material: Medical Grade
40,"Spark Peripheral Technologies, Shop 1, Moolchand Market, New Delhi",Licence no: IMP/MD/2022/00428 Issued on: 08-NOV-2022,"Insulin Syringe, class type: Class B",Subcutaneous injection of insulin.,InsuInject-Ultra,InsuInject-9461,CLA - CDSCO,,"Legal Manufacturing Site : Spark Peripheral Technologies Unit, New Delhi",Subcutaneous injection of insulin.,50,Dimensions: Varied (Small/Compact) | Weight: < 1 kg | Material: Medical Grade
41,"Apex Surgical Imports, 12, GIDC, Makarpura, Vadodara, Gujarat",Licence no: IMP/MD/2024/00972 Issued on: 11-OCT-2024,"MRI Scanner, class type: Class C",Uses strong magnetic fields and radio waves to generate images of the organs in the body.,MRI-Plus,MRI-7698,SLA - Karnataka,,"Legal Manufacturing Site : Apex Surgical Imports Unit, Gujarat",Uses strong magnetic fields and radio waves to generate images of the organs in the body.,15230000,Dimensions: 120 x 80 x 150 cm | Weight: ~80-150 kg | Power: 220V AC
42,"Global Health Solutions, Plot 45, Industrial Area, Peenya, Bangalore",Licence no: IMP/MD/2019/00534 Issued on: 03-JUL-2019,"MRI Scanner, class type: Class C",Uses strong magnetic fields and radio waves to generate images of the organs in the body.,MRI-Max,MRI-1098B,SLA - Delhi,,"Legal Manufacturing Site : Global Health Solutions Unit, Bangalore",Uses strong magnetic fields and radio waves to generate images of the organs in the body.,33110000,Dimensions: 120 x 80 x 150 cm | Weight: ~80-150 kg | Power: 220V AC
43,"Astra Medical Supplies, Ring Road, Surat, Gujarat",Licence no: IMP/MD/2022/00900 Issued on: 25-APR-2022,"MRI Scanner, class type: Class C",Uses strong magnetic fields and radio waves to generate images of the organs in the body.,MRI-X,MRI-2447X,CLA - CDSCO,,"Legal Manufacturing Site : Astra Medical Supplies Unit, Gujarat",Uses strong magnetic fields and radio waves to generate images of the organs in the body.,50660000,Dimensions: 120 x 80 x 150 cm | Weight: ~80-150 kg | Power: 220V AC
44,"Quantum Care Co., Jubilee Hills, Hyderabad, Telangana",Licence no: IMP/MD/2019/00596 Issued on: 11-JUL-2019,"MRI Scanner, class type: Class C",Uses strong magnetic fields and radio waves to generate images of the organs in the body.,MRI-Basic,MRI-1396A,SLA - Maharashtra,,"Legal Manufacturing Site : Quantum Care Co. Unit, Telangana",Uses strong magnetic fields and radio waves to generate images of the organs in the body.,40640000,Dimensions: 120 x 80 x 150 cm | Weight: ~80-150 kg | Power: 220V AC
45,"Apex Surgical Imports, 12, GIDC, Makarpura, Vadodara, Gujarat",Licence no: MFG/MD/2018/00508 Issued on: 16-JUL-2018,"N95 Surgical Respirator, class type: Class A",Reduces wearer exposure to airborne particulate hazards and fluid resistance.,SafeMask-Elite,SafeMask-7406B,SLA - Tamil Nadu,,"Legal Manufacturing Site : Apex Surgical Imports Unit, Gujarat",Reduces wearer exposure to airborne particulate hazards and fluid resistance.,140,Dimensions: Varied (Small/Compact) | Weight: < 1 kg | Material: Medical Grade
46,"LifeCare Innovations, Tech Park, OMR, Chennai, Tamil Nadu",Licence no: MFG/MD/2020/00432 Issued on: 10-FEB-2020,"N95 Surgical Respirator, class type: Class A",Reduces wearer exposure to airborne particulate hazards and fluid resistance.,SafeMask-Pro,SafeMask-2058,SLA - Gujarat,,"Legal Manufacturing Site : LifeCare Innovations Unit, Tamil Nadu",Reduces wearer exposure to airborne particulate hazards and fluid resistance.,240,Dimensions: Varied (Small/Compact) | Weight: < 1 kg | Material: Medical Grade
47,"Global Health Solutions, Plot 45, Industrial Area, Peenya, Bangalore",Licence no: MFG/MD/2024/00249 Issued on: 24-MAR-2024,"N95 Surgical Respirator, class type: Class A",Reduces wearer exposure to airborne particulate hazards and fluid resistance.,SafeMask-Advance,SafeMask-3616A,SLA - Maharashtra,,"Legal Manufacturing Site : Global Health Solutions Unit, Bangalore",Reduces wearer exposure to airborne particulate hazards and fluid resistance.,400,Dimensions: Varied (Small/Compact) | Weight: < 1 kg | Material: Medical Grade
48,"Pioneer Health Systems, Sector V, Salt Lake, Kolkata, West Bengal",Licence no: IMP/MD/2018/00186 Issued on: 17-JUN-2018,"N95 Surgical Respirator, class type: Class A",Reduces wearer exposure to airborne particulate hazards and fluid resistance.,SafeMask-Plus,SafeMask-5116,SLA - Karnataka,,"Legal Manufacturing Site : Pioneer Health Systems Unit, West Bengal",Reduces wearer exposure to airborne particulate hazards and fluid resistance.,450,Dimensions: Varied (Small/Compact) | Weight: < 1 kg | Material: Medical Grade
49,"MediCorp India Pvt Ltd, Cyber City, Phase 2, Gurgaon, Haryana",Licence no: IMP/MD/2022/00436 Issued on: 06-DEC-2022,"Orthopedic Bone Screws, class type: Class C",Used for internal fixation of bone fractures.,Ortho-Advance,Ortho-9579,SLA - Karnataka,,"Legal Manufacturing Site : MediCorp India Pvt Ltd Unit, Haryana",Used for internal fixation of bone fractures.,1200,Dimensions: Varied (Small/Compact) | Weight: < 1 kg | Material: Medical Grade
50,"LifeCare Innovations, Tech Park, OMR, Chennai, Tamil Nadu",Licence no: IMP/MD/2023/00295 Issued on: 20-SEP-2023,"Orthopedic Bone Screws, class type: Class C",Used for internal fixation of bone fractures.,Ortho-Pro,Ortho-7949X,CLA - CDSCO,,"Legal Manufacturing Site : LifeCare Innovations Unit, Tamil Nadu",Used for internal fixation of bone fractures.,520,Dimensions: Varied (Small/Compact) | Weight: < 1 kg | Material: Medical Grade
51,"Pioneer Health Systems, Sector V, Salt Lake, Kolkata, West Bengal",Licence no: MFG/MD/2024/00971 Issued on: 05-MAY-2024,"Orthopedic Bone Screws, class type: Class C",Used for internal fixation of bone fractures.,Ortho-Max,Ortho-6927B,CLA - CDSCO,,"Legal Manufacturing Site : Pioneer Health Systems Unit, West Bengal",Used for internal fixation of bone fractures.,650,Dimensions: Varied (Small/Compact) | Weight: < 1 kg | Material: Medical Grade
52,"LifeCare Innovations, Tech Park, OMR, Chennai, Tamil Nadu",Licence no: MFG/MD/2020/00286 Issued on: 04-SEP-2020,"Orthopedic Bone Screws, class type: Class C",Used for internal fixation of bone fractures.,Ortho-Basic,Ortho-9704A,SLA - Karnataka,,"Legal Manufacturing Site : LifeCare Innovations Unit, Tamil Nadu",Used for internal fixation of bone fractures.,880,Dimensions: Varied (Small/Compact) | Weight: < 1 kg | Material: Medical Grade
53,"Zenith Medical Devices, Tower B, BKC, Bandra East, Mumbai, Maharashtra",Licence no: MFG/MD/2019/00872 Issued on: 17-FEB-2019,"Orthopedic Bone Screws, class type: Class C",Used for internal fixation of bone fractures.,Ortho-Elite,Ortho-3544A,SLA - Telangana,,"Legal Manufacturing Site : Zenith Medical Devices Unit, Maharashtra",Used for internal fixation of bone fractures.,1800,Dimensions: Varied (Small/Compact) | Weight: < 1 kg | Material: Medical Grade
54,"NovaBio Tech, Phase 8, Industrial Area, Mohali, Punjab",Licence no: MFG/MD/2018/00408 Issued on: 16-NOV-2018,"Patient Monitor, class type: Class B","Measures, records, distributes and displays combinations of biometric values.",Vital-Plus,Vital-4475X,SLA - Delhi,,"Legal Manufacturing Site : NovaBio Tech Unit, Punjab","Measures, records, distributes and displays combinations of biometric values.",64000,Dimensions: 30 x 20 x 15 cm | Weight: ~2-10 kg | Power: 110V/220V AC or Battery
55,"NovaBio Tech, Phase 8, Industrial Area, Mohali, Punjab",Licence no: MFG/MD/2022/00204 Issued on: 08-APR-2022,"Patient Monitor, class type: Class B","Measures, records, distributes and displays combinations of biometric values.",Vital-Plus,Vital-5861X,SLA - Tamil Nadu,,"Legal Manufacturing Site : NovaBio Tech Unit, Punjab","Measures, records, distributes and displays combinations of biometric values.",110000,Dimensions: 30 x 20 x 15 cm | Weight: ~2-10 kg | Power: 110V/220V AC or Battery
56,"Apex Surgical Imports, 12, GIDC, Makarpura, Vadodara, Gujarat",Licence no: IMP/MD/2023/00292 Issued on: 17-OCT-2023,"Patient Monitor, class type: Class B","Measures, records, distributes and displays combinations of biometric values.",Vital-Ultra,Vital-8405X,CLA - CDSCO,,"Legal Manufacturing Site : Apex Surgical Imports Unit, Gujarat","Measures, records, distributes and displays combinations of biometric values.",79000,Dimensions: 30 x 20 x 15 cm | Weight: ~2-10 kg | Power: 110V/220V AC or Battery
57,"Zenith Medical Devices, Tower B, BKC, Bandra East, Mumbai, Maharashtra",Licence no: IMP/MD/2021/00584 Issued on: 09-MAY-2021,"Patient Monitor, class type: Class B","Measures, records, distributes and displays combinations of biometric values.",Vital-Max,Vital-7661,SLA - Telangana,,"Legal Manufacturing Site : Zenith Medical Devices Unit, Maharashtra","Measures, records, distributes and displays combinations of biometric values.",120000,Dimensions: 30 x 20 x 15 cm | Weight: ~2-10 kg | Power: 110V/220V AC or Battery
58,"NovaBio Tech, Phase 8, Industrial Area, Mohali, Punjab",Licence no: IMP/MD/2018/00808 Issued on: 18-JAN-2018,"Patient Monitor, class type: Class B","Measures, records, distributes and displays combinations of biometric values.",Vital-Ultra,Vital-7598,SLA - Gujarat,,"Legal Manufacturing Site : NovaBio Tech Unit, Punjab","Measures, records, distributes and displays combinations of biometric values.",100000,Dimensions: 30 x 20 x 15 cm | Weight: ~2-10 kg | Power: 110V/220V AC or Battery
59,"Zenith Medical Devices, Tower B, BKC, Bandra East, Mumbai, Maharashtra",Licence no: IMP/MD/2024/00963 Issued on: 24-AUG-2024,"Patient Monitor, class type: Class B","Measures, records, distributes and displays combinations of biometric values.",Vital-Pro,Vital-9052B,SLA - Telangana,,"Legal Manufacturing Site : Zenith Medical Devices Unit, Maharashtra","Measures, records, distributes and displays combinations of biometric values.",120000,Dimensions: 30 x 20 x 15 cm | Weight: ~2-10 kg | Power: 110V/220V AC or Battery
60,"LifeCare Innovations, Tech Park, OMR, Chennai, Tamil Nadu",Licence no: IMP/MD/2022/00902 Issued on: 22-OCT-2022,"Patient Monitor, class type: Class B","Measures, records, distributes and displays combinations of biometric values.",Vital-Elite,Vital-8216X,CLA - CDSCO,,"Legal Manufacturing Site : LifeCare Innovations Unit, Tamil Nadu","Measures, records, distributes and displays combinations of biometric values.",77000,Dimensions: 30 x 20 x 15 cm | Weight: ~2-10 kg | Power: 110V/220V AC or Battery
61,"Apex Surgical Imports, 12, GIDC, Makarpura, Vadodara, Gujarat",Licence no: IMP/MD/2023/00826 Issued on: 27-AUG-2023,"Patient Monitor, class type: Class B","Measures, records, distributes and displays combinations of biometric values.",Vital-Pro,Vital-8003A,SLA - Tamil Nadu,,"Legal Manufacturing Site : Apex Surgical Imports Unit, Gujarat","Measures, records, distributes and displays combinations of biometric values.",190000,Dimensions: 30 x 20 x 15 cm | Weight: ~2-10 kg | Power: 110V/220V AC or Battery
62,"MediCorp India Pvt Ltd, Cyber City, Phase 2, Gurgaon, Haryana",Licence no: MFG/MD/2019/00855 Issued on: 16-NOV-2019,"Pulse Oximeter, class type: Class B",Continuous non-invasive monitoring of functional oxygen saturation of arterial hemoglobin (SpO2).,Oxi-Ultra,Oxi-6656X,CLA - CDSCO,,"Legal Manufacturing Site : MediCorp India Pvt Ltd Unit, Haryana",Continuous non-invasive monitoring of functional oxygen saturation of arterial hemoglobin (SpO2).,1300,Dimensions: 30 x 20 x 15 cm | Weight: ~2-10 kg | Power: 110V/220V AC or Battery
63,"Pioneer Health Systems, Sector V, Salt Lake, Kolkata, West Bengal",Licence no: IMP/MD/2021/00852 Issued on: 04-MAR-2021,"Pulse Oximeter, class type: Class B",Continuous non-invasive monitoring of functional oxygen saturation of arterial hemoglobin (SpO2).,Oxi-Elite,Oxi-4259,SLA - Karnataka,,"Legal Manufacturing Site : Pioneer Health Systems Unit, West Bengal",Continuous non-invasive monitoring of functional oxygen saturation of arterial hemoglobin (SpO2).,550,Dimensions: 30 x 20 x 15 cm | Weight: ~2-10 kg | Power: 110V/220V AC or Battery
64,"Astra Medical Supplies, Ring Road, Surat, Gujarat",Licence no: IMP/MD/2022/00241 Issued on: 25-NOV-2022,"Pulse Oximeter, class type: Class B",Continuous non-invasive monitoring of functional oxygen saturation of arterial hemoglobin (SpO2).,Oxi-Basic,Oxi-9022B,SLA - Delhi,,"Legal Manufacturing Site : Astra Medical Supplies Unit, Gujarat",Continuous non-invasive monitoring of functional oxygen saturation of arterial hemoglobin (SpO2).,1600,Dimensions: 30 x 20 x 15 cm | Weight: ~2-10 kg | Power: 110V/220V AC or Battery
65,"Zenith Medical Devices, Tower B, BKC, Bandra East, Mumbai, Maharashtra",Licence no: IMP/MD/2022/00606 Issued on: 16-SEP-2022,"Pulse Oximeter, class type: Class B",Continuous non-invasive monitoring of functional oxygen saturation of arterial hemoglobin (SpO2).,Oxi-Ultra,Oxi-6170X,SLA - Telangana,,"Legal Manufacturing Site : Zenith Medical Devices Unit, Maharashtra",Continuous non-invasive monitoring of functional oxygen saturation of arterial hemoglobin (SpO2).,1900,Dimensions: 30 x 20 x 15 cm | Weight: ~2-10 kg | Power: 110V/220V AC or Battery
66,"LifeCare Innovations, Tech Park, OMR, Chennai, Tamil Nadu",Licence no: IMP/MD/2023/00649 Issued on: 11-MAR-2023,"Pulse Oximeter, class type: Class B",Continuous non-invasive monitoring of functional oxygen saturation of arterial hemoglobin (SpO2).,Oxi-Ultra,Oxi-6436B,SLA - Telangana,,"Legal Manufacturing Site : LifeCare Innovations Unit, Tamil Nadu",Continuous non-invasive monitoring of functional oxygen saturation of arterial hemoglobin (SpO2).,1300,Dimensions: 30 x 20 x 15 cm | Weight: ~2-10 kg | Power: 110V/220V AC or Battery
67,"Astra Medical Supplies, Ring Road, Surat, Gujarat",Licence no: MFG/MD/2020/00556 Issued on: 09-JUN-2020,"Surgical Scalpel, class type: Class A",Used for tissue separation and other procedures that require a sharp surgical blade to puncture or cut.,Scalp-Max,Scalp-5071B,SLA - Tamil Nadu,,"Legal Manufacturing Site : Astra Medical Supplies Unit, Gujarat",Used for tissue separation and other procedures that require a sharp surgical blade to puncture or cut.,230,Dimensions: Varied (Small/Compact) | Weight: < 1 kg | Material: Medical Grade
68,"Astra Medical Supplies, Ring Road, Surat, Gujarat",Licence no: MFG/MD/2024/00614 Issued on: 04-AUG-2024,"Surgical Scalpel, class type: Class A",Used for tissue separation and other procedures that require a sharp surgical blade to puncture or cut.,Scalp-Advance,Scalp-6678,SLA - Karnataka,,"Legal Manufacturing Site : Astra Medical Supplies Unit, Gujarat",Used for tissue separation and other procedures that require a sharp surgical blade to puncture or cut.,220,Dimensions: Varied (Small/Compact) | Weight: < 1 kg | Material: Medical Grade
69,"Astra Medical Supplies, Ring Road, Surat, Gujarat",Licence no: IMP/MD/2021/00938 Issued on: 18-DEC-2021,"Surgical Scalpel, class type: Class A",Used for tissue separation and other procedures that require a sharp surgical blade to puncture or cut.,Scalp-Plus,Scalp-2276B,SLA - Karnataka,,"Legal Manufacturing Site : Astra Medical Supplies Unit, Gujarat",Used for tissue separation and other procedures that require a sharp surgical blade to puncture or cut.,240,Dimensions: Varied (Small/Compact) | Weight: < 1 kg | Material: Medical Grade
70,"NovaBio Tech, Phase 8, Industrial Area, Mohali, Punjab",Licence no: MFG/MD/2021/00715 Issued on: 20-JAN-2021,"Surgical Scalpel, class type: Class A",Used for tissue separation and other procedures that require a sharp surgical blade to puncture or cut.,Scalp-Plus,Scalp-4049B,SLA - Maharashtra,,"Legal Manufacturing Site : NovaBio Tech Unit, Punjab",Used for tissue separation and other procedures that require a sharp surgical blade to puncture or cut.,170,Dimensions: Varied (Small/Compact) | Weight: < 1 kg | Material: Medical Grade
71,"Global Health Solutions, Plot 45, Industrial Area, Peenya, Bangalore",Licence no: IMP/MD/2021/00830 Issued on: 24-DEC-2021,"Surgical Scalpel, class type: Class A",Used for tissue separation and other procedures that require a sharp surgical blade to puncture or cut.,Scalp-Plus,Scalp-2803A,SLA - Delhi,,"Legal Manufacturing Site : Global Health Solutions Unit, Bangalore",Used for tissue separation and other procedures that require a sharp surgical blade to puncture or cut.,280,Dimensions: Varied (Small/Compact) | Weight: < 1 kg | Material: Medical Grade
72,"Apex Surgical Imports, 12, GIDC, Makarpura, Vadodara, Gujarat",Licence no: IMP/MD/2021/00834 Issued on: 20-FEB-2021,"Surgical Scalpel, class type: Class A",Used for tissue separation and other procedures that require a sharp surgical blade to puncture or cut.,Scalp-X,Scalp-1696A,SLA - Karnataka,,"Legal Manufacturing Site : Apex Surgical Imports Unit, Gujarat",Used for tissue separation and other procedures that require a sharp surgical blade to puncture or cut.,270,Dimensions: Varied (Small/Compact) | Weight: < 1 kg | Material: Medical Grade
73,"NovaBio Tech, Phase 8, Industrial Area, Mohali, Punjab",Licence no: IMP/MD/2018/00631 Issued on: 03-JAN-2018,"Surgical Scalpel, class type: Class A",Used for tissue separation and other procedures that require a sharp surgical blade to puncture or cut.,Scalp-Max,Scalp-3484,SLA - Maharashtra,,"Legal Manufacturing Site : NovaBio Tech Unit, Punjab",Used for tissue separation and other procedures that require a sharp surgical blade to puncture or cut.,160,Dimensions: Varied (Small/Compact) | Weight: < 1 kg | Material: Medical Grade
74,"Quantum Care Co., Jubilee Hills, Hyderabad, Telangana",Licence no: MFG/MD/2020/00434 Issued on: 14-FEB-2020,"Surgical Sutures, class type: Class C",For use in general soft tissue approximation and/or ligation.,Suture-Basic,Suture-5006,SLA - Gujarat,,"Legal Manufacturing Site : Quantum Care Co. Unit, Telangana",For use in general soft tissue approximation and/or ligation.,520,Dimensions: Varied (Small/Compact) | Weight: < 1 kg | Material: Medical Grade
75,"MediCorp India Pvt Ltd, Cyber City, Phase 2, Gurgaon, Haryana",Licence no: IMP/MD/2022/00223 Issued on: 26-JUL-2022,"Surgical Sutures, class type: Class C",For use in general soft tissue approximation and/or ligation.,Suture-Max,Suture-2278B,SLA - Karnataka,,"Legal Manufacturing Site : MediCorp India Pvt Ltd Unit, Haryana",For use in general soft tissue approximation and/or ligation.,400,Dimensions: Varied (Small/Compact) | Weight: < 1 kg | Material: Medical Grade
76,"MediCorp India Pvt Ltd, Cyber City, Phase 2, Gurgaon, Haryana",Licence no: MFG/MD/2024/00949 Issued on: 02-AUG-2024,"Surgical Sutures, class type: Class C",For use in general soft tissue approximation and/or ligation.,Suture-Max,Suture-9324X,SLA - Gujarat,,"Legal Manufacturing Site : MediCorp India Pvt Ltd Unit, Haryana",For use in general soft tissue approximation and/or ligation.,690,Dimensions: Varied (Small/Compact) | Weight: < 1 kg | Material: Medical Grade
77,"Global Health Solutions, Plot 45, Industrial Area, Peenya, Bangalore",Licence no: MFG/MD/2019/00858 Issued on: 12-MAY-2019,"Surgical Sutures, class type: Class C",For use in general soft tissue approximation and/or ligation.,Suture-Advance,Suture-9165B,SLA - Gujarat,,"Legal Manufacturing Site : Global Health Solutions Unit, Bangalore",For use in general soft tissue approximation and/or ligation.,360,Dimensions: Varied (Small/Compact) | Weight: < 1 kg | Material: Medical Grade
78,"Apex Surgical Imports, 12, GIDC, Makarpura, Vadodara, Gujarat",Licence no: MFG/MD/2023/00348 Issued on: 24-JAN-2023,"Surgical Sutures, class type: Class C",For use in general soft tissue approximation and/or ligation.,Suture-Ultra,Suture-9403A,SLA - Gujarat,,"Legal Manufacturing Site : Apex Surgical Imports Unit, Gujarat",For use in general soft tissue approximation and/or ligation.,780,Dimensions: Varied (Small/Compact) | Weight: < 1 kg | Material: Medical Grade
79,"LifeCare Innovations, Tech Park, OMR, Chennai, Tamil Nadu",Licence no: MFG/MD/2022/00192 Issued on: 03-APR-2022,"Surgical Sutures, class type: Class C",For use in general soft tissue approximation and/or ligation.,Suture-Pro,Suture-3688X,SLA - Tamil Nadu,,"Legal Manufacturing Site : LifeCare Innovations Unit, Tamil Nadu",For use in general soft tissue approximation and/or ligation.,990,Dimensions: Varied (Small/Compact) | Weight: < 1 kg | Material: Medical Grade
80,"MediCorp India Pvt Ltd, Cyber City, Phase 2, Gurgaon, Haryana",Licence no: IMP/MD/2021/00733 Issued on: 17-NOV-2021,"Surgical Sutures, class type: Class C",For use in general soft tissue approximation and/or ligation.,Suture-Advance,Suture-6347,SLA - Tamil Nadu,,"Legal Manufacturing Site : MediCorp India Pvt Ltd Unit, Haryana",For use in general soft tissue approximation and/or ligation.,830,Dimensions: Varied (Small/Compact) | Weight: < 1 kg | Material: Medical Grade
81,"NovaBio Tech, Phase 8, Industrial Area, Mohali, Punjab",Licence no: IMP/MD/2023/00347 Issued on: 22-OCT-2023,"Surgical Sutures, class type: Class C",For use in general soft tissue approximation and/or ligation.,Suture-Pro,Suture-8759A,SLA - Maharashtra,,"Legal Manufacturing Site : NovaBio Tech Unit, Punjab",For use in general soft tissue approximation and/or ligation.,210,Dimensions: Varied (Small/Compact) | Weight: < 1 kg | Material: Medical Grade
82,"Spark Peripheral Technologies, Shop 1, Moolchand Market, New Delhi",Licence no: IMP/MD/2024/00903 Issued on: 26-AUG-2024,"Surgical Sutures, class type: Class C",For use in general soft tissue approximation and/or ligation.,Suture-X,Suture-5687,SLA - Gujarat,,"Legal Manufacturing Site : Spark Peripheral Technologies Unit, New Delhi",For use in general soft tissue approximation and/or ligation.,580,Dimensions: Varied (Small/Compact) | Weight: < 1 kg | Material: Medical Grade
83,"Apex Surgical Imports, 12, GIDC, Makarpura, Vadodara, Gujarat",Licence no: IMP/MD/2018/00214 Issued on: 10-MAR-2018,"Surgical Sutures, class type: Class C",For use in general soft tissue approximation and/or ligation.,Suture-Elite,Suture-5688X,SLA - Maharashtra,,"Legal Manufacturing Site : Apex Surgical Imports Unit, Gujarat",For use in general soft tissue approximation and/or ligation.,900,Dimensions: Varied (Small/Compact) | Weight: < 1 kg | Material: Medical Grade
84,"Quantum Care Co., Jubilee Hills, Hyderabad, Telangana",Licence no: IMP/MD/2023/00977 Issued on: 20-FEB-2023,"Surgical Sutures, class type: Class C",For use in general soft tissue approximation and/or ligation.,Suture-Elite,Suture-9988X,CLA - CDSCO,,"Legal Manufacturing Site : Quantum Care Co. Unit, Telangana",For use in general soft tissue approximation and/or ligation.,640,Dimensions: Varied (Small/Compact) | Weight: < 1 kg | Material: Medical Grade
85,"Pioneer Health Systems, Sector V, Salt Lake, Kolkata, West Bengal",Licence no: IMP/MD/2023/00201 Issued on: 01-NOV-2023,"Ultrasound Diagnostic System, class type: Class B",Diagnostic imaging technique based on the application of ultrasound.,Ultra-X,Ultra-9248,CLA - CDSCO,,"Legal Manufacturing Site : Pioneer Health Systems Unit, West Bengal",Diagnostic imaging technique based on the application of ultrasound.,2210000,Dimensions: 120 x 80 x 150 cm | Weight: ~80-150 kg | Power: 220V AC
86,"Global Health Solutions, Plot 45, Industrial Area, Peenya, Bangalore",Licence no: IMP/MD/2019/00563 Issued on: 16-JUN-2019,"Ultrasound Diagnostic System, class type: Class B",Diagnostic imaging technique based on the application of ultrasound.,Ultra-Elite,Ultra-6312,SLA - Gujarat,,"Legal Manufacturing Site : Global Health Solutions Unit, Bangalore",Diagnostic imaging technique based on the application of ultrasound.,1320000,Dimensions: 120 x 80 x 150 cm | Weight: ~80-150 kg | Power: 220V AC
87,"NovaBio Tech, Phase 8, Industrial Area, Mohali, Punjab",Licence no: MFG/MD/2020/00406 Issued on: 27-MAR-2020,"Ultrasound Diagnostic System, class type: Class B",Diagnostic imaging technique based on the application of ultrasound.,Ultra-Plus,Ultra-9253B,SLA - Gujarat,,"Legal Manufacturing Site : NovaBio Tech Unit, Punjab",Diagnostic imaging technique based on the application of ultrasound.,2920000,Dimensions: 120 x 80 x 150 cm | Weight: ~80-150 kg | Power: 220V AC
88,"Apex Surgical Imports, 12, GIDC, Makarpura, Vadodara, Gujarat",Licence no: IMP/MD/2021/00258 Issued on: 23-OCT-2021,"Ultrasound Diagnostic System, class type: Class B",Diagnostic imaging technique based on the application of ultrasound.,Ultra-Plus,Ultra-4479,CLA - CDSCO,,"Legal Manufacturing Site : Apex Surgical Imports Unit, Gujarat",Diagnostic imaging technique based on the application of ultrasound.,1180000,Dimensions: 120 x 80 x 150 cm | Weight: ~80-150 kg | Power: 220V AC
89,"Global Health Solutions, Plot 45, Industrial Area, Peenya, Bangalore",Licence no: MFG/MD/2024/00151 Issued on: 08-FEB-2024,"Ultrasound Diagnostic System, class type: Class B",Diagnostic imaging technique based on the application of ultrasound.,Ultra-Advance,Ultra-1112X,SLA - Gujarat,,"Legal Manufacturing Site : Global Health Solutions Unit, Bangalore",Diagnostic imaging technique based on the application of ultrasound.,2370000,Dimensions: 120 x 80 x 150 cm | Weight: ~80-150 kg | Power: 220V AC
90,"Zenith Medical Devices, Tower B, BKC, Bandra East, Mumbai, Maharashtra",Licence no: IMP/MD/2022/00434 Issued on: 05-JUN-2022,"Ultrasound Diagnostic System, class type: Class B",Diagnostic imaging technique based on the application of ultrasound.,Ultra-Advance,Ultra-8929,SLA - Delhi,,"Legal Manufacturing Site : Zenith Medical Devices Unit, Maharashtra",Diagnostic imaging technique based on the application of ultrasound.,2570000,Dimensions: 120 x 80 x 150 cm | Weight: ~80-150 kg | Power: 220V AC
91,"Apex Surgical Imports, 12, GIDC, Makarpura, Vadodara, Gujarat",Licence no: MFG/MD/2018/00987 Issued on: 12-OCT-2018,"Ultrasound Diagnostic System, class type: Class B",Diagnostic imaging technique based on the application of ultrasound.,Ultra-Advance,Ultra-9918,SLA - Karnataka,,"Legal Manufacturing Site : Apex Surgical Imports Unit, Gujarat",Diagnostic imaging technique based on the application of ultrasound.,850000,Dimensions: 120 x 80 x 150 cm | Weight: ~80-150 kg | Power: 220V AC
92,"LifeCare Innovations, Tech Park, OMR, Chennai, Tamil Nadu",Licence no: MFG/MD/2019/00764 Issued on: 02-SEP-2019,"Ultrasound Diagnostic System, class type: Class B",Diagnostic imaging technique based on the application of ultrasound.,Ultra-Pro,Ultra-8112A,SLA - Karnataka,,"Legal Manufacturing Site : LifeCare Innovations Unit, Tamil Nadu",Diagnostic imaging technique based on the application of ultrasound.,1090000,Dimensions: 120 x 80 x 150 cm | Weight: ~80-150 kg | Power: 220V AC
93,"Quantum Care Co., Jubilee Hills, Hyderabad, Telangana",Licence no: IMP/MD/2023/00910 Issued on: 21-DEC-2023,"Ultrasound Diagnostic System, class type: Class B",Diagnostic imaging technique based on the application of ultrasound.,Ultra-Ultra,Ultra-2302B,CLA - CDSCO,,"Legal Manufacturing Site : Quantum Care Co. Unit, Telangana",Diagnostic imaging technique based on the application of ultrasound.,1530000,Dimensions: 120 x 80 x 150 cm | Weight: ~80-150 kg | Power: 220V AC
94,"LifeCare Innovations, Tech Park, OMR, Chennai, Tamil Nadu",Licence no: IMP/MD/2020/00195 Issued on: 23-JUN-2020,"Ultrasound Diagnostic System, class type: Class B",Diagnostic imaging technique based on the application of ultrasound.,Ultra-Pro,Ultra-8888B,SLA - Maharashtra,,"Legal Manufacturing Site : LifeCare Innovations Unit, Tamil Nadu",Diagnostic imaging technique based on the application of ultrasound.,2560000,Dimensions: 120 x 80 x 150 cm | Weight: ~80-150 kg | Power: 220V AC
95,"Zenith Medical Devices, Tower B, BKC, Bandra East, Mumbai, Maharashtra",Licence no: MFG/MD/2024/00164 Issued on: 25-JUL-2024,"Ultrasound Diagnostic System, class type: Class B",Diagnostic imaging technique based on the application of ultrasound.,Ultra-X,Ultra-4025X,SLA - Tamil Nadu,,"Legal Manufacturing Site : Zenith Medical Devices Unit, Maharashtra",Diagnostic imaging technique based on the application of ultrasound.,1540000,Dimensions: 120 x 80 x 150 cm | Weight: ~80-150 kg | Power: 220V AC
96,"Spark Peripheral Technologies, Shop 1, Moolchand Market, New Delhi",Licence no: MFG/MD/2023/00115 Issued on: 17-MAY-2023,"Ventilator, class type: Class C",Provides mechanical ventilation by moving breathable air into and out of the lungs.,Vent-Pro,Vent-8420,SLA - Maharashtra,,"Legal Manufacturing Site : Spark Peripheral Technologies Unit, New Delhi",Provides mechanical ventilation by moving breathable air into and out of the lungs.,910000,Dimensions: Standard | Weight: Varies | Refer to manual for specs
97,"Global Health Solutions, Plot 45, Industrial Area, Peenya, Bangalore",Licence no: IMP/MD/2022/00116 Issued on: 03-JUN-2022,"Ventilator, class type: Class C",Provides mechanical ventilation by moving breathable air into and out of the lungs.,Vent-X,Vent-2427A,CLA - CDSCO,,"Legal Manufacturing Site : Global Health Solutions Unit, Bangalore",Provides mechanical ventilation by moving breathable air into and out of the lungs.,1740000,Dimensions: Standard | Weight: Varies | Refer to manual for specs
98,"Pioneer Health Systems, Sector V, Salt Lake, Kolkata, West Bengal",Licence no: MFG/MD/2021/00709 Issued on: 12-NOV-2021,"Ventilator, class type: Class C",Provides mechanical ventilation by moving breathable air into and out of the lungs.,Vent-Advance,Vent-6631B,CLA - CDSCO,,"Legal Manufacturing Site : Pioneer Health Systems Unit, West Bengal",Provides mechanical ventilation by moving breathable air into and out of the lungs.,1710000,Dimensions: Standard | Weight: Varies | Refer to manual for specs
99,"Quantum Care Co., Jubilee Hills, Hyderabad, Telangana",Licence no: IMP/MD/2019/00555 Issued on: 14-MAY-2019,"Ventilator, class type: Class C",Provides mechanical ventilation by moving breathable air into and out of the lungs.,Vent-Ultra,Vent-6237X,SLA - Telangana,,"Legal Manufacturing Site : Quantum Care Co. Unit, Telangana",Provides mechanical ventilation by moving breathable air into and out of the lungs.,1290000,Dimensions: Standard | Weight: Varies | Refer to manual for specs
100,"Pioneer Health Systems, Sector V, Salt Lake, Kolkata, West Bengal",Licence no: MFG/MD/2022/00961 Issued on: 23-AUG-2022,"Ventilator, class type: Class C",Provides mechanical ventilation by moving breathable air into and out of the lungs.,Vent-Advance,Vent-7636B,CLA - CDSCO,,"Legal Manufacturing Site : Pioneer Health Systems Unit, West Bengal",Provides mechanical ventilation by moving breathable air into and out of the lungs.,1930000,Dimensions: Standard | Weight: Varies | Refer to manual for specs
101,"Astra Medical Supplies, Ring Road, Surat, Gujarat",Licence no: IMP/MD/2020/00138 Issued on: 18-JUN-2020,"Automated Urine Analyzer, class type: Class B",Performs automatic testing of urine samples to detect anomalies like proteins or glucose.,UroScan-Basic,UroScan-1507A,SLA - Delhi,,"Legal Manufacturing Site : Astra Medical Supplies Unit, Gujarat",Performs automatic testing of urine samples to detect anomalies like proteins or glucose.,180000,Dimensions: 120 x 80 x 150 cm | Weight: ~80-150 kg | Power: 220V AC
102,"Astra Medical Supplies, Ring Road, Surat, Gujarat",Licence no: MFG/MD/2021/00506 Issued on: 08-MAR-2021,"Automated Urine Analyzer, class type: Class B",Performs automatic testing of urine samples to detect anomalies like proteins or glucose.,UroScan-Advance,UroScan-3967X,SLA - Tamil Nadu,,"Legal Manufacturing Site : Astra Medical Supplies Unit, Gujarat",Performs automatic testing of urine samples to detect anomalies like proteins or glucose.,87000,Dimensions: 120 x 80 x 150 cm | Weight: ~80-150 kg | Power: 220V AC
103,"NovaBio Tech, Phase 8, Industrial Area, Mohali, Punjab",Licence no: IMP/MD/2020/00289 Issued on: 07-MAR-2020,"Biochemistry Analyzer, class type: Class C",Measures chemical components in blood and other body fluids for diagnostic purposes.,BioChemPro-Max,BioChemPro-9071B,SLA - Karnataka,,"Legal Manufacturing Site : NovaBio Tech Unit, Punjab",Measures chemical components in blood and other body fluids for diagnostic purposes.,260000,Dimensions: 120 x 80 x 150 cm | Weight: ~80-150 kg | Power: 220V AC
104,"Astra Medical Supplies, Ring Road, Surat, Gujarat",Licence no: MFG/MD/2020/00286 Issued on: 17-AUG-2020,"Biochemistry Analyzer, class type: Class C",Measures chemical components in blood and other body fluids for diagnostic purposes.,BioChemPro-Pro,BioChemPro-4489X,SLA - Karnataka,,"Legal Manufacturing Site : Astra Medical Supplies Unit, Gujarat",Measures chemical components in blood and other body fluids for diagnostic purposes.,940000,Dimensions: 120 x 80 x 150 cm | Weight: ~80-150 kg | Power: 220V AC
105,"Pioneer Health Systems, Sector V, Salt Lake, Kolkata, West Bengal",Licence no: MFG/MD/2020/00938 Issued on: 08-SEP-2020,"Biochemistry Analyzer, class type: Class C",Measures chemical components in blood and other body fluids for diagnostic purposes.,BioChemPro-Plus,BioChemPro-3561,CLA - CDSCO,,"Legal Manufacturing Site : Pioneer Health Systems Unit, West Bengal",Measures chemical components in blood and other body fluids for diagnostic purposes.,950000,Dimensions: 120 x 80 x 150 cm | Weight: ~80-150 kg | Power: 220V AC
106,"Zenith Medical Devices, Tower B, BKC, Bandra East, Mumbai, Maharashtra",Licence no: MFG/MD/2023/00682 Issued on: 01-OCT-2023,"Biochemistry Analyzer, class type: Class C",Measures chemical components in blood and other body fluids for diagnostic purposes.,BioChemPro-Max,BioChemPro-1849A,SLA - Gujarat,,"Legal Manufacturing Site : Zenith Medical Devices Unit, Maharashtra",Measures chemical components in blood and other body fluids for diagnostic purposes.,1310000,Dimensions: 120 x 80 x 150 cm | Weight: ~80-150 kg | Power: 220V AC
107,"Spark Peripheral Technologies, Shop 1, Moolchand Market, New Delhi",Licence no: IMP/MD/2024/00758 Issued on: 05-OCT-2024,"Biochemistry Analyzer, class type: Class C",Measures chemical components in blood and other body fluids for diagnostic purposes.,BioChemPro-Ultra,BioChemPro-7328X,SLA - Telangana,,"Legal Manufacturing Site : Spark Peripheral Technologies Unit, New Delhi",Measures chemical components in blood and other body fluids for diagnostic purposes.,610000,Dimensions: 120 x 80 x 150 cm | Weight: ~80-150 kg | Power: 220V AC
108,"Apex Surgical Imports, 12, GIDC, Makarpura, Vadodara, Gujarat",Licence no: IMP/MD/2019/00385 Issued on: 14-NOV-2019,"Biochemistry Analyzer, class type: Class C",Measures chemical components in blood and other body fluids for diagnostic purposes.,BioChemPro-Max,BioChemPro-6444X,SLA - Telangana,,"Legal Manufacturing Site : Apex Surgical Imports Unit, Gujarat",Measures chemical components in blood and other body fluids for diagnostic purposes.,460000,Dimensions: 120 x 80 x 150 cm | Weight: ~80-150 kg | Power: 220V AC
109,"Global Health Solutions, Plot 45, Industrial Area, Peenya, Bangalore",Licence no: IMP/MD/2019/00318 Issued on: 07-MAY-2019,"Biochemistry Analyzer, class type: Class C",Measures chemical components in blood and other body fluids for diagnostic purposes.,BioChemPro-Basic,BioChemPro-6718X,SLA - Telangana,,"Legal Manufacturing Site : Global Health Solutions Unit, Bangalore",Measures chemical components in blood and other body fluids for diagnostic purposes.,310000,Dimensions: 120 x 80 x 150 cm | Weight: ~80-150 kg | Power: 220V AC
110,"Global Health Solutions, Plot 45, Industrial Area, Peenya, Bangalore",Licence no: MFG/MD/2023/00701 Issued on: 21-OCT-2023,"Biochemistry Analyzer, class type: Class C",Measures chemical components in blood and other body fluids for diagnostic purposes.,BioChemPro-Advance,BioChemPro-7455X,SLA - Telangana,,"Legal Manufacturing Site : Global Health Solutions Unit, Bangalore",Measures chemical components in blood and other body fluids for diagnostic purposes.,610000,Dimensions: 120 x 80 x 150 cm | Weight: ~80-150 kg | Power: 220V AC
111,"Zenith Medical Devices, Tower B, BKC, Bandra East, Mumbai, Maharashtra",Licence no: MFG/MD/2024/00476 Issued on: 01-FEB-2024,"Biochemistry Analyzer, class type: Class C",Measures chemical components in blood and other body fluids for diagnostic purposes.,BioChemPro-Ultra,BioChemPro-1637X,SLA - Karnataka,,"Legal Manufacturing Site : Zenith Medical Devices Unit, Maharashtra",Measures chemical components in blood and other body fluids for diagnostic purposes.,420000,Dimensions: 120 x 80 x 150 cm | Weight: ~80-150 kg | Power: 220V AC
112,"Spark Peripheral Technologies, Shop 1, Moolchand Market, New Delhi",Licence no: MFG/MD/2021/00828 Issued on: 19-JUN-2021,"Biochemistry Analyzer, class type: Class C",Measures chemical components in blood and other body fluids for diagnostic purposes.,BioChemPro-Max,BioChemPro-4090B,SLA - Delhi,,"Legal Manufacturing Site : Spark Peripheral Technologies Unit, New Delhi",Measures chemical components in blood and other body fluids for diagnostic purposes.,1230000,Dimensions: 120 x 80 x 150 cm | Weight: ~80-150 kg | Power: 220V AC
113,"NovaBio Tech, Phase 8, Industrial Area, Mohali, Punjab",Licence no: MFG/MD/2019/00850 Issued on: 17-OCT-2019,"Biological Safety Cabinet, class type: Class B",Provides a sterile workspace and protects laboratory personnel from biohazards.,SafeFlow-Elite,SafeFlow-9252A,SLA - Maharashtra,,"Legal Manufacturing Site : NovaBio Tech Unit, Punjab",Provides a sterile workspace and protects laboratory personnel from biohazards.,150000,Dimensions: 120 x 80 x 150 cm | Weight: ~80-150 kg | Power: 220V AC
114,"Spark Peripheral Technologies, Shop 1, Moolchand Market, New Delhi",Licence no: IMP/MD/2019/00884 Issued on: 22-MAY-2019,"Biological Safety Cabinet, class type: Class B",Provides a sterile workspace and protects laboratory personnel from biohazards.,SafeFlow-Advance,SafeFlow-9844,SLA - Maharashtra,,"Legal Manufacturing Site : Spark Peripheral Technologies Unit, New Delhi",Provides a sterile workspace and protects laboratory personnel from biohazards.,180000,Dimensions: 120 x 80 x 150 cm | Weight: ~80-150 kg | Power: 220V AC
115,"Pioneer Health Systems, Sector V, Salt Lake, Kolkata, West Bengal",Licence no: IMP/MD/2018/00737 Issued on: 16-OCT-2018,"Biological Safety Cabinet, class type: Class B",Provides a sterile workspace and protects laboratory personnel from biohazards.,SafeFlow-Elite,SafeFlow-7557X,SLA - Tamil Nadu,,"Legal Manufacturing Site : Pioneer Health Systems Unit, West Bengal",Provides a sterile workspace and protects laboratory personnel from biohazards.,190000,Dimensions: 120 x 80 x 150 cm | Weight: ~80-150 kg | Power: 220V AC
116,"Zenith Medical Devices, Tower B, BKC, Bandra East, Mumbai, Maharashtra",Licence no: MFG/MD/2021/00136 Issued on: 28-AUG-2021,"Biological Safety Cabinet, class type: Class B",Provides a sterile workspace and protects laboratory personnel from biohazards.,SafeFlow-Advance,SafeFlow-6312B,SLA - Telangana,,"Legal Manufacturing Site : Zenith Medical Devices Unit, Maharashtra",Provides a sterile workspace and protects laboratory personnel from biohazards.,140000,Dimensions: 120 x 80 x 150 cm | Weight: ~80-150 kg | Power: 220V AC
117,"Global Health Solutions, Plot 45, Industrial Area, Peenya, Bangalore",Licence no: IMP/MD/2023/00989 Issued on: 10-NOV-2023,"Biological Safety Cabinet, class type: Class B",Provides a sterile workspace and protects laboratory personnel from biohazards.,SafeFlow-Ultra,SafeFlow-3777B,SLA - Gujarat,,"Legal Manufacturing Site : Global Health Solutions Unit, Bangalore",Provides a sterile workspace and protects laboratory personnel from biohazards.,220000,Dimensions: 120 x 80 x 150 cm | Weight: ~80-150 kg | Power: 220V AC
118,"Zenith Medical Devices, Tower B, BKC, Bandra East, Mumbai, Maharashtra",Licence no: MFG/MD/2019/00418 Issued on: 27-MAR-2019,"Biological Safety Cabinet, class type: Class B",Provides a sterile workspace and protects laboratory personnel from biohazards.,SafeFlow-X,SafeFlow-4544,SLA - Gujarat,,"Legal Manufacturing Site : Zenith Medical Devices Unit, Maharashtra",Provides a sterile workspace and protects laboratory personnel from biohazards.,320000,Dimensions: 120 x 80 x 150 cm | Weight: ~80-150 kg | Power: 220V AC
119,"Pioneer Health Systems, Sector V, Salt Lake, Kolkata, West Bengal",Licence no: MFG/MD/2022/00604 Issued on: 05-APR-2022,"Blood Bank Refrigerator, class type: Class B","Provides safe and convenient storage of whole blood, blood components, and reagents.",ColdBlood-Advance,ColdBlood-8366,SLA - Karnataka,,"Legal Manufacturing Site : Pioneer Health Systems Unit, West Bengal","Provides safe and convenient storage of whole blood, blood components, and reagents.",260000,Dimensions: 120 x 80 x 150 cm | Weight: ~80-150 kg | Power: 220V AC
120,"Spark Peripheral Technologies, Shop 1, Moolchand Market, New Delhi",Licence no: IMP/MD/2020/00657 Issued on: 21-JUN-2020,"Blood Bank Refrigerator, class type: Class B","Provides safe and convenient storage of whole blood, blood components, and reagents.",ColdBlood-Plus,ColdBlood-4634X,SLA - Telangana,,"Legal Manufacturing Site : Spark Peripheral Technologies Unit, New Delhi","Provides safe and convenient storage of whole blood, blood components, and reagents.",270000,Dimensions: 120 x 80 x 150 cm | Weight: ~80-150 kg | Power: 220V AC
121,"Spark Peripheral Technologies, Shop 1, Moolchand Market, New Delhi",Licence no: IMP/MD/2021/00726 Issued on: 25-MAR-2021,"Blood Bank Refrigerator, class type: Class B","Provides safe and convenient storage of whole blood, blood components, and reagents.",ColdBlood-Advance,ColdBlood-8649B,SLA - Telangana,,"Legal Manufacturing Site : Spark Peripheral Technologies Unit, New Delhi","Provides safe and convenient storage of whole blood, blood components, and reagents.",280000,Dimensions: 120 x 80 x 150 cm | Weight: ~80-150 kg | Power: 220V AC
122,"Apex Surgical Imports, 12, GIDC, Makarpura, Vadodara, Gujarat",Licence no: IMP/MD/2020/00949 Issued on: 13-OCT-2020,"Blood Bank Refrigerator, class type: Class B","Provides safe and convenient storage of whole blood, blood components, and reagents.",ColdBlood-Max,ColdBlood-8072,SLA - Karnataka,,"Legal Manufacturing Site : Apex Surgical Imports Unit, Gujarat","Provides safe and convenient storage of whole blood, blood components, and reagents.",110000,Dimensions: 120 x 80 x 150 cm | Weight: ~80-150 kg | Power: 220V AC
123,"Pioneer Health Systems, Sector V, Salt Lake, Kolkata, West Bengal",Licence no: MFG/MD/2020/00159 Issued on: 28-NOV-2020,"Coagulation Analyzer, class type: Class C",Tests the clotting ability of blood to diagnose bleeding or clotting disorders.,ClotCheck-Advance,ClotCheck-3148A,SLA - Delhi,,"Legal Manufacturing Site : Pioneer Health Systems Unit, West Bengal",Tests the clotting ability of blood to diagnose bleeding or clotting disorders.,230000,Dimensions: 120 x 80 x 150 cm | Weight: ~80-150 kg | Power: 220V AC
124,"MediCorp India Pvt Ltd, Cyber City, Phase 2, Gurgaon, Haryana",Licence no: IMP/MD/2022/00604 Issued on: 28-JUN-2022,"Coagulation Analyzer, class type: Class C",Tests the clotting ability of blood to diagnose bleeding or clotting disorders.,ClotCheck-Plus,ClotCheck-1211X,CLA - CDSCO,,"Legal Manufacturing Site : MediCorp India Pvt Ltd Unit, Haryana",Tests the clotting ability of blood to diagnose bleeding or clotting disorders.,220000,Dimensions: 120 x 80 x 150 cm | Weight: ~80-150 kg | Power: 220V AC
125,"Global Health Solutions, Plot 45, Industrial Area, Peenya, Bangalore",Licence no: IMP/MD/2024/00338 Issued on: 16-JAN-2024,"Coagulation Analyzer, class type: Class C",Tests the clotting ability of blood to diagnose bleeding or clotting disorders.,ClotCheck-Pro,ClotCheck-1519,SLA - Telangana,,"Legal Manufacturing Site : Global Health Solutions Unit, Bangalore",Tests the clotting ability of blood to diagnose bleeding or clotting disorders.,350000,Dimensions: 120 x 80 x 150 cm | Weight: ~80-150 kg | Power: 220V AC
126,"Astra Medical Supplies, Ring Road, Surat, Gujarat",Licence no: MFG/MD/2019/00849 Issued on: 14-NOV-2019,"Coagulation Analyzer, class type: Class C",Tests the clotting ability of blood to diagnose bleeding or clotting disorders.,ClotCheck-X,ClotCheck-7748,SLA - Tamil Nadu,,"Legal Manufacturing Site : Astra Medical Supplies Unit, Gujarat",Tests the clotting ability of blood to diagnose bleeding or clotting disorders.,490000,Dimensions: 120 x 80 x 150 cm | Weight: ~80-150 kg | Power: 220V AC
127,"Pioneer Health Systems, Sector V, Salt Lake, Kolkata, West Bengal",Licence no: IMP/MD/2021/00270 Issued on: 07-APR-2021,"Coagulation Analyzer, class type: Class C",Tests the clotting ability of blood to diagnose bleeding or clotting disorders.,ClotCheck-X,ClotCheck-9740A,CLA - CDSCO,,"Legal Manufacturing Site : Pioneer Health Systems Unit, West Bengal",Tests the clotting ability of blood to diagnose bleeding or clotting disorders.,450000,Dimensions: 120 x 80 x 150 cm | Weight: ~80-150 kg | Power: 220V AC
128,"LifeCare Innovations, Tech Park, OMR, Chennai, Tamil Nadu",Licence no: MFG/MD/2019/00131 Issued on: 20-JUN-2019,"Coagulation Analyzer, class type: Class C",Tests the clotting ability of blood to diagnose bleeding or clotting disorders.,ClotCheck-Elite,ClotCheck-2129A,CLA - CDSCO,,"Legal Manufacturing Site : LifeCare Innovations Unit, Tamil Nadu",Tests the clotting ability of blood to diagnose bleeding or clotting disorders.,400000,Dimensions: 120 x 80 x 150 cm | Weight: ~80-150 kg | Power: 220V AC
129,"Apex Surgical Imports, 12, GIDC, Makarpura, Vadodara, Gujarat",Licence no: IMP/MD/2018/00104 Issued on: 14-MAR-2018,"Coagulation Analyzer, class type: Class C",Tests the clotting ability of blood to diagnose bleeding or clotting disorders.,ClotCheck-Advance,ClotCheck-2426X,CLA - CDSCO,,"Legal Manufacturing Site : Apex Surgical Imports Unit, Gujarat",Tests the clotting ability of blood to diagnose bleeding or clotting disorders.,530000,Dimensions: 120 x 80 x 150 cm | Weight: ~80-150 kg | Power: 220V AC
130,"Spark Peripheral Technologies, Shop 1, Moolchand Market, New Delhi",Licence no: MFG/MD/2023/00167 Issued on: 16-SEP-2023,"Coagulation Analyzer, class type: Class C",Tests the clotting ability of blood to diagnose bleeding or clotting disorders.,ClotCheck-Elite,ClotCheck-4460A,SLA - Delhi,,"Legal Manufacturing Site : Spark Peripheral Technologies Unit, New Delhi",Tests the clotting ability of blood to diagnose bleeding or clotting disorders.,350000,Dimensions: 120 x 80 x 150 cm | Weight: ~80-150 kg | Power: 220V AC
131,"Quantum Care Co., Jubilee Hills, Hyderabad, Telangana",Licence no: MFG/MD/2019/00563 Issued on: 02-AUG-2019,"Coagulation Analyzer, class type: Class C",Tests the clotting ability of blood to diagnose bleeding or clotting disorders.,ClotCheck-Max,ClotCheck-6570B,SLA - Delhi,,"Legal Manufacturing Site : Quantum Care Co. Unit, Telangana",Tests the clotting ability of blood to diagnose bleeding or clotting disorders.,190000,Dimensions: 120 x 80 x 150 cm | Weight: ~80-150 kg | Power: 220V AC
132,"Zenith Medical Devices, Tower B, BKC, Bandra East, Mumbai, Maharashtra",Licence no: MFG/MD/2020/00233 Issued on: 19-NOV-2020,"Coagulation Analyzer, class type: Class C",Tests the clotting ability of blood to diagnose bleeding or clotting disorders.,ClotCheck-Advance,ClotCheck-4329A,SLA - Gujarat,,"Legal Manufacturing Site : Zenith Medical Devices Unit, Maharashtra",Tests the clotting ability of blood to diagnose bleeding or clotting disorders.,590000,Dimensions: 120 x 80 x 150 cm | Weight: ~80-150 kg | Power: 220V AC
133,"Spark Peripheral Technologies, Shop 1, Moolchand Market, New Delhi",Licence no: MFG/MD/2019/00449 Issued on: 06-AUG-2019,"Coagulation Analyzer, class type: Class C",Tests the clotting ability of blood to diagnose bleeding or clotting disorders.,ClotCheck-Elite,ClotCheck-4153A,SLA - Karnataka,,"Legal Manufacturing Site : Spark Peripheral Technologies Unit, New Delhi",Tests the clotting ability of blood to diagnose bleeding or clotting disorders.,600000,Dimensions: 120 x 80 x 150 cm | Weight: ~80-150 kg | Power: 220V AC
134,"Spark Peripheral Technologies, Shop 1, Moolchand Market, New Delhi",Licence no: IMP/MD/2021/00621 Issued on: 10-DEC-2021,"Coagulation Analyzer, class type: Class C",Tests the clotting ability of blood to diagnose bleeding or clotting disorders.,ClotCheck-Plus,ClotCheck-1570B,SLA - Delhi,,"Legal Manufacturing Site : Spark Peripheral Technologies Unit, New Delhi",Tests the clotting ability of blood to diagnose bleeding or clotting disorders.,650000,Dimensions: 120 x 80 x 150 cm | Weight: ~80-150 kg | Power: 220V AC
135,"Astra Medical Supplies, Ring Road, Surat, Gujarat",Licence no: MFG/MD/2020/00487 Issued on: 27-OCT-2020,"Coagulation Analyzer, class type: Class C",Tests the clotting ability of blood to diagnose bleeding or clotting disorders.,ClotCheck-Elite,ClotCheck-1810B,SLA - Tamil Nadu,,"Legal Manufacturing Site : Astra Medical Supplies Unit, Gujarat",Tests the clotting ability of blood to diagnose bleeding or clotting disorders.,510000,Dimensions: 120 x 80 x 150 cm | Weight: ~80-150 kg | Power: 220V AC
136,"Spark Peripheral Technologies, Shop 1, Moolchand Market, New Delhi",Licence no: MFG/MD/2024/00514 Issued on: 21-NOV-2024,"ELISA Microplate Reader, class type: Class B","Detects and quantifies antibodies, proteins, or hormones in a biological sample.",ImmunoRead-Ultra,ImmunoRead-9705B,SLA - Tamil Nadu,,"Legal Manufacturing Site : Spark Peripheral Technologies Unit, New Delhi","Detects and quantifies antibodies, proteins, or hormones in a biological sample.",480000,Dimensions: Varied (Small/Compact) | Weight: < 1 kg | Material: Medical Grade
137,"Spark Peripheral Technologies, Shop 1, Moolchand Market, New Delhi",Licence no: IMP/MD/2023/00333 Issued on: 19-OCT-2023,"ELISA Microplate Reader, class type: Class B","Detects and quantifies antibodies, proteins, or hormones in a biological sample.",ImmunoRead-X,ImmunoRead-2455X,SLA - Tamil Nadu,,"Legal Manufacturing Site : Spark Peripheral Technologies Unit, New Delhi","Detects and quantifies antibodies, proteins, or hormones in a biological sample.",440000,Dimensions: Varied (Small/Compact) | Weight: < 1 kg | Material: Medical Grade
138,"LifeCare Innovations, Tech Park, OMR, Chennai, Tamil Nadu",Licence no: IMP/MD/2018/00311 Issued on: 25-APR-2018,"ELISA Microplate Reader, class type: Class B","Detects and quantifies antibodies, proteins, or hormones in a biological sample.",ImmunoRead-Plus,ImmunoRead-6001X,SLA - Karnataka,,"Legal Manufacturing Site : LifeCare Innovations Unit, Tamil Nadu","Detects and quantifies antibodies, proteins, or hormones in a biological sample.",490000,Dimensions: Varied (Small/Compact) | Weight: < 1 kg | Material: Medical Grade
139,"Astra Medical Supplies, Ring Road, Surat, Gujarat",Licence no: MFG/MD/2019/00150 Issued on: 17-MAR-2019,"ELISA Microplate Reader, class type: Class B","Detects and quantifies antibodies, proteins, or hormones in a biological sample.",ImmunoRead-Elite,ImmunoRead-9234,SLA - Delhi,,"Legal Manufacturing Site : Astra Medical Supplies Unit, Gujarat","Detects and quantifies antibodies, proteins, or hormones in a biological sample.",260000,Dimensions: Varied (Small/Compact) | Weight: < 1 kg | Material: Medical Grade
140,"Zenith Medical Devices, Tower B, BKC, Bandra East, Mumbai, Maharashtra",Licence no: MFG/MD/2022/00103 Issued on: 22-JUL-2022,"ELISA Microplate Reader, class type: Class B","Detects and quantifies antibodies, proteins, or hormones in a biological sample.",ImmunoRead-Ultra,ImmunoRead-7888,CLA - CDSCO,,"Legal Manufacturing Site : Zenith Medical Devices Unit, Maharashtra","Detects and quantifies antibodies, proteins, or hormones in a biological sample.",450000,Dimensions: Varied (Small/Compact) | Weight: < 1 kg | Material: Medical Grade
141,"Zenith Medical Devices, Tower B, BKC, Bandra East, Mumbai, Maharashtra",Licence no: IMP/MD/2022/00774 Issued on: 27-JAN-2022,"Hematology Analyzer, class type: Class C",Used to conduct complete blood counts (CBC) and analyze blood cells.,HemaCell-X,HemaCell-6625A,CLA - CDSCO,,"Legal Manufacturing Site : Zenith Medical Devices Unit, Maharashtra",Used to conduct complete blood counts (CBC) and analyze blood cells.,620000,Dimensions: 120 x 80 x 150 cm | Weight: ~80-150 kg | Power: 220V AC
142,"Pioneer Health Systems, Sector V, Salt Lake, Kolkata, West Bengal",Licence no: MFG/MD/2019/00158 Issued on: 15-APR-2019,"Hematology Analyzer, class type: Class C",Used to conduct complete blood counts (CBC) and analyze blood cells.,HemaCell-Pro,HemaCell-9776X,SLA - Karnataka,,"Legal Manufacturing Site : Pioneer Health Systems Unit, West Bengal",Used to conduct complete blood counts (CBC) and analyze blood cells.,1070000,Dimensions: 120 x 80 x 150 cm | Weight: ~80-150 kg | Power: 220V AC
143,"Astra Medical Supplies, Ring Road, Surat, Gujarat",Licence no: IMP/MD/2019/00877 Issued on: 07-JAN-2019,"Hematology Analyzer, class type: Class C",Used to conduct complete blood counts (CBC) and analyze blood cells.,HemaCell-Plus,HemaCell-5393A,CLA - CDSCO,,"Legal Manufacturing Site : Astra Medical Supplies Unit, Gujarat",Used to conduct complete blood counts (CBC) and analyze blood cells.,1100000,Dimensions: 120 x 80 x 150 cm | Weight: ~80-150 kg | Power: 220V AC
144,"Astra Medical Supplies, Ring Road, Surat, Gujarat",Licence no: IMP/MD/2019/00555 Issued on: 02-AUG-2019,"Hematology Analyzer, class type: Class C",Used to conduct complete blood counts (CBC) and analyze blood cells.,HemaCell-Advance,HemaCell-2344,SLA - Karnataka,,"Legal Manufacturing Site : Astra Medical Supplies Unit, Gujarat",Used to conduct complete blood counts (CBC) and analyze blood cells.,1180000,Dimensions: 120 x 80 x 150 cm | Weight: ~80-150 kg | Power: 220V AC
145,"Spark Peripheral Technologies, Shop 1, Moolchand Market, New Delhi",Licence no: IMP/MD/2024/00140 Issued on: 15-APR-2024,"Hematology Analyzer, class type: Class C",Used to conduct complete blood counts (CBC) and analyze blood cells.,HemaCell-Advance,HemaCell-1477B,SLA - Telangana,,"Legal Manufacturing Site : Spark Peripheral Technologies Unit, New Delhi",Used to conduct complete blood counts (CBC) and analyze blood cells.,1190000,Dimensions: 120 x 80 x 150 cm | Weight: ~80-150 kg | Power: 220V AC
146,"Global Health Solutions, Plot 45, Industrial Area, Peenya, Bangalore",Licence no: IMP/MD/2020/00227 Issued on: 09-SEP-2020,"Hematology Analyzer, class type: Class C",Used to conduct complete blood counts (CBC) and analyze blood cells.,HemaCell-Elite,HemaCell-9502,CLA - CDSCO,,"Legal Manufacturing Site : Global Health Solutions Unit, Bangalore",Used to conduct complete blood counts (CBC) and analyze blood cells.,620000,Dimensions: 120 x 80 x 150 cm | Weight: ~80-150 kg | Power: 220V AC
147,"Zenith Medical Devices, Tower B, BKC, Bandra East, Mumbai, Maharashtra",Licence no: MFG/MD/2019/00180 Issued on: 09-JAN-2019,"Incubator (Laboratory), class type: Class B","Maintains optimal temperature, humidity, and CO2 conditions for growing microbiological cultures.",CultureBox-Pro,CultureBox-1359B,SLA - Karnataka,,"Legal Manufacturing Site : Zenith Medical Devices Unit, Maharashtra","Maintains optimal temperature, humidity, and CO2 conditions for growing microbiological cultures.",130000,Dimensions: 120 x 80 x 150 cm | Weight: ~80-150 kg | Power: 220V AC
148,"Astra Medical Supplies, Ring Road, Surat, Gujarat",Licence no: MFG/MD/2019/00891 Issued on: 02-JUL-2019,"Incubator (Laboratory), class type: Class B","Maintains optimal temperature, humidity, and CO2 conditions for growing microbiological cultures.",CultureBox-Ultra,CultureBox-7555B,SLA - Telangana,,"Legal Manufacturing Site : Astra Medical Supplies Unit, Gujarat","Maintains optimal temperature, humidity, and CO2 conditions for growing microbiological cultures.",120000,Dimensions: 120 x 80 x 150 cm | Weight: ~80-150 kg | Power: 220V AC
149,"MediCorp India Pvt Ltd, Cyber City, Phase 2, Gurgaon, Haryana",Licence no: IMP/MD/2020/00374 Issued on: 22-DEC-2020,"Incubator (Laboratory), class type: Class B","Maintains optimal temperature, humidity, and CO2 conditions for growing microbiological cultures.",CultureBox-Basic,CultureBox-7190B,SLA - Karnataka,,"Legal Manufacturing Site : MediCorp India Pvt Ltd Unit, Haryana","Maintains optimal temperature, humidity, and CO2 conditions for growing microbiological cultures.",130000,Dimensions: 120 x 80 x 150 cm | Weight: ~80-150 kg | Power: 220V AC
150,"Quantum Care Co., Jubilee Hills, Hyderabad, Telangana",Licence no: IMP/MD/2022/00931 Issued on: 02-NOV-2022,"Incubator (Laboratory), class type: Class B","Maintains optimal temperature, humidity, and CO2 conditions for growing microbiological cultures.",CultureBox-Advance,CultureBox-3767X,SLA - Maharashtra,,"Legal Manufacturing Site : Quantum Care Co. Unit, Telangana","Maintains optimal temperature, humidity, and CO2 conditions for growing microbiological cultures.",86000,Dimensions: 120 x 80 x 150 cm | Weight: ~80-150 kg | Power: 220V AC
151,"LifeCare Innovations, Tech Park, OMR, Chennai, Tamil Nadu",Licence no: MFG/MD/2019/00229 Issued on: 20-OCT-2019,"Incubator (Laboratory), class type: Class B","Maintains optimal temperature, humidity, and CO2 conditions for growing microbiological cultures.",CultureBox-Advance,CultureBox-4326,SLA - Tamil Nadu,,"Legal Manufacturing Site : LifeCare Innovations Unit, Tamil Nadu","Maintains optimal temperature, humidity, and CO2 conditions for growing microbiological cultures.",120000,Dimensions: 120 x 80 x 150 cm | Weight: ~80-150 kg | Power: 220V AC
152,"Pioneer Health Systems, Sector V, Salt Lake, Kolkata, West Bengal",Licence no: IMP/MD/2019/00683 Issued on: 26-MAR-2019,"Incubator (Laboratory), class type: Class B","Maintains optimal temperature, humidity, and CO2 conditions for growing microbiological cultures.",CultureBox-Max,CultureBox-1337X,CLA - CDSCO,,"Legal Manufacturing Site : Pioneer Health Systems Unit, West Bengal","Maintains optimal temperature, humidity, and CO2 conditions for growing microbiological cultures.",95000,Dimensions: 120 x 80 x 150 cm | Weight: ~80-150 kg | Power: 220V AC
153,"Quantum Care Co., Jubilee Hills, Hyderabad, Telangana",Licence no: IMP/MD/2024/00701 Issued on: 22-JAN-2024,"Incubator (Laboratory), class type: Class B","Maintains optimal temperature, humidity, and CO2 conditions for growing microbiological cultures.",CultureBox-Pro,CultureBox-4465,SLA - Gujarat,,"Legal Manufacturing Site : Quantum Care Co. Unit, Telangana","Maintains optimal temperature, humidity, and CO2 conditions for growing microbiological cultures.",150000,Dimensions: 120 x 80 x 150 cm | Weight: ~80-150 kg | Power: 220V AC
154,"MediCorp India Pvt Ltd, Cyber City, Phase 2, Gurgaon, Haryana",Licence no: IMP/MD/2018/00314 Issued on: 25-FEB-2018,"Incubator (Laboratory), class type: Class B","Maintains optimal temperature, humidity, and CO2 conditions for growing microbiological cultures.",CultureBox-Basic,CultureBox-6916A,SLA - Delhi,,"Legal Manufacturing Site : MediCorp India Pvt Ltd Unit, Haryana","Maintains optimal temperature, humidity, and CO2 conditions for growing microbiological cultures.",99000,Dimensions: 120 x 80 x 150 cm | Weight: ~80-150 kg | Power: 220V AC
155,"MediCorp India Pvt Ltd, Cyber City, Phase 2, Gurgaon, Haryana",Licence no: MFG/MD/2024/00266 Issued on: 24-APR-2024,"Incubator (Laboratory), class type: Class B","Maintains optimal temperature, humidity, and CO2 conditions for growing microbiological cultures.",CultureBox-Elite,CultureBox-6653B,SLA - Delhi,,"Legal Manufacturing Site : MediCorp India Pvt Ltd Unit, Haryana","Maintains optimal temperature, humidity, and CO2 conditions for growing microbiological cultures.",74000,Dimensions: 120 x 80 x 150 cm | Weight: ~80-150 kg | Power: 220V AC
156,"Spark Peripheral Technologies, Shop 1, Moolchand Market, New Delhi",Licence no: MFG/MD/2024/00528 Issued on: 27-OCT-2024,"Laboratory Centrifuge Tubes, class type: Class A",Sterile tubes used to hold liquids during high-speed centrifugation.,SpinTube-Basic,SpinTube-7478X,SLA - Tamil Nadu,,"Legal Manufacturing Site : Spark Peripheral Technologies Unit, New Delhi",Sterile tubes used to hold liquids during high-speed centrifugation.,1100,Dimensions: 120 x 80 x 150 cm | Weight: ~80-150 kg | Power: 220V AC
157,"Spark Peripheral Technologies, Shop 1, Moolchand Market, New Delhi",Licence no: IMP/MD/2018/00268 Issued on: 25-JUN-2018,"Laboratory Centrifuge Tubes, class type: Class A",Sterile tubes used to hold liquids during high-speed centrifugation.,SpinTube-Pro,SpinTube-9206,SLA - Gujarat,,"Legal Manufacturing Site : Spark Peripheral Technologies Unit, New Delhi",Sterile tubes used to hold liquids during high-speed centrifugation.,1900,Dimensions: 120 x 80 x 150 cm | Weight: ~80-150 kg | Power: 220V AC
158,"Pioneer Health Systems, Sector V, Salt Lake, Kolkata, West Bengal",Licence no: IMP/MD/2020/00937 Issued on: 01-AUG-2020,"Laboratory Centrifuge Tubes, class type: Class A",Sterile tubes used to hold liquids during high-speed centrifugation.,SpinTube-Advance,SpinTube-8705X,SLA - Telangana,,"Legal Manufacturing Site : Pioneer Health Systems Unit, West Bengal",Sterile tubes used to hold liquids during high-speed centrifugation.,750,Dimensions: 120 x 80 x 150 cm | Weight: ~80-150 kg | Power: 220V AC
159,"LifeCare Innovations, Tech Park, OMR, Chennai, Tamil Nadu",Licence no: IMP/MD/2018/00497 Issued on: 26-JAN-2018,"Laboratory Centrifuge Tubes, class type: Class A",Sterile tubes used to hold liquids during high-speed centrifugation.,SpinTube-Advance,SpinTube-9377,SLA - Telangana,,"Legal Manufacturing Site : LifeCare Innovations Unit, Tamil Nadu",Sterile tubes used to hold liquids during high-speed centrifugation.,770,Dimensions: 120 x 80 x 150 cm | Weight: ~80-150 kg | Power: 220V AC
160,"LifeCare Innovations, Tech Park, OMR, Chennai, Tamil Nadu",Licence no: IMP/MD/2023/00573 Issued on: 17-JUL-2023,"Laboratory Centrifuge Tubes, class type: Class A",Sterile tubes used to hold liquids during high-speed centrifugation.,SpinTube-Pro,SpinTube-3816B,SLA - Maharashtra,,"Legal Manufacturing Site : LifeCare Innovations Unit, Tamil Nadu",Sterile tubes used to hold liquids during high-speed centrifugation.,1400,Dimensions: 120 x 80 x 150 cm | Weight: ~80-150 kg | Power: 220V AC
161,"Zenith Medical Devices, Tower B, BKC, Bandra East, Mumbai, Maharashtra",Licence no: MFG/MD/2023/00210 Issued on: 17-APR-2023,"Laboratory Centrifuge Tubes, class type: Class A",Sterile tubes used to hold liquids during high-speed centrifugation.,SpinTube-Basic,SpinTube-5473A,SLA - Delhi,,"Legal Manufacturing Site : Zenith Medical Devices Unit, Maharashtra",Sterile tubes used to hold liquids during high-speed centrifugation.,2000,Dimensions: 120 x 80 x 150 cm | Weight: ~80-150 kg | Power: 220V AC
162,"Quantum Care Co., Jubilee Hills, Hyderabad, Telangana",Licence no: IMP/MD/2023/00192 Issued on: 14-NOV-2023,"Laboratory Centrifuge Tubes, class type: Class A",Sterile tubes used to hold liquids during high-speed centrifugation.,SpinTube-X,SpinTube-8019,CLA - CDSCO,,"Legal Manufacturing Site : Quantum Care Co. Unit, Telangana",Sterile tubes used to hold liquids during high-speed centrifugation.,920,Dimensions: 120 x 80 x 150 cm | Weight: ~80-150 kg | Power: 220V AC
163,"NovaBio Tech, Phase 8, Industrial Area, Mohali, Punjab",Licence no: IMP/MD/2019/00344 Issued on: 28-JUL-2019,"Laboratory Centrifuge Tubes, class type: Class A",Sterile tubes used to hold liquids during high-speed centrifugation.,SpinTube-Ultra,SpinTube-2745A,SLA - Gujarat,,"Legal Manufacturing Site : NovaBio Tech Unit, Punjab",Sterile tubes used to hold liquids during high-speed centrifugation.,820,Dimensions: 120 x 80 x 150 cm | Weight: ~80-150 kg | Power: 220V AC
164,"Astra Medical Supplies, Ring Road, Surat, Gujarat",Licence no: MFG/MD/2023/00182 Issued on: 02-JAN-2023,"Laboratory Microscope (Binocular), class type: Class B",Optical instrument used for viewing biological samples at high magnification.,MicroOptic-Advance,MicroOptic-9355,SLA - Gujarat,,"Legal Manufacturing Site : Astra Medical Supplies Unit, Gujarat",Optical instrument used for viewing biological samples at high magnification.,38000,Dimensions: 30 x 20 x 15 cm | Weight: ~2-10 kg | Power: 110V/220V AC or Battery
165,"Astra Medical Supplies, Ring Road, Surat, Gujarat",Licence no: MFG/MD/2018/00300 Issued on: 27-SEP-2018,"Laboratory Microscope (Binocular), class type: Class B",Optical instrument used for viewing biological samples at high magnification.,MicroOptic-Max,MicroOptic-8520A,SLA - Maharashtra,,"Legal Manufacturing Site : Astra Medical Supplies Unit, Gujarat",Optical instrument used for viewing biological samples at high magnification.,86000,Dimensions: 30 x 20 x 15 cm | Weight: ~2-10 kg | Power: 110V/220V AC or Battery
166,"Astra Medical Supplies, Ring Road, Surat, Gujarat",Licence no: IMP/MD/2020/00129 Issued on: 10-SEP-2020,"Laboratory Microscope (Binocular), class type: Class B",Optical instrument used for viewing biological samples at high magnification.,MicroOptic-Plus,MicroOptic-1871X,SLA - Tamil Nadu,,"Legal Manufacturing Site : Astra Medical Supplies Unit, Gujarat",Optical instrument used for viewing biological samples at high magnification.,25000,Dimensions: 30 x 20 x 15 cm | Weight: ~2-10 kg | Power: 110V/220V AC or Battery
167,"Astra Medical Supplies, Ring Road, Surat, Gujarat",Licence no: IMP/MD/2024/00663 Issued on: 22-APR-2024,"Laboratory Microscope (Binocular), class type: Class B",Optical instrument used for viewing biological samples at high magnification.,MicroOptic-Max,MicroOptic-1755,SLA - Maharashtra,,"Legal Manufacturing Site : Astra Medical Supplies Unit, Gujarat",Optical instrument used for viewing biological samples at high magnification.,23000,Dimensions: 30 x 20 x 15 cm | Weight: ~2-10 kg | Power: 110V/220V AC or Battery
168,"Pioneer Health Systems, Sector V, Salt Lake, Kolkata, West Bengal",Licence no: IMP/MD/2021/00231 Issued on: 13-FEB-2021,"Laboratory Microscope (Binocular), class type: Class B",Optical instrument used for viewing biological samples at high magnification.,MicroOptic-X,MicroOptic-1570B,SLA - Maharashtra,,"Legal Manufacturing Site : Pioneer Health Systems Unit, West Bengal",Optical instrument used for viewing biological samples at high magnification.,35000,Dimensions: 30 x 20 x 15 cm | Weight: ~2-10 kg | Power: 110V/220V AC or Battery
169,"LifeCare Innovations, Tech Park, OMR, Chennai, Tamil Nadu",Licence no: IMP/MD/2022/00496 Issued on: 12-NOV-2022,"Laboratory Microscope (Binocular), class type: Class B",Optical instrument used for viewing biological samples at high magnification.,MicroOptic-Elite,MicroOptic-5797A,SLA - Karnataka,,"Legal Manufacturing Site : LifeCare Innovations Unit, Tamil Nadu",Optical instrument used for viewing biological samples at high magnification.,75000,Dimensions: 30 x 20 x 15 cm | Weight: ~2-10 kg | Power: 110V/220V AC or Battery
170,"NovaBio Tech, Phase 8, Industrial Area, Mohali, Punjab",Licence no: MFG/MD/2024/00418 Issued on: 17-JUN-2024,"Laboratory Microscope (Binocular), class type: Class B",Optical instrument used for viewing biological samples at high magnification.,MicroOptic-X,MicroOptic-8138,SLA - Delhi,,"Legal Manufacturing Site : NovaBio Tech Unit, Punjab",Optical instrument used for viewing biological samples at high magnification.,35000,Dimensions: 30 x 20 x 15 cm | Weight: ~2-10 kg | Power: 110V/220V AC or Battery
171,"MediCorp India Pvt Ltd, Cyber City, Phase 2, Gurgaon, Haryana",Licence no: MFG/MD/2020/00557 Issued on: 19-DEC-2020,"Micropipette Set, class type: Class A",Precisely measures and transfers very small volumes of liquids in a lab setting.,PetiDrop-Elite,PetiDrop-3898,SLA - Gujarat,,"Legal Manufacturing Site : MediCorp India Pvt Ltd Unit, Haryana",Precisely measures and transfers very small volumes of liquids in a lab setting.,12000,Dimensions: Varied (Small/Compact) | Weight: < 1 kg | Material: Medical Grade
172,"Pioneer Health Systems, Sector V, Salt Lake, Kolkata, West Bengal",Licence no: IMP/MD/2024/00444 Issued on: 04-AUG-2024,"Micropipette Set, class type: Class A",Precisely measures and transfers very small volumes of liquids in a lab setting.,PetiDrop-Basic,PetiDrop-6829A,SLA - Gujarat,,"Legal Manufacturing Site : Pioneer Health Systems Unit, West Bengal",Precisely measures and transfers very small volumes of liquids in a lab setting.,11000,Dimensions: Varied (Small/Compact) | Weight: < 1 kg | Material: Medical Grade
173,"LifeCare Innovations, Tech Park, OMR, Chennai, Tamil Nadu",Licence no: MFG/MD/2021/00318 Issued on: 11-DEC-2021,"Micropipette Set, class type: Class A",Precisely measures and transfers very small volumes of liquids in a lab setting.,PetiDrop-X,PetiDrop-8306B,SLA - Gujarat,,"Legal Manufacturing Site : LifeCare Innovations Unit, Tamil Nadu",Precisely measures and transfers very small volumes of liquids in a lab setting.,17000,Dimensions: Varied (Small/Compact) | Weight: < 1 kg | Material: Medical Grade
174,"NovaBio Tech, Phase 8, Industrial Area, Mohali, Punjab",Licence no: MFG/MD/2022/00518 Issued on: 19-MAR-2022,"Micropipette Set, class type: Class A",Precisely measures and transfers very small volumes of liquids in a lab setting.,PetiDrop-Basic,PetiDrop-6132B,SLA - Karnataka,,"Legal Manufacturing Site : NovaBio Tech Unit, Punjab",Precisely measures and transfers very small volumes of liquids in a lab setting.,25000,Dimensions: Varied (Small/Compact) | Weight: < 1 kg | Material: Medical Grade
175,"Pioneer Health Systems, Sector V, Salt Lake, Kolkata, West Bengal",Licence no: MFG/MD/2021/00290 Issued on: 21-FEB-2021,"Microtome, class type: Class B",Cuts extremely thin slices of tissue for examination under a microscope.,TissueSlice-Elite,TissueSlice-6934A,SLA - Tamil Nadu,,"Legal Manufacturing Site : Pioneer Health Systems Unit, West Bengal",Cuts extremely thin slices of tissue for examination under a microscope.,150000,Dimensions: Standard | Weight: Varies | Refer to manual for specs
176,"MediCorp India Pvt Ltd, Cyber City, Phase 2, Gurgaon, Haryana",Licence no: MFG/MD/2023/00989 Issued on: 04-APR-2023,"Microtome, class type: Class B",Cuts extremely thin slices of tissue for examination under a microscope.,TissueSlice-Pro,TissueSlice-9011A,CLA - CDSCO,,"Legal Manufacturing Site : MediCorp India Pvt Ltd Unit, Haryana",Cuts extremely thin slices of tissue for examination under a microscope.,150000,Dimensions: Standard | Weight: Varies | Refer to manual for specs
177,"Quantum Care Co., Jubilee Hills, Hyderabad, Telangana",Licence no: MFG/MD/2019/00347 Issued on: 13-JUL-2019,"Microtome, class type: Class B",Cuts extremely thin slices of tissue for examination under a microscope.,TissueSlice-Advance,TissueSlice-3342A,SLA - Maharashtra,,"Legal Manufacturing Site : Quantum Care Co. Unit, Telangana",Cuts extremely thin slices of tissue for examination under a microscope.,350000,Dimensions: Standard | Weight: Varies | Refer to manual for specs
178,"Astra Medical Supplies, Ring Road, Surat, Gujarat",Licence no: IMP/MD/2020/00695 Issued on: 15-SEP-2020,"Microtome, class type: Class B",Cuts extremely thin slices of tissue for examination under a microscope.,TissueSlice-Ultra,TissueSlice-3447,SLA - Maharashtra,,"Legal Manufacturing Site : Astra Medical Supplies Unit, Gujarat",Cuts extremely thin slices of tissue for examination under a microscope.,300000,Dimensions: Standard | Weight: Varies | Refer to manual for specs
179,"MediCorp India Pvt Ltd, Cyber City, Phase 2, Gurgaon, Haryana",Licence no: IMP/MD/2019/00257 Issued on: 08-AUG-2019,"Microtome, class type: Class B",Cuts extremely thin slices of tissue for examination under a microscope.,TissueSlice-X,TissueSlice-9571A,SLA - Maharashtra,,"Legal Manufacturing Site : MediCorp India Pvt Ltd Unit, Haryana",Cuts extremely thin slices of tissue for examination under a microscope.,180000,Dimensions: Standard | Weight: Varies | Refer to manual for specs
180,"Quantum Care Co., Jubilee Hills, Hyderabad, Telangana",Licence no: IMP/MD/2018/00998 Issued on: 12-JUL-2018,"Microtome, class type: Class B",Cuts extremely thin slices of tissue for examination under a microscope.,TissueSlice-Plus,TissueSlice-6689,SLA - Maharashtra,,"Legal Manufacturing Site : Quantum Care Co. Unit, Telangana",Cuts extremely thin slices of tissue for examination under a microscope.,300000,Dimensions: Standard | Weight: Varies | Refer to manual for specs
181,"Apex Surgical Imports, 12, GIDC, Makarpura, Vadodara, Gujarat",Licence no: IMP/MD/2018/00334 Issued on: 11-SEP-2018,"Microtome, class type: Class B",Cuts extremely thin slices of tissue for examination under a microscope.,TissueSlice-Advance,TissueSlice-4923B,CLA - CDSCO,,"Legal Manufacturing Site : Apex Surgical Imports Unit, Gujarat",Cuts extremely thin slices of tissue for examination under a microscope.,170000,Dimensions: Standard | Weight: Varies | Refer to manual for specs
182,"LifeCare Innovations, Tech Park, OMR, Chennai, Tamil Nadu",Licence no: MFG/MD/2019/00747 Issued on: 14-OCT-2019,"Microtome, class type: Class B",Cuts extremely thin slices of tissue for examination under a microscope.,TissueSlice-Max,TissueSlice-4661B,SLA - Delhi,,"Legal Manufacturing Site : LifeCare Innovations Unit, Tamil Nadu",Cuts extremely thin slices of tissue for examination under a microscope.,170000,Dimensions: Standard | Weight: Varies | Refer to manual for specs
183,"LifeCare Innovations, Tech Park, OMR, Chennai, Tamil Nadu",Licence no: IMP/MD/2021/00207 Issued on: 12-MAR-2021,"PCR Thermal Cycler, class type: Class B",Amplifies segments of DNA via the polymerase chain reaction for genetic testing.,GeneAmp-Basic,GeneAmp-4522X,SLA - Maharashtra,,"Legal Manufacturing Site : LifeCare Innovations Unit, Tamil Nadu",Amplifies segments of DNA via the polymerase chain reaction for genetic testing.,230000,Dimensions: Standard | Weight: Varies | Refer to manual for specs
184,"Spark Peripheral Technologies, Shop 1, Moolchand Market, New Delhi",Licence no: MFG/MD/2023/00405 Issued on: 25-FEB-2023,"PCR Thermal Cycler, class type: Class B",Amplifies segments of DNA via the polymerase chain reaction for genetic testing.,GeneAmp-Elite,GeneAmp-9283A,SLA - Maharashtra,,"Legal Manufacturing Site : Spark Peripheral Technologies Unit, New Delhi",Amplifies segments of DNA via the polymerase chain reaction for genetic testing.,690000,Dimensions: Standard | Weight: Varies | Refer to manual for specs
185,"NovaBio Tech, Phase 8, Industrial Area, Mohali, Punjab",Licence no: IMP/MD/2023/00187 Issued on: 12-NOV-2023,"PCR Thermal Cycler, class type: Class B",Amplifies segments of DNA via the polymerase chain reaction for genetic testing.,GeneAmp-Elite,GeneAmp-4934X,SLA - Tamil Nadu,,"Legal Manufacturing Site : NovaBio Tech Unit, Punjab",Amplifies segments of DNA via the polymerase chain reaction for genetic testing.,610000,Dimensions: Standard | Weight: Varies | Refer to manual for specs
186,"Global Health Solutions, Plot 45, Industrial Area, Peenya, Bangalore",Licence no: IMP/MD/2020/00961 Issued on: 10-MAY-2020,"Pathology Tissue Processor, class type: Class B",Prepares tissue samples for sectioning by dehydrating and embedding them in wax.,TissuePrep-X,TissuePrep-7664,SLA - Gujarat,,"Legal Manufacturing Site : Global Health Solutions Unit, Bangalore",Prepares tissue samples for sectioning by dehydrating and embedding them in wax.,790000,Dimensions: Standard | Weight: Varies | Refer to manual for specs
187,"Quantum Care Co., Jubilee Hills, Hyderabad, Telangana",Licence no: IMP/MD/2022/00540 Issued on: 11-DEC-2022,"Pathology Tissue Processor, class type: Class B",Prepares tissue samples for sectioning by dehydrating and embedding them in wax.,TissuePrep-Max,TissuePrep-6858X,SLA - Karnataka,,"Legal Manufacturing Site : Quantum Care Co. Unit, Telangana",Prepares tissue samples for sectioning by dehydrating and embedding them in wax.,500000,Dimensions: Standard | Weight: Varies | Refer to manual for specs
188,"MediCorp India Pvt Ltd, Cyber City, Phase 2, Gurgaon, Haryana",Licence no: IMP/MD/2019/00694 Issued on: 17-NOV-2019,"Pathology Tissue Processor, class type: Class B",Prepares tissue samples for sectioning by dehydrating and embedding them in wax.,TissuePrep-X,TissuePrep-4530X,SLA - Delhi,,"Legal Manufacturing Site : MediCorp India Pvt Ltd Unit, Haryana",Prepares tissue samples for sectioning by dehydrating and embedding them in wax.,570000,Dimensions: Standard | Weight: Varies | Refer to manual for specs
189,"Apex Surgical Imports, 12, GIDC, Makarpura, Vadodara, Gujarat",Licence no: MFG/MD/2020/00426 Issued on: 28-AUG-2020,"Pathology Tissue Processor, class type: Class B",Prepares tissue samples for sectioning by dehydrating and embedding them in wax.,TissuePrep-Advance,TissuePrep-7090B,SLA - Karnataka,,"Legal Manufacturing Site : Apex Surgical Imports Unit, Gujarat",Prepares tissue samples for sectioning by dehydrating and embedding them in wax.,650000,Dimensions: Standard | Weight: Varies | Refer to manual for specs
190,"Pioneer Health Systems, Sector V, Salt Lake, Kolkata, West Bengal",Licence no: MFG/MD/2023/00262 Issued on: 10-NOV-2023,"Pathology Tissue Processor, class type: Class B",Prepares tissue samples for sectioning by dehydrating and embedding them in wax.,TissuePrep-Plus,TissuePrep-6447,SLA - Delhi,,"Legal Manufacturing Site : Pioneer Health Systems Unit, West Bengal",Prepares tissue samples for sectioning by dehydrating and embedding them in wax.,760000,Dimensions: Standard | Weight: Varies | Refer to manual for specs
191,"LifeCare Innovations, Tech Park, OMR, Chennai, Tamil Nadu",Licence no: IMP/MD/2024/00446 Issued on: 17-SEP-2024,"Pathology Tissue Processor, class type: Class B",Prepares tissue samples for sectioning by dehydrating and embedding them in wax.,TissuePrep-Elite,TissuePrep-7362,SLA - Maharashtra,,"Legal Manufacturing Site : LifeCare Innovations Unit, Tamil Nadu",Prepares tissue samples for sectioning by dehydrating and embedding them in wax.,350000,Dimensions: Standard | Weight: Varies | Refer to manual for specs
192,"Spark Peripheral Technologies, Shop 1, Moolchand Market, New Delhi",Licence no: IMP/MD/2021/00335 Issued on: 06-JAN-2021,"Pathology Tissue Processor, class type: Class B",Prepares tissue samples for sectioning by dehydrating and embedding them in wax.,TissuePrep-Advance,TissuePrep-7715B,SLA - Telangana,,"Legal Manufacturing Site : Spark Peripheral Technologies Unit, New Delhi",Prepares tissue samples for sectioning by dehydrating and embedding them in wax.,730000,Dimensions: Standard | Weight: Varies | Refer to manual for specs
193,"Global Health Solutions, Plot 45, Industrial Area, Peenya, Bangalore",Licence no: MFG/MD/2023/00925 Issued on: 22-AUG-2023,"Spectrophotometer, class type: Class B",Measures the intensity of light absorbed after it passes through a sample solution.,SpectraLab-Pro,SpectraLab-1720B,CLA - CDSCO,,"Legal Manufacturing Site : Global Health Solutions Unit, Bangalore",Measures the intensity of light absorbed after it passes through a sample solution.,180000,Dimensions: Standard | Weight: Varies | Refer to manual for specs
194,"Pioneer Health Systems, Sector V, Salt Lake, Kolkata, West Bengal",Licence no: IMP/MD/2019/00828 Issued on: 02-DEC-2019,"Spectrophotometer, class type: Class B",Measures the intensity of light absorbed after it passes through a sample solution.,SpectraLab-Advance,SpectraLab-4022,SLA - Telangana,,"Legal Manufacturing Site : Pioneer Health Systems Unit, West Bengal",Measures the intensity of light absorbed after it passes through a sample solution.,160000,Dimensions: Standard | Weight: Varies | Refer to manual for specs
195,"Spark Peripheral Technologies, Shop 1, Moolchand Market, New Delhi",Licence no: MFG/MD/2021/00967 Issued on: 01-JAN-2021,"Spectrophotometer, class type: Class B",Measures the intensity of light absorbed after it passes through a sample solution.,SpectraLab-Basic,SpectraLab-5173B,SLA - Maharashtra,,"Legal Manufacturing Site : Spark Peripheral Technologies Unit, New Delhi",Measures the intensity of light absorbed after it passes through a sample solution.,300000,Dimensions: Standard | Weight: Varies | Refer to manual for specs
196,"Zenith Medical Devices, Tower B, BKC, Bandra East, Mumbai, Maharashtra",Licence no: IMP/MD/2023/00148 Issued on: 16-MAY-2023,"Spectrophotometer, class type: Class B",Measures the intensity of light absorbed after it passes through a sample solution.,SpectraLab-Max,SpectraLab-2871X,SLA - Tamil Nadu,,"Legal Manufacturing Site : Zenith Medical Devices Unit, Maharashtra",Measures the intensity of light absorbed after it passes through a sample solution.,280000,Dimensions: Standard | Weight: Varies | Refer to manual for specs
197,"Quantum Care Co., Jubilee Hills, Hyderabad, Telangana",Licence no: MFG/MD/2019/00653 Issued on: 16-AUG-2019,"Spectrophotometer, class type: Class B",Measures the intensity of light absorbed after it passes through a sample solution.,SpectraLab-Advance,SpectraLab-5153X,SLA - Delhi,,"Legal Manufacturing Site : Quantum Care Co. Unit, Telangana",Measures the intensity of light absorbed after it passes through a sample solution.,290000,Dimensions: Standard | Weight: Varies | Refer to manual for specs
198,"Global Health Solutions, Plot 45, Industrial Area, Peenya, Bangalore",Licence no: MFG/MD/2023/00387 Issued on: 13-NOV-2023,"Spectrophotometer, class type: Class B",Measures the intensity of light absorbed after it passes through a sample solution.,SpectraLab-Plus,SpectraLab-1440B,SLA - Delhi,,"Legal Manufacturing Site : Global Health Solutions Unit, Bangalore",Measures the intensity of light absorbed after it passes through a sample solution.,210000,Dimensions: Standard | Weight: Varies | Refer to manual for specs
199,"Apex Surgical Imports, 12, GIDC, Makarpura, Vadodara, Gujarat",Licence no: MFG/MD/2022/00574 Issued on: 23-MAY-2022,"Spectrophotometer, class type: Class B",Measures the intensity of light absorbed after it passes through a sample solution.,SpectraLab-Basic,SpectraLab-1720B,SLA - Tamil Nadu,,"Legal Manufacturing Site : Apex Surgical Imports Unit, Gujarat",Measures the intensity of light absorbed after it passes through a sample solution.,330000,Dimensions: Standard | Weight: Varies | Refer to manual for specs
200,"Quantum Care Co., Jubilee Hills, Hyderabad, Telangana",Licence no: IMP/MD/2019/00771 Issued on: 06-OCT-2019,"Spectrophotometer, class type: Class B",Measures the intensity of light absorbed after it passes through a sample solution.,SpectraLab-Max,SpectraLab-2887B,CLA - CDSCO,,"Legal Manufacturing Site : Quantum Care Co. Unit, Telangana",Measures the intensity of light absorbed after it passes through a sample solution.,100000,Dimensions: Standard | Weight: Varies | Refer to manual for specs
201,"LifeCare Innovations, Tech Park, OMR, Chennai, Tamil Nadu",Licence no: IMP/MD/2020/00910 Issued on: 15-SEP-2020,"Autoclave Sterilizer, class type: Class B",Uses high-pressure steam to sterilize surgical instruments and medical equipment.,SteriSafe-Advance,SteriSafe-7877B,SLA - Telangana,,"Legal Manufacturing Site : LifeCare Innovations Unit, Tamil Nadu",Uses high-pressure steam to sterilize surgical instruments and medical equipment.,47000,Dimensions: 30 x 20 x 15 cm | Weight: ~2-10 kg | Power: 110V/220V AC or Battery
202,"Quantum Care Co., Jubilee Hills, Hyderabad, Telangana",Licence no: MFG/MD/2024/00377 Issued on: 09-OCT-2024,"Autoclave Sterilizer, class type: Class B",Uses high-pressure steam to sterilize surgical instruments and medical equipment.,SteriSafe-Plus,SteriSafe-3743A,SLA - Maharashtra,,"Legal Manufacturing Site : Quantum Care Co. Unit, Telangana",Uses high-pressure steam to sterilize surgical instruments and medical equipment.,56000,Dimensions: 30 x 20 x 15 cm | Weight: ~2-10 kg | Power: 110V/220V AC or Battery
203,"Zenith Medical Devices, Tower B, BKC, Bandra East, Mumbai, Maharashtra",Licence no: IMP/MD/2018/00219 Issued on: 25-JUL-2018,"Autoclave Sterilizer, class type: Class B",Uses high-pressure steam to sterilize surgical instruments and medical equipment.,SteriSafe-X,SteriSafe-2080A,CLA - CDSCO,,"Legal Manufacturing Site : Zenith Medical Devices Unit, Maharashtra",Uses high-pressure steam to sterilize surgical instruments and medical equipment.,70000,Dimensions: 30 x 20 x 15 cm | Weight: ~2-10 kg | Power: 110V/220V AC or Battery
204,"Global Health Solutions, Plot 45, Industrial Area, Peenya, Bangalore",Licence no: MFG/MD/2021/00185 Issued on: 03-MAR-2021,"Autoclave Sterilizer, class type: Class B",Uses high-pressure steam to sterilize surgical instruments and medical equipment.,SteriSafe-Ultra,SteriSafe-6787X,SLA - Gujarat,,"Legal Manufacturing Site : Global Health Solutions Unit, Bangalore",Uses high-pressure steam to sterilize surgical instruments and medical equipment.,220000,Dimensions: 30 x 20 x 15 cm | Weight: ~2-10 kg | Power: 110V/220V AC or Battery
205,"Global Health Solutions, Plot 45, Industrial Area, Peenya, Bangalore",Licence no: IMP/MD/2021/00900 Issued on: 23-AUG-2021,"Autoclave Sterilizer, class type: Class B",Uses high-pressure steam to sterilize surgical instruments and medical equipment.,SteriSafe-Basic,SteriSafe-8838X,SLA - Karnataka,,"Legal Manufacturing Site : Global Health Solutions Unit, Bangalore",Uses high-pressure steam to sterilize surgical instruments and medical equipment.,220000,Dimensions: 30 x 20 x 15 cm | Weight: ~2-10 kg | Power: 110V/220V AC or Battery
206,"Spark Peripheral Technologies, Shop 1, Moolchand Market, New Delhi",Licence no: IMP/MD/2020/00707 Issued on: 27-DEC-2020,"Autoclave Sterilizer, class type: Class B",Uses high-pressure steam to sterilize surgical instruments and medical equipment.,SteriSafe-X,SteriSafe-9041A,SLA - Delhi,,"Legal Manufacturing Site : Spark Peripheral Technologies Unit, New Delhi",Uses high-pressure steam to sterilize surgical instruments and medical equipment.,44000,Dimensions: 30 x 20 x 15 cm | Weight: ~2-10 kg | Power: 110V/220V AC or Battery
207,"Zenith Medical Devices, Tower B, BKC, Bandra East, Mumbai, Maharashtra",Licence no: IMP/MD/2021/00419 Issued on: 22-JUN-2021,"Autoclave Sterilizer, class type: Class B",Uses high-pressure steam to sterilize surgical instruments and medical equipment.,SteriSafe-Max,SteriSafe-4857A,SLA - Karnataka,,"Legal Manufacturing Site : Zenith Medical Devices Unit, Maharashtra",Uses high-pressure steam to sterilize surgical instruments and medical equipment.,210000,Dimensions: 30 x 20 x 15 cm | Weight: ~2-10 kg | Power: 110V/220V AC or Battery
208,"Quantum Care Co., Jubilee Hills, Hyderabad, Telangana",Licence no: MFG/MD/2020/00166 Issued on: 11-JAN-2020,"Autoclave Sterilizer, class type: Class B",Uses high-pressure steam to sterilize surgical instruments and medical equipment.,SteriSafe-Plus,SteriSafe-1699A,SLA - Telangana,,"Legal Manufacturing Site : Quantum Care Co. Unit, Telangana",Uses high-pressure steam to sterilize surgical instruments and medical equipment.,170000,Dimensions: 30 x 20 x 15 cm | Weight: ~2-10 kg | Power: 110V/220V AC or Battery
209,"Zenith Medical Devices, Tower B, BKC, Bandra East, Mumbai, Maharashtra",Licence no: MFG/MD/2021/00531 Issued on: 08-SEP-2021,"Bilirubinometer, class type: Class B",A non-invasive device used to estimate the level of bilirubin in the blood of neonates.,BiliCheck-Advance,BiliCheck-9694B,SLA - Delhi,,"Legal Manufacturing Site : Zenith Medical Devices Unit, Maharashtra",A non-invasive device used to estimate the level of bilirubin in the blood of neonates.,94000,Dimensions: Standard | Weight: Varies | Refer to manual for specs
210,"Zenith Medical Devices, Tower B, BKC, Bandra East, Mumbai, Maharashtra",Licence no: IMP/MD/2022/00640 Issued on: 04-FEB-2022,"Bilirubinometer, class type: Class B",A non-invasive device used to estimate the level of bilirubin in the blood of neonates.,BiliCheck-Elite,BiliCheck-7978A,SLA - Tamil Nadu,,"Legal Manufacturing Site : Zenith Medical Devices Unit, Maharashtra",A non-invasive device used to estimate the level of bilirubin in the blood of neonates.,74000,Dimensions: Standard | Weight: Varies | Refer to manual for specs
211,"Pioneer Health Systems, Sector V, Salt Lake, Kolkata, West Bengal",Licence no: IMP/MD/2021/00783 Issued on: 10-OCT-2021,"Bilirubinometer, class type: Class B",A non-invasive device used to estimate the level of bilirubin in the blood of neonates.,BiliCheck-Max,BiliCheck-8557A,SLA - Gujarat,,"Legal Manufacturing Site : Pioneer Health Systems Unit, West Bengal",A non-invasive device used to estimate the level of bilirubin in the blood of neonates.,95000,Dimensions: Standard | Weight: Varies | Refer to manual for specs
212,"MediCorp India Pvt Ltd, Cyber City, Phase 2, Gurgaon, Haryana",Licence no: MFG/MD/2019/00133 Issued on: 23-MAR-2019,"Cardiac Catheter, class type: Class C","A long, thin, flexible tube inserted into a blood vessel in the arm, groin, or neck and threaded to the heart.",CathLine-Plus,CathLine-3503,SLA - Gujarat,,"Legal Manufacturing Site : MediCorp India Pvt Ltd Unit, Haryana","A long, thin, flexible tube inserted into a blood vessel in the arm, groin, or neck and threaded to the heart.",12000,Dimensions: Standard | Weight: Varies | Refer to manual for specs
213,"LifeCare Innovations, Tech Park, OMR, Chennai, Tamil Nadu",Licence no: IMP/MD/2019/00251 Issued on: 21-AUG-2019,"Cardiac Catheter, class type: Class C","A long, thin, flexible tube inserted into a blood vessel in the arm, groin, or neck and threaded to the heart.",CathLine-X,CathLine-4234,SLA - Telangana,,"Legal Manufacturing Site : LifeCare Innovations Unit, Tamil Nadu","A long, thin, flexible tube inserted into a blood vessel in the arm, groin, or neck and threaded to the heart.",13000,Dimensions: Standard | Weight: Varies | Refer to manual for specs
214,"Apex Surgical Imports, 12, GIDC, Makarpura, Vadodara, Gujarat",Licence no: IMP/MD/2019/00938 Issued on: 18-AUG-2019,"Cardiac Catheter, class type: Class C","A long, thin, flexible tube inserted into a blood vessel in the arm, groin, or neck and threaded to the heart.",CathLine-Ultra,CathLine-4479A,SLA - Telangana,,"Legal Manufacturing Site : Apex Surgical Imports Unit, Gujarat","A long, thin, flexible tube inserted into a blood vessel in the arm, groin, or neck and threaded to the heart.",11000,Dimensions: Standard | Weight: Varies | Refer to manual for specs
215,"Pioneer Health Systems, Sector V, Salt Lake, Kolkata, West Bengal",Licence no: MFG/MD/2019/00919 Issued on: 05-MAR-2019,"Cardiac Catheter, class type: Class C","A long, thin, flexible tube inserted into a blood vessel in the arm, groin, or neck and threaded to the heart.",CathLine-Max,CathLine-7823A,SLA - Delhi,,"Legal Manufacturing Site : Pioneer Health Systems Unit, West Bengal","A long, thin, flexible tube inserted into a blood vessel in the arm, groin, or neck and threaded to the heart.",12000,Dimensions: Standard | Weight: Varies | Refer to manual for specs
216,"Quantum Care Co., Jubilee Hills, Hyderabad, Telangana",Licence no: IMP/MD/2023/00974 Issued on: 24-DEC-2023,"Cardiac Catheter, class type: Class C","A long, thin, flexible tube inserted into a blood vessel in the arm, groin, or neck and threaded to the heart.",CathLine-Basic,CathLine-2833X,SLA - Maharashtra,,"Legal Manufacturing Site : Quantum Care Co. Unit, Telangana","A long, thin, flexible tube inserted into a blood vessel in the arm, groin, or neck and threaded to the heart.",18000,Dimensions: Standard | Weight: Varies | Refer to manual for specs
217,"Spark Peripheral Technologies, Shop 1, Moolchand Market, New Delhi",Licence no: MFG/MD/2020/00723 Issued on: 12-DEC-2020,"Cardiac Catheter, class type: Class C","A long, thin, flexible tube inserted into a blood vessel in the arm, groin, or neck and threaded to the heart.",CathLine-Pro,CathLine-9619X,SLA - Tamil Nadu,,"Legal Manufacturing Site : Spark Peripheral Technologies Unit, New Delhi","A long, thin, flexible tube inserted into a blood vessel in the arm, groin, or neck and threaded to the heart.",6500,Dimensions: Standard | Weight: Varies | Refer to manual for specs
218,"Apex Surgical Imports, 12, GIDC, Makarpura, Vadodara, Gujarat",Licence no: IMP/MD/2024/00779 Issued on: 24-SEP-2024,"Cardiac Catheter, class type: Class C","A long, thin, flexible tube inserted into a blood vessel in the arm, groin, or neck and threaded to the heart.",CathLine-Plus,CathLine-8484B,SLA - Karnataka,,"Legal Manufacturing Site : Apex Surgical Imports Unit, Gujarat","A long, thin, flexible tube inserted into a blood vessel in the arm, groin, or neck and threaded to the heart.",28000,Dimensions: Standard | Weight: Varies | Refer to manual for specs
219,"Spark Peripheral Technologies, Shop 1, Moolchand Market, New Delhi",Licence no: IMP/MD/2019/00680 Issued on: 23-AUG-2019,"Cryosurgical Unit, class type: Class B",Uses extreme cold (liquid nitrogen or argon gas) to destroy abnormal or diseased tissue.,CryoFreeze-Advance,CryoFreeze-2725A,SLA - Gujarat,,"Legal Manufacturing Site : Spark Peripheral Technologies Unit, New Delhi",Uses extreme cold (liquid nitrogen or argon gas) to destroy abnormal or diseased tissue.,590000,Dimensions: 120 x 80 x 150 cm | Weight: ~80-150 kg | Power: 220V AC
220,"Pioneer Health Systems, Sector V, Salt Lake, Kolkata, West Bengal",Licence no: MFG/MD/2020/00198 Issued on: 19-MAR-2020,"Cryosurgical Unit, class type: Class B",Uses extreme cold (liquid nitrogen or argon gas) to destroy abnormal or diseased tissue.,CryoFreeze-Basic,CryoFreeze-5795,SLA - Tamil Nadu,,"Legal Manufacturing Site : Pioneer Health Systems Unit, West Bengal",Uses extreme cold (liquid nitrogen or argon gas) to destroy abnormal or diseased tissue.,210000,Dimensions: 120 x 80 x 150 cm | Weight: ~80-150 kg | Power: 220V AC
221,"Quantum Care Co., Jubilee Hills, Hyderabad, Telangana",Licence no: MFG/MD/2020/00436 Issued on: 12-MAR-2020,"Cryosurgical Unit, class type: Class B",Uses extreme cold (liquid nitrogen or argon gas) to destroy abnormal or diseased tissue.,CryoFreeze-Plus,CryoFreeze-6137B,SLA - Telangana,,"Legal Manufacturing Site : Quantum Care Co. Unit, Telangana",Uses extreme cold (liquid nitrogen or argon gas) to destroy abnormal or diseased tissue.,350000,Dimensions: 120 x 80 x 150 cm | Weight: ~80-150 kg | Power: 220V AC
222,"Astra Medical Supplies, Ring Road, Surat, Gujarat",Licence no: MFG/MD/2022/00609 Issued on: 13-JUL-2022,"Cryosurgical Unit, class type: Class B",Uses extreme cold (liquid nitrogen or argon gas) to destroy abnormal or diseased tissue.,CryoFreeze-Pro,CryoFreeze-1550X,SLA - Gujarat,,"Legal Manufacturing Site : Astra Medical Supplies Unit, Gujarat",Uses extreme cold (liquid nitrogen or argon gas) to destroy abnormal or diseased tissue.,410000,Dimensions: 120 x 80 x 150 cm | Weight: ~80-150 kg | Power: 220V AC
223,"LifeCare Innovations, Tech Park, OMR, Chennai, Tamil Nadu",Licence no: MFG/MD/2022/00830 Issued on: 03-JUN-2022,"Cryosurgical Unit, class type: Class B",Uses extreme cold (liquid nitrogen or argon gas) to destroy abnormal or diseased tissue.,CryoFreeze-Ultra,CryoFreeze-7005B,SLA - Tamil Nadu,,"Legal Manufacturing Site : LifeCare Innovations Unit, Tamil Nadu",Uses extreme cold (liquid nitrogen or argon gas) to destroy abnormal or diseased tissue.,320000,Dimensions: 120 x 80 x 150 cm | Weight: ~80-150 kg | Power: 220V AC
224,"NovaBio Tech, Phase 8, Industrial Area, Mohali, Punjab",Licence no: MFG/MD/2024/00579 Issued on: 16-FEB-2024,"Cryosurgical Unit, class type: Class B",Uses extreme cold (liquid nitrogen or argon gas) to destroy abnormal or diseased tissue.,CryoFreeze-Pro,CryoFreeze-2980A,SLA - Maharashtra,,"Legal Manufacturing Site : NovaBio Tech Unit, Punjab",Uses extreme cold (liquid nitrogen or argon gas) to destroy abnormal or diseased tissue.,250000,Dimensions: 120 x 80 x 150 cm | Weight: ~80-150 kg | Power: 220V AC
225,"LifeCare Innovations, Tech Park, OMR, Chennai, Tamil Nadu",Licence no: IMP/MD/2019/00999 Issued on: 24-MAR-2019,"Cryosurgical Unit, class type: Class B",Uses extreme cold (liquid nitrogen or argon gas) to destroy abnormal or diseased tissue.,CryoFreeze-Elite,CryoFreeze-7026B,SLA - Gujarat,,"Legal Manufacturing Site : LifeCare Innovations Unit, Tamil Nadu",Uses extreme cold (liquid nitrogen or argon gas) to destroy abnormal or diseased tissue.,190000,Dimensions: 120 x 80 x 150 cm | Weight: ~80-150 kg | Power: 220V AC
226,"Apex Surgical Imports, 12, GIDC, Makarpura, Vadodara, Gujarat",Licence no: MFG/MD/2021/00778 Issued on: 24-OCT-2021,"Cryosurgical Unit, class type: Class B",Uses extreme cold (liquid nitrogen or argon gas) to destroy abnormal or diseased tissue.,CryoFreeze-Pro,CryoFreeze-3649A,SLA - Karnataka,,"Legal Manufacturing Site : Apex Surgical Imports Unit, Gujarat",Uses extreme cold (liquid nitrogen or argon gas) to destroy abnormal or diseased tissue.,450000,Dimensions: 120 x 80 x 150 cm | Weight: ~80-150 kg | Power: 220V AC
227,"Zenith Medical Devices, Tower B, BKC, Bandra East, Mumbai, Maharashtra",Licence no: IMP/MD/2024/00319 Issued on: 13-OCT-2024,"Cryosurgical Unit, class type: Class B",Uses extreme cold (liquid nitrogen or argon gas) to destroy abnormal or diseased tissue.,CryoFreeze-X,CryoFreeze-5146B,SLA - Gujarat,,"Legal Manufacturing Site : Zenith Medical Devices Unit, Maharashtra",Uses extreme cold (liquid nitrogen or argon gas) to destroy abnormal or diseased tissue.,310000,Dimensions: 120 x 80 x 150 cm | Weight: ~80-150 kg | Power: 220V AC
228,"Quantum Care Co., Jubilee Hills, Hyderabad, Telangana",Licence no: MFG/MD/2022/00166 Issued on: 06-FEB-2022,"Cryosurgical Unit, class type: Class B",Uses extreme cold (liquid nitrogen or argon gas) to destroy abnormal or diseased tissue.,CryoFreeze-Basic,CryoFreeze-5424A,SLA - Tamil Nadu,,"Legal Manufacturing Site : Quantum Care Co. Unit, Telangana",Uses extreme cold (liquid nitrogen or argon gas) to destroy abnormal or diseased tissue.,350000,Dimensions: 120 x 80 x 150 cm | Weight: ~80-150 kg | Power: 220V AC
229,"Spark Peripheral Technologies, Shop 1, Moolchand Market, New Delhi",Licence no: MFG/MD/2024/00927 Issued on: 13-JAN-2024,"Defibrillator Electrodes, class type: Class B",Pads applied to the patient's chest to deliver an electrical shock from a defibrillator.,ShockPad-Max,ShockPad-6355X,SLA - Tamil Nadu,,"Legal Manufacturing Site : Spark Peripheral Technologies Unit, New Delhi",Pads applied to the patient's chest to deliver an electrical shock from a defibrillator.,1600,Dimensions: 30 x 20 x 15 cm | Weight: ~2-10 kg | Power: 110V/220V AC or Battery
230,"Pioneer Health Systems, Sector V, Salt Lake, Kolkata, West Bengal",Licence no: IMP/MD/2021/00205 Issued on: 21-APR-2021,"Defibrillator Electrodes, class type: Class B",Pads applied to the patient's chest to deliver an electrical shock from a defibrillator.,ShockPad-Max,ShockPad-1739,SLA - Gujarat,,"Legal Manufacturing Site : Pioneer Health Systems Unit, West Bengal",Pads applied to the patient's chest to deliver an electrical shock from a defibrillator.,3600,Dimensions: 30 x 20 x 15 cm | Weight: ~2-10 kg | Power: 110V/220V AC or Battery
231,"Pioneer Health Systems, Sector V, Salt Lake, Kolkata, West Bengal",Licence no: IMP/MD/2019/00598 Issued on: 20-SEP-2019,"Defibrillator Electrodes, class type: Class B",Pads applied to the patient's chest to deliver an electrical shock from a defibrillator.,ShockPad-Ultra,ShockPad-9926B,SLA - Maharashtra,,"Legal Manufacturing Site : Pioneer Health Systems Unit, West Bengal",Pads applied to the patient's chest to deliver an electrical shock from a defibrillator.,3700,Dimensions: 30 x 20 x 15 cm | Weight: ~2-10 kg | Power: 110V/220V AC or Battery
232,"Global Health Solutions, Plot 45, Industrial Area, Peenya, Bangalore",Licence no: MFG/MD/2021/00945 Issued on: 02-MAY-2021,"Defibrillator Electrodes, class type: Class B",Pads applied to the patient's chest to deliver an electrical shock from a defibrillator.,ShockPad-Elite,ShockPad-9309X,SLA - Karnataka,,"Legal Manufacturing Site : Global Health Solutions Unit, Bangalore",Pads applied to the patient's chest to deliver an electrical shock from a defibrillator.,3000,Dimensions: 30 x 20 x 15 cm | Weight: ~2-10 kg | Power: 110V/220V AC or Battery
233,"Apex Surgical Imports, 12, GIDC, Makarpura, Vadodara, Gujarat",Licence no: MFG/MD/2024/00718 Issued on: 16-JUN-2024,"Defibrillator Electrodes, class type: Class B",Pads applied to the patient's chest to deliver an electrical shock from a defibrillator.,ShockPad-Plus,ShockPad-3227A,SLA - Tamil Nadu,,"Legal Manufacturing Site : Apex Surgical Imports Unit, Gujarat",Pads applied to the patient's chest to deliver an electrical shock from a defibrillator.,3100,Dimensions: 30 x 20 x 15 cm | Weight: ~2-10 kg | Power: 110V/220V AC or Battery
234,"Zenith Medical Devices, Tower B, BKC, Bandra East, Mumbai, Maharashtra",Licence no: IMP/MD/2018/00738 Issued on: 16-AUG-2018,"Defibrillator Electrodes, class type: Class B",Pads applied to the patient's chest to deliver an electrical shock from a defibrillator.,ShockPad-Max,ShockPad-1185,SLA - Gujarat,,"Legal Manufacturing Site : Zenith Medical Devices Unit, Maharashtra",Pads applied to the patient's chest to deliver an electrical shock from a defibrillator.,4000,Dimensions: 30 x 20 x 15 cm | Weight: ~2-10 kg | Power: 110V/220V AC or Battery
235,"Astra Medical Supplies, Ring Road, Surat, Gujarat",Licence no: IMP/MD/2019/00518 Issued on: 23-MAR-2019,"Defibrillator Electrodes, class type: Class B",Pads applied to the patient's chest to deliver an electrical shock from a defibrillator.,ShockPad-Basic,ShockPad-6255B,SLA - Maharashtra,,"Legal Manufacturing Site : Astra Medical Supplies Unit, Gujarat",Pads applied to the patient's chest to deliver an electrical shock from a defibrillator.,1000,Dimensions: 30 x 20 x 15 cm | Weight: ~2-10 kg | Power: 110V/220V AC or Battery
236,"Pioneer Health Systems, Sector V, Salt Lake, Kolkata, West Bengal",Licence no: IMP/MD/2019/00711 Issued on: 11-AUG-2019,"Defibrillator Electrodes, class type: Class B",Pads applied to the patient's chest to deliver an electrical shock from a defibrillator.,ShockPad-Advance,ShockPad-2951B,SLA - Delhi,,"Legal Manufacturing Site : Pioneer Health Systems Unit, West Bengal",Pads applied to the patient's chest to deliver an electrical shock from a defibrillator.,1500,Dimensions: 30 x 20 x 15 cm | Weight: ~2-10 kg | Power: 110V/220V AC or Battery
237,"LifeCare Innovations, Tech Park, OMR, Chennai, Tamil Nadu",Licence no: IMP/MD/2023/00347 Issued on: 11-MAR-2023,"Dermatome, class type: Class B",A surgical instrument used to produce thin slices of skin from a donor area to use for skin grafts.,DermaCut-Basic,DermaCut-8478X,SLA - Gujarat,,"Legal Manufacturing Site : LifeCare Innovations Unit, Tamil Nadu",A surgical instrument used to produce thin slices of skin from a donor area to use for skin grafts.,220000,Dimensions: Standard | Weight: Varies | Refer to manual for specs
238,"Pioneer Health Systems, Sector V, Salt Lake, Kolkata, West Bengal",Licence no: IMP/MD/2024/00949 Issued on: 01-JAN-2024,"Dermatome, class type: Class B",A surgical instrument used to produce thin slices of skin from a donor area to use for skin grafts.,DermaCut-Max,DermaCut-4071X,SLA - Tamil Nadu,,"Legal Manufacturing Site : Pioneer Health Systems Unit, West Bengal",A surgical instrument used to produce thin slices of skin from a donor area to use for skin grafts.,240000,Dimensions: Standard | Weight: Varies | Refer to manual for specs
239,"Quantum Care Co., Jubilee Hills, Hyderabad, Telangana",Licence no: MFG/MD/2024/00853 Issued on: 06-SEP-2024,"Dermatome, class type: Class B",A surgical instrument used to produce thin slices of skin from a donor area to use for skin grafts.,DermaCut-Basic,DermaCut-3400A,SLA - Karnataka,,"Legal Manufacturing Site : Quantum Care Co. Unit, Telangana",A surgical instrument used to produce thin slices of skin from a donor area to use for skin grafts.,130000,Dimensions: Standard | Weight: Varies | Refer to manual for specs
240,"LifeCare Innovations, Tech Park, OMR, Chennai, Tamil Nadu",Licence no: MFG/MD/2018/00839 Issued on: 25-AUG-2018,"Dermatome, class type: Class B",A surgical instrument used to produce thin slices of skin from a donor area to use for skin grafts.,DermaCut-Basic,DermaCut-8654B,SLA - Delhi,,"Legal Manufacturing Site : LifeCare Innovations Unit, Tamil Nadu",A surgical instrument used to produce thin slices of skin from a donor area to use for skin grafts.,260000,Dimensions: Standard | Weight: Varies | Refer to manual for specs
241,"LifeCare Innovations, Tech Park, OMR, Chennai, Tamil Nadu",Licence no: IMP/MD/2020/00426 Issued on: 25-APR-2020,"Dermatome, class type: Class B",A surgical instrument used to produce thin slices of skin from a donor area to use for skin grafts.,DermaCut-Basic,DermaCut-2924A,SLA - Telangana,,"Legal Manufacturing Site : LifeCare Innovations Unit, Tamil Nadu",A surgical instrument used to produce thin slices of skin from a donor area to use for skin grafts.,190000,Dimensions: Standard | Weight: Varies | Refer to manual for specs
242,"Zenith Medical Devices, Tower B, BKC, Bandra East, Mumbai, Maharashtra",Licence no: MFG/MD/2018/00333 Issued on: 17-DEC-2018,"Dermatome, class type: Class B",A surgical instrument used to produce thin slices of skin from a donor area to use for skin grafts.,DermaCut-Basic,DermaCut-4594,SLA - Karnataka,,"Legal Manufacturing Site : Zenith Medical Devices Unit, Maharashtra",A surgical instrument used to produce thin slices of skin from a donor area to use for skin grafts.,170000,Dimensions: Standard | Weight: Varies | Refer to manual for specs
243,"Quantum Care Co., Jubilee Hills, Hyderabad, Telangana",Licence no: IMP/MD/2022/00618 Issued on: 05-FEB-2022,"Dermatome, class type: Class B",A surgical instrument used to produce thin slices of skin from a donor area to use for skin grafts.,DermaCut-Advance,DermaCut-6769A,SLA - Telangana,,"Legal Manufacturing Site : Quantum Care Co. Unit, Telangana",A surgical instrument used to produce thin slices of skin from a donor area to use for skin grafts.,280000,Dimensions: Standard | Weight: Varies | Refer to manual for specs
244,"Quantum Care Co., Jubilee Hills, Hyderabad, Telangana",Licence no: MFG/MD/2018/00290 Issued on: 15-NOV-2018,"Dermatome, class type: Class B",A surgical instrument used to produce thin slices of skin from a donor area to use for skin grafts.,DermaCut-Basic,DermaCut-6025,SLA - Gujarat,,"Legal Manufacturing Site : Quantum Care Co. Unit, Telangana",A surgical instrument used to produce thin slices of skin from a donor area to use for skin grafts.,180000,Dimensions: Standard | Weight: Varies | Refer to manual for specs
245,"Quantum Care Co., Jubilee Hills, Hyderabad, Telangana",Licence no: IMP/MD/2019/00375 Issued on: 09-APR-2019,"Dermatome, class type: Class B",A surgical instrument used to produce thin slices of skin from a donor area to use for skin grafts.,DermaCut-X,DermaCut-8486X,SLA - Delhi,,"Legal Manufacturing Site : Quantum Care Co. Unit, Telangana",A surgical instrument used to produce thin slices of skin from a donor area to use for skin grafts.,260000,Dimensions: Standard | Weight: Varies | Refer to manual for specs
246,"LifeCare Innovations, Tech Park, OMR, Chennai, Tamil Nadu",Licence no: IMP/MD/2019/00612 Issued on: 28-SEP-2019,"Electroencephalogram (EEG) Machine, class type: Class B",Records the electrical activity of the brain via electrodes attached to the scalp.,NeuroScan-X,NeuroScan-2189A,SLA - Karnataka,,"Legal Manufacturing Site : LifeCare Innovations Unit, Tamil Nadu",Records the electrical activity of the brain via electrodes attached to the scalp.,780000,Dimensions: 120 x 80 x 150 cm | Weight: ~80-150 kg | Power: 220V AC
247,"Spark Peripheral Technologies, Shop 1, Moolchand Market, New Delhi",Licence no: IMP/MD/2024/00268 Issued on: 06-OCT-2024,"Electroencephalogram (EEG) Machine, class type: Class B",Records the electrical activity of the brain via electrodes attached to the scalp.,NeuroScan-Max,NeuroScan-7750A,CLA - CDSCO,,"Legal Manufacturing Site : Spark Peripheral Technologies Unit, New Delhi",Records the electrical activity of the brain via electrodes attached to the scalp.,300000,Dimensions: 120 x 80 x 150 cm | Weight: ~80-150 kg | Power: 220V AC
248,"Pioneer Health Systems, Sector V, Salt Lake, Kolkata, West Bengal",Licence no: IMP/MD/2020/00451 Issued on: 17-JUL-2020,"Electroencephalogram (EEG) Machine, class type: Class B",Records the electrical activity of the brain via electrodes attached to the scalp.,NeuroScan-Basic,NeuroScan-9353,SLA - Maharashtra,,"Legal Manufacturing Site : Pioneer Health Systems Unit, West Bengal",Records the electrical activity of the brain via electrodes attached to the scalp.,390000,Dimensions: 120 x 80 x 150 cm | Weight: ~80-150 kg | Power: 220V AC
249,"Global Health Solutions, Plot 45, Industrial Area, Peenya, Bangalore",Licence no: MFG/MD/2023/00832 Issued on: 27-DEC-2023,"Electroencephalogram (EEG) Machine, class type: Class B",Records the electrical activity of the brain via electrodes attached to the scalp.,NeuroScan-Basic,NeuroScan-8273A,SLA - Delhi,,"Legal Manufacturing Site : Global Health Solutions Unit, Bangalore",Records the electrical activity of the brain via electrodes attached to the scalp.,380000,Dimensions: 120 x 80 x 150 cm | Weight: ~80-150 kg | Power: 220V AC
250,"NovaBio Tech, Phase 8, Industrial Area, Mohali, Punjab",Licence no: IMP/MD/2024/00881 Issued on: 26-JUL-2024,"Electroencephalogram (EEG) Machine, class type: Class B",Records the electrical activity of the brain via electrodes attached to the scalp.,NeuroScan-Plus,NeuroScan-5566,SLA - Karnataka,,"Legal Manufacturing Site : NovaBio Tech Unit, Punjab",Records the electrical activity of the brain via electrodes attached to the scalp.,790000,Dimensions: 120 x 80 x 150 cm | Weight: ~80-150 kg | Power: 220V AC
251,"Apex Surgical Imports, 12, GIDC, Makarpura, Vadodara, Gujarat",Licence no: IMP/MD/2021/00787 Issued on: 11-JAN-2021,"Electroencephalogram (EEG) Machine, class type: Class B",Records the electrical activity of the brain via electrodes attached to the scalp.,NeuroScan-X,NeuroScan-6491X,SLA - Tamil Nadu,,"Legal Manufacturing Site : Apex Surgical Imports Unit, Gujarat",Records the electrical activity of the brain via electrodes attached to the scalp.,230000,Dimensions: 120 x 80 x 150 cm | Weight: ~80-150 kg | Power: 220V AC
252,"Astra Medical Supplies, Ring Road, Surat, Gujarat",Licence no: MFG/MD/2019/00727 Issued on: 20-MAY-2019,"Holter Monitor, class type: Class B",A portable device used to continuously record the heart's electrical activity (ECG) for 24-48 hours.,HolterTrack-Plus,HolterTrack-7670,CLA - CDSCO,,"Legal Manufacturing Site : Astra Medical Supplies Unit, Gujarat",A portable device used to continuously record the heart's electrical activity (ECG) for 24-48 hours.,48000,Dimensions: 30 x 20 x 15 cm | Weight: ~2-10 kg | Power: 110V/220V AC or Battery
253,"Astra Medical Supplies, Ring Road, Surat, Gujarat",Licence no: MFG/MD/2018/00938 Issued on: 21-OCT-2018,"Holter Monitor, class type: Class B",A portable device used to continuously record the heart's electrical activity (ECG) for 24-48 hours.,HolterTrack-X,HolterTrack-7087B,SLA - Delhi,,"Legal Manufacturing Site : Astra Medical Supplies Unit, Gujarat",A portable device used to continuously record the heart's electrical activity (ECG) for 24-48 hours.,44000,Dimensions: 30 x 20 x 15 cm | Weight: ~2-10 kg | Power: 110V/220V AC or Battery
254,"MediCorp India Pvt Ltd, Cyber City, Phase 2, Gurgaon, Haryana",Licence no: IMP/MD/2023/00319 Issued on: 02-APR-2023,"Holter Monitor, class type: Class B",A portable device used to continuously record the heart's electrical activity (ECG) for 24-48 hours.,HolterTrack-Advance,HolterTrack-6770A,SLA - Tamil Nadu,,"Legal Manufacturing Site : MediCorp India Pvt Ltd Unit, Haryana",A portable device used to continuously record the heart's electrical activity (ECG) for 24-48 hours.,51000,Dimensions: 30 x 20 x 15 cm | Weight: ~2-10 kg | Power: 110V/220V AC or Battery
255,"Astra Medical Supplies, Ring Road, Surat, Gujarat",Licence no: IMP/MD/2022/00468 Issued on: 18-OCT-2022,"Holter Monitor, class type: Class B",A portable device used to continuously record the heart's electrical activity (ECG) for 24-48 hours.,HolterTrack-Advance,HolterTrack-5912X,SLA - Delhi,,"Legal Manufacturing Site : Astra Medical Supplies Unit, Gujarat",A portable device used to continuously record the heart's electrical activity (ECG) for 24-48 hours.,55000,Dimensions: 30 x 20 x 15 cm | Weight: ~2-10 kg | Power: 110V/220V AC or Battery
256,"Pioneer Health Systems, Sector V, Salt Lake, Kolkata, West Bengal",Licence no: IMP/MD/2019/00460 Issued on: 06-FEB-2019,"Intravenous (IV) Cannula, class type: Class B","A small tube placed inside a vein to provide access for fluid, medication, or blood withdrawal.",VeinPort-X,VeinPort-5126B,SLA - Delhi,,"Legal Manufacturing Site : Pioneer Health Systems Unit, West Bengal","A small tube placed inside a vein to provide access for fluid, medication, or blood withdrawal.",40,Dimensions: Standard | Weight: Varies | Refer to manual for specs
257,"LifeCare Innovations, Tech Park, OMR, Chennai, Tamil Nadu",Licence no: MFG/MD/2019/00516 Issued on: 08-APR-2019,"Intravenous (IV) Cannula, class type: Class B","A small tube placed inside a vein to provide access for fluid, medication, or blood withdrawal.",VeinPort-X,VeinPort-1928,SLA - Gujarat,,"Legal Manufacturing Site : LifeCare Innovations Unit, Tamil Nadu","A small tube placed inside a vein to provide access for fluid, medication, or blood withdrawal.",70,Dimensions: Standard | Weight: Varies | Refer to manual for specs
258,"Astra Medical Supplies, Ring Road, Surat, Gujarat",Licence no: MFG/MD/2020/00826 Issued on: 23-JUL-2020,"Intravenous (IV) Cannula, class type: Class B","A small tube placed inside a vein to provide access for fluid, medication, or blood withdrawal.",VeinPort-Pro,VeinPort-7508,SLA - Telangana,,"Legal Manufacturing Site : Astra Medical Supplies Unit, Gujarat","A small tube placed inside a vein to provide access for fluid, medication, or blood withdrawal.",100,Dimensions: Standard | Weight: Varies | Refer to manual for specs
259,"NovaBio Tech, Phase 8, Industrial Area, Mohali, Punjab",Licence no: IMP/MD/2022/00291 Issued on: 15-JUN-2022,"Intravenous (IV) Cannula, class type: Class B","A small tube placed inside a vein to provide access for fluid, medication, or blood withdrawal.",VeinPort-X,VeinPort-9129A,SLA - Tamil Nadu,,"Legal Manufacturing Site : NovaBio Tech Unit, Punjab","A small tube placed inside a vein to provide access for fluid, medication, or blood withdrawal.",80,Dimensions: Standard | Weight: Varies | Refer to manual for specs
260,"Spark Peripheral Technologies, Shop 1, Moolchand Market, New Delhi",Licence no: IMP/MD/2023/00255 Issued on: 27-DEC-2023,"Intravenous (IV) Cannula, class type: Class B","A small tube placed inside a vein to provide access for fluid, medication, or blood withdrawal.",VeinPort-Pro,VeinPort-4615,CLA - CDSCO,,"Legal Manufacturing Site : Spark Peripheral Technologies Unit, New Delhi","A small tube placed inside a vein to provide access for fluid, medication, or blood withdrawal.",70,Dimensions: Standard | Weight: Varies | Refer to manual for specs
261,"Zenith Medical Devices, Tower B, BKC, Bandra East, Mumbai, Maharashtra",Licence no: IMP/MD/2018/00811 Issued on: 18-JAN-2018,"Intravenous (IV) Cannula, class type: Class B","A small tube placed inside a vein to provide access for fluid, medication, or blood withdrawal.",VeinPort-X,VeinPort-9723,SLA - Karnataka,,"Legal Manufacturing Site : Zenith Medical Devices Unit, Maharashtra","A small tube placed inside a vein to provide access for fluid, medication, or blood withdrawal.",100,Dimensions: Standard | Weight: Varies | Refer to manual for specs
262,"Global Health Solutions, Plot 45, Industrial Area, Peenya, Bangalore",Licence no: MFG/MD/2022/00976 Issued on: 24-NOV-2022,"Intravenous (IV) Cannula, class type: Class B","A small tube placed inside a vein to provide access for fluid, medication, or blood withdrawal.",VeinPort-Basic,VeinPort-1052X,SLA - Karnataka,,"Legal Manufacturing Site : Global Health Solutions Unit, Bangalore","A small tube placed inside a vein to provide access for fluid, medication, or blood withdrawal.",90,Dimensions: Standard | Weight: Varies | Refer to manual for specs
263,"Pioneer Health Systems, Sector V, Salt Lake, Kolkata, West Bengal",Licence no: MFG/MD/2018/00411 Issued on: 03-OCT-2018,"Laryngoscope, class type: Class A",An instrument used to obtain a view of the vocal folds and the glottis.,LaryngoView-Ultra,LaryngoView-6384B,SLA - Telangana,,"Legal Manufacturing Site : Pioneer Health Systems Unit, West Bengal",An instrument used to obtain a view of the vocal folds and the glottis.,9200,Dimensions: 15-20 cm length | Weight: ~100-500 g | Material: Stainless Steel/Alloy
264,"Apex Surgical Imports, 12, GIDC, Makarpura, Vadodara, Gujarat",Licence no: MFG/MD/2022/00838 Issued on: 09-DEC-2022,"Laryngoscope, class type: Class A",An instrument used to obtain a view of the vocal folds and the glottis.,LaryngoView-Advance,LaryngoView-7748B,SLA - Tamil Nadu,,"Legal Manufacturing Site : Apex Surgical Imports Unit, Gujarat",An instrument used to obtain a view of the vocal folds and the glottis.,3200,Dimensions: 15-20 cm length | Weight: ~100-500 g | Material: Stainless Steel/Alloy
265,"Quantum Care Co., Jubilee Hills, Hyderabad, Telangana",Licence no: MFG/MD/2018/00704 Issued on: 03-JUN-2018,"Laryngoscope, class type: Class A",An instrument used to obtain a view of the vocal folds and the glottis.,LaryngoView-Pro,LaryngoView-7493X,SLA - Telangana,,"Legal Manufacturing Site : Quantum Care Co. Unit, Telangana",An instrument used to obtain a view of the vocal folds and the glottis.,13000,Dimensions: 15-20 cm length | Weight: ~100-500 g | Material: Stainless Steel/Alloy
266,"Apex Surgical Imports, 12, GIDC, Makarpura, Vadodara, Gujarat",Licence no: IMP/MD/2022/00509 Issued on: 26-JUL-2022,"Laryngoscope, class type: Class A",An instrument used to obtain a view of the vocal folds and the glottis.,LaryngoView-Advance,LaryngoView-6136X,SLA - Telangana,,"Legal Manufacturing Site : Apex Surgical Imports Unit, Gujarat",An instrument used to obtain a view of the vocal folds and the glottis.,9600,Dimensions: 15-20 cm length | Weight: ~100-500 g | Material: Stainless Steel/Alloy
267,"Pioneer Health Systems, Sector V, Salt Lake, Kolkata, West Bengal",Licence no: IMP/MD/2022/00415 Issued on: 17-DEC-2022,"Laryngoscope, class type: Class A",An instrument used to obtain a view of the vocal folds and the glottis.,LaryngoView-Elite,LaryngoView-4966B,SLA - Gujarat,,"Legal Manufacturing Site : Pioneer Health Systems Unit, West Bengal",An instrument used to obtain a view of the vocal folds and the glottis.,10000,Dimensions: 15-20 cm length | Weight: ~100-500 g | Material: Stainless Steel/Alloy
268,"LifeCare Innovations, Tech Park, OMR, Chennai, Tamil Nadu",Licence no: IMP/MD/2024/00561 Issued on: 26-JUN-2024,"Laryngoscope, class type: Class A",An instrument used to obtain a view of the vocal folds and the glottis.,LaryngoView-Ultra,LaryngoView-5329,SLA - Gujarat,,"Legal Manufacturing Site : LifeCare Innovations Unit, Tamil Nadu",An instrument used to obtain a view of the vocal folds and the glottis.,6300,Dimensions: 15-20 cm length | Weight: ~100-500 g | Material: Stainless Steel/Alloy
269,"Zenith Medical Devices, Tower B, BKC, Bandra East, Mumbai, Maharashtra",Licence no: MFG/MD/2023/00192 Issued on: 12-SEP-2023,"Laryngoscope, class type: Class A",An instrument used to obtain a view of the vocal folds and the glottis.,LaryngoView-Max,LaryngoView-5866,SLA - Tamil Nadu,,"Legal Manufacturing Site : Zenith Medical Devices Unit, Maharashtra",An instrument used to obtain a view of the vocal folds and the glottis.,14000,Dimensions: 15-20 cm length | Weight: ~100-500 g | Material: Stainless Steel/Alloy
270,"Quantum Care Co., Jubilee Hills, Hyderabad, Telangana",Licence no: MFG/MD/2018/00532 Issued on: 18-DEC-2018,"Lithotripter, class type: Class C",Uses shock waves to break up kidney stones into small pieces that can pass through the urinary tract.,StoneCrush-Basic,StoneCrush-6984X,SLA - Maharashtra,,"Legal Manufacturing Site : Quantum Care Co. Unit, Telangana",Uses shock waves to break up kidney stones into small pieces that can pass through the urinary tract.,7410000,Dimensions: 120 x 80 x 150 cm | Weight: ~80-150 kg | Power: 220V AC
271,"Zenith Medical Devices, Tower B, BKC, Bandra East, Mumbai, Maharashtra",Licence no: MFG/MD/2023/00335 Issued on: 06-NOV-2023,"Lithotripter, class type: Class C",Uses shock waves to break up kidney stones into small pieces that can pass through the urinary tract.,StoneCrush-X,StoneCrush-1572B,SLA - Maharashtra,,"Legal Manufacturing Site : Zenith Medical Devices Unit, Maharashtra",Uses shock waves to break up kidney stones into small pieces that can pass through the urinary tract.,11020000,Dimensions: 120 x 80 x 150 cm | Weight: ~80-150 kg | Power: 220V AC
272,"Global Health Solutions, Plot 45, Industrial Area, Peenya, Bangalore",Licence no: IMP/MD/2019/00645 Issued on: 26-NOV-2019,"Lithotripter, class type: Class C",Uses shock waves to break up kidney stones into small pieces that can pass through the urinary tract.,StoneCrush-Pro,StoneCrush-2410,SLA - Telangana,,"Legal Manufacturing Site : Global Health Solutions Unit, Bangalore",Uses shock waves to break up kidney stones into small pieces that can pass through the urinary tract.,12010000,Dimensions: 120 x 80 x 150 cm | Weight: ~80-150 kg | Power: 220V AC
273,"NovaBio Tech, Phase 8, Industrial Area, Mohali, Punjab",Licence no: IMP/MD/2022/00255 Issued on: 13-SEP-2022,"Lithotripter, class type: Class C",Uses shock waves to break up kidney stones into small pieces that can pass through the urinary tract.,StoneCrush-Plus,StoneCrush-9146X,SLA - Tamil Nadu,,"Legal Manufacturing Site : NovaBio Tech Unit, Punjab",Uses shock waves to break up kidney stones into small pieces that can pass through the urinary tract.,10750000,Dimensions: 120 x 80 x 150 cm | Weight: ~80-150 kg | Power: 220V AC
274,"Pioneer Health Systems, Sector V, Salt Lake, Kolkata, West Bengal",Licence no: IMP/MD/2023/00108 Issued on: 01-SEP-2023,"Lithotripter, class type: Class C",Uses shock waves to break up kidney stones into small pieces that can pass through the urinary tract.,StoneCrush-Ultra,StoneCrush-4171A,CLA - CDSCO,,"Legal Manufacturing Site : Pioneer Health Systems Unit, West Bengal",Uses shock waves to break up kidney stones into small pieces that can pass through the urinary tract.,13970000,Dimensions: 120 x 80 x 150 cm | Weight: ~80-150 kg | Power: 220V AC
275,"LifeCare Innovations, Tech Park, OMR, Chennai, Tamil Nadu",Licence no: MFG/MD/2019/00393 Issued on: 14-MAY-2019,"Lithotripter, class type: Class C",Uses shock waves to break up kidney stones into small pieces that can pass through the urinary tract.,StoneCrush-Basic,StoneCrush-6797X,SLA - Karnataka,,"Legal Manufacturing Site : LifeCare Innovations Unit, Tamil Nadu",Uses shock waves to break up kidney stones into small pieces that can pass through the urinary tract.,12580000,Dimensions: 120 x 80 x 150 cm | Weight: ~80-150 kg | Power: 220V AC
276,"Zenith Medical Devices, Tower B, BKC, Bandra East, Mumbai, Maharashtra",Licence no: MFG/MD/2018/00591 Issued on: 10-OCT-2018,"Lithotripter, class type: Class C",Uses shock waves to break up kidney stones into small pieces that can pass through the urinary tract.,StoneCrush-Max,StoneCrush-6472,CLA - CDSCO,,"Legal Manufacturing Site : Zenith Medical Devices Unit, Maharashtra",Uses shock waves to break up kidney stones into small pieces that can pass through the urinary tract.,10940000,Dimensions: 120 x 80 x 150 cm | Weight: ~80-150 kg | Power: 220V AC
277,"Spark Peripheral Technologies, Shop 1, Moolchand Market, New Delhi",Licence no: MFG/MD/2021/00534 Issued on: 03-APR-2021,"Lithotripter, class type: Class C",Uses shock waves to break up kidney stones into small pieces that can pass through the urinary tract.,StoneCrush-Advance,StoneCrush-9358A,SLA - Karnataka,,"Legal Manufacturing Site : Spark Peripheral Technologies Unit, New Delhi",Uses shock waves to break up kidney stones into small pieces that can pass through the urinary tract.,10150000,Dimensions: 120 x 80 x 150 cm | Weight: ~80-150 kg | Power: 220V AC
278,"Quantum Care Co., Jubilee Hills, Hyderabad, Telangana",Licence no: IMP/MD/2023/00180 Issued on: 14-DEC-2023,"Lithotripter, class type: Class C",Uses shock waves to break up kidney stones into small pieces that can pass through the urinary tract.,StoneCrush-Plus,StoneCrush-6740B,SLA - Maharashtra,,"Legal Manufacturing Site : Quantum Care Co. Unit, Telangana",Uses shock waves to break up kidney stones into small pieces that can pass through the urinary tract.,14090000,Dimensions: 120 x 80 x 150 cm | Weight: ~80-150 kg | Power: 220V AC
279,"Zenith Medical Devices, Tower B, BKC, Bandra East, Mumbai, Maharashtra",Licence no: IMP/MD/2018/00631 Issued on: 11-MAR-2018,"Nebulizer, class type: Class B",Changes medication from a liquid to a mist so it can be more easily inhaled into the lungs.,AeroMist-Advance,AeroMist-9656B,SLA - Telangana,,"Legal Manufacturing Site : Zenith Medical Devices Unit, Maharashtra",Changes medication from a liquid to a mist so it can be more easily inhaled into the lungs.,1600,Dimensions: Standard | Weight: Varies | Refer to manual for specs
280,"Quantum Care Co., Jubilee Hills, Hyderabad, Telangana",Licence no: IMP/MD/2022/00427 Issued on: 26-NOV-2022,"Nebulizer, class type: Class B",Changes medication from a liquid to a mist so it can be more easily inhaled into the lungs.,AeroMist-Ultra,AeroMist-6381B,SLA - Maharashtra,,"Legal Manufacturing Site : Quantum Care Co. Unit, Telangana",Changes medication from a liquid to a mist so it can be more easily inhaled into the lungs.,6600,Dimensions: Standard | Weight: Varies | Refer to manual for specs
281,"NovaBio Tech, Phase 8, Industrial Area, Mohali, Punjab",Licence no: IMP/MD/2019/00858 Issued on: 20-MAR-2019,"Nebulizer, class type: Class B",Changes medication from a liquid to a mist so it can be more easily inhaled into the lungs.,AeroMist-Ultra,AeroMist-1485B,SLA - Delhi,,"Legal Manufacturing Site : NovaBio Tech Unit, Punjab",Changes medication from a liquid to a mist so it can be more easily inhaled into the lungs.,1600,Dimensions: Standard | Weight: Varies | Refer to manual for specs
282,"Spark Peripheral Technologies, Shop 1, Moolchand Market, New Delhi",Licence no: IMP/MD/2023/00593 Issued on: 24-SEP-2023,"Nebulizer, class type: Class B",Changes medication from a liquid to a mist so it can be more easily inhaled into the lungs.,AeroMist-Ultra,AeroMist-3351B,SLA - Telangana,,"Legal Manufacturing Site : Spark Peripheral Technologies Unit, New Delhi",Changes medication from a liquid to a mist so it can be more easily inhaled into the lungs.,3700,Dimensions: Standard | Weight: Varies | Refer to manual for specs
283,"Apex Surgical Imports, 12, GIDC, Makarpura, Vadodara, Gujarat",Licence no: MFG/MD/2022/00127 Issued on: 18-OCT-2022,"Surgical Robot System, class type: Class C",Computer-controlled robotic system utilized to assist in performing minimally invasive surgical procedures.,RoboSurg-Plus,RoboSurg-3009A,SLA - Gujarat,,"Legal Manufacturing Site : Apex Surgical Imports Unit, Gujarat",Computer-controlled robotic system utilized to assist in performing minimally invasive surgical procedures.,113600000,Dimensions: 120 x 80 x 150 cm | Weight: ~80-150 kg | Power: 220V AC
284,"Zenith Medical Devices, Tower B, BKC, Bandra East, Mumbai, Maharashtra",Licence no: IMP/MD/2019/00958 Issued on: 28-AUG-2019,"Surgical Stapler, class type: Class B",Used to close skin wounds or connect or remove parts of the bowels or lungs.,StapleSurg-X,StapleSurg-7623X,SLA - Delhi,,"Legal Manufacturing Site : Zenith Medical Devices Unit, Maharashtra",Used to close skin wounds or connect or remove parts of the bowels or lungs.,6500,Dimensions: 15-20 cm length | Weight: ~100-500 g | Material: Stainless Steel/Alloy
285,"Zenith Medical Devices, Tower B, BKC, Bandra East, Mumbai, Maharashtra",Licence no: MFG/MD/2020/00901 Issued on: 01-FEB-2020,"Surgical Stapler, class type: Class B",Used to close skin wounds or connect or remove parts of the bowels or lungs.,StapleSurg-Basic,StapleSurg-6210A,SLA - Gujarat,,"Legal Manufacturing Site : Zenith Medical Devices Unit, Maharashtra",Used to close skin wounds or connect or remove parts of the bowels or lungs.,3300,Dimensions: 15-20 cm length | Weight: ~100-500 g | Material: Stainless Steel/Alloy
286,"NovaBio Tech, Phase 8, Industrial Area, Mohali, Punjab",Licence no: IMP/MD/2021/00780 Issued on: 23-JAN-2021,"Surgical Stapler, class type: Class B",Used to close skin wounds or connect or remove parts of the bowels or lungs.,StapleSurg-Advance,StapleSurg-7044B,SLA - Gujarat,,"Legal Manufacturing Site : NovaBio Tech Unit, Punjab",Used to close skin wounds or connect or remove parts of the bowels or lungs.,5700,Dimensions: 15-20 cm length | Weight: ~100-500 g | Material: Stainless Steel/Alloy
287,"MediCorp India Pvt Ltd, Cyber City, Phase 2, Gurgaon, Haryana",Licence no: IMP/MD/2024/00955 Issued on: 07-MAY-2024,"Surgical Stapler, class type: Class B",Used to close skin wounds or connect or remove parts of the bowels or lungs.,StapleSurg-Advance,StapleSurg-9067B,CLA - CDSCO,,"Legal Manufacturing Site : MediCorp India Pvt Ltd Unit, Haryana",Used to close skin wounds or connect or remove parts of the bowels or lungs.,5800,Dimensions: 15-20 cm length | Weight: ~100-500 g | Material: Stainless Steel/Alloy
288,"NovaBio Tech, Phase 8, Industrial Area, Mohali, Punjab",Licence no: MFG/MD/2024/00674 Issued on: 15-JUN-2024,"Surgical Stapler, class type: Class B",Used to close skin wounds or connect or remove parts of the bowels or lungs.,StapleSurg-Elite,StapleSurg-1078X,SLA - Gujarat,,"Legal Manufacturing Site : NovaBio Tech Unit, Punjab",Used to close skin wounds or connect or remove parts of the bowels or lungs.,6400,Dimensions: 15-20 cm length | Weight: ~100-500 g | Material: Stainless Steel/Alloy
289,"Global Health Solutions, Plot 45, Industrial Area, Peenya, Bangalore",Licence no: IMP/MD/2021/00121 Issued on: 24-SEP-2021,"Surgical Stapler, class type: Class B",Used to close skin wounds or connect or remove parts of the bowels or lungs.,StapleSurg-Plus,StapleSurg-8048,SLA - Gujarat,,"Legal Manufacturing Site : Global Health Solutions Unit, Bangalore",Used to close skin wounds or connect or remove parts of the bowels or lungs.,11000,Dimensions: 15-20 cm length | Weight: ~100-500 g | Material: Stainless Steel/Alloy
290,"Pioneer Health Systems, Sector V, Salt Lake, Kolkata, West Bengal",Licence no: MFG/MD/2019/00354 Issued on: 20-OCT-2019,"Surgical Stapler, class type: Class B",Used to close skin wounds or connect or remove parts of the bowels or lungs.,StapleSurg-Ultra,StapleSurg-8116,SLA - Maharashtra,,"Legal Manufacturing Site : Pioneer Health Systems Unit, West Bengal",Used to close skin wounds or connect or remove parts of the bowels or lungs.,5900,Dimensions: 15-20 cm length | Weight: ~100-500 g | Material: Stainless Steel/Alloy
291,"Quantum Care Co., Jubilee Hills, Hyderabad, Telangana",Licence no: MFG/MD/2024/00309 Issued on: 07-SEP-2024,"Surgical Stapler, class type: Class B",Used to close skin wounds or connect or remove parts of the bowels or lungs.,StapleSurg-Elite,StapleSurg-7233A,SLA - Delhi,,"Legal Manufacturing Site : Quantum Care Co. Unit, Telangana",Used to close skin wounds or connect or remove parts of the bowels or lungs.,4100,Dimensions: 15-20 cm length | Weight: ~100-500 g | Material: Stainless Steel/Alloy
292,"Astra Medical Supplies, Ring Road, Surat, Gujarat",Licence no: MFG/MD/2022/00987 Issued on: 26-JAN-2022,"Surgical Stapler, class type: Class B",Used to close skin wounds or connect or remove parts of the bowels or lungs.,StapleSurg-Advance,StapleSurg-4988A,SLA - Maharashtra,,"Legal Manufacturing Site : Astra Medical Supplies Unit, Gujarat",Used to close skin wounds or connect or remove parts of the bowels or lungs.,11000,Dimensions: 15-20 cm length | Weight: ~100-500 g | Material: Stainless Steel/Alloy
293,"Quantum Care Co., Jubilee Hills, Hyderabad, Telangana",Licence no: IMP/MD/2023/00118 Issued on: 16-DEC-2023,"Surgical Stapler, class type: Class B",Used to close skin wounds or connect or remove parts of the bowels or lungs.,StapleSurg-X,StapleSurg-1051A,SLA - Telangana,,"Legal Manufacturing Site : Quantum Care Co. Unit, Telangana",Used to close skin wounds or connect or remove parts of the bowels or lungs.,6400,Dimensions: 15-20 cm length | Weight: ~100-500 g | Material: Stainless Steel/Alloy
294,"Spark Peripheral Technologies, Shop 1, Moolchand Market, New Delhi",Licence no: MFG/MD/2023/00939 Issued on: 07-MAY-2023,"Tympanometer, class type: Class B",Tests the condition of the middle ear and mobility of the eardrum and the conduction bones by creating variations of air pressure.,TympTest-X,TympTest-5920X,SLA - Telangana,,"Legal Manufacturing Site : Spark Peripheral Technologies Unit, New Delhi",Tests the condition of the middle ear and mobility of the eardrum and the conduction bones by creating variations of air pressure.,140000,Dimensions: Standard | Weight: Varies | Refer to manual for specs
295,"Spark Peripheral Technologies, Shop 1, Moolchand Market, New Delhi",Licence no: MFG/MD/2022/00553 Issued on: 06-JUN-2022,"Tympanometer, class type: Class B",Tests the condition of the middle ear and mobility of the eardrum and the conduction bones by creating variations of air pressure.,TympTest-Ultra,TympTest-9330X,SLA - Telangana,,"Legal Manufacturing Site : Spark Peripheral Technologies Unit, New Delhi",Tests the condition of the middle ear and mobility of the eardrum and the conduction bones by creating variations of air pressure.,150000,Dimensions: Standard | Weight: Varies | Refer to manual for specs
296,"LifeCare Innovations, Tech Park, OMR, Chennai, Tamil Nadu",Licence no: IMP/MD/2022/00430 Issued on: 18-DEC-2022,"Tympanometer, class type: Class B",Tests the condition of the middle ear and mobility of the eardrum and the conduction bones by creating variations of air pressure.,TympTest-Max,TympTest-9495X,SLA - Telangana,,"Legal Manufacturing Site : LifeCare Innovations Unit, Tamil Nadu",Tests the condition of the middle ear and mobility of the eardrum and the conduction bones by creating variations of air pressure.,200000,Dimensions: Standard | Weight: Varies | Refer to manual for specs
297,"Global Health Solutions, Plot 45, Industrial Area, Peenya, Bangalore",Licence no: IMP/MD/2024/00481 Issued on: 14-NOV-2024,"Tympanometer, class type: Class B",Tests the condition of the middle ear and mobility of the eardrum and the conduction bones by creating variations of air pressure.,TympTest-Advance,TympTest-4702A,SLA - Tamil Nadu,,"Legal Manufacturing Site : Global Health Solutions Unit, Bangalore",Tests the condition of the middle ear and mobility of the eardrum and the conduction bones by creating variations of air pressure.,180000,Dimensions: Standard | Weight: Varies | Refer to manual for specs
298,"MediCorp India Pvt Ltd, Cyber City, Phase 2, Gurgaon, Haryana",Licence no: MFG/MD/2020/00486 Issued on: 05-DEC-2020,"Tympanometer, class type: Class B",Tests the condition of the middle ear and mobility of the eardrum and the conduction bones by creating variations of air pressure.,TympTest-Advance,TympTest-4724B,SLA - Karnataka,,"Legal Manufacturing Site : MediCorp India Pvt Ltd Unit, Haryana",Tests the condition of the middle ear and mobility of the eardrum and the conduction bones by creating variations of air pressure.,210000,Dimensions: Standard | Weight: Varies | Refer to manual for specs
299,"Apex Surgical Imports, 12, GIDC, Makarpura, Vadodara, Gujarat",Licence no: MFG/MD/2019/00746 Issued on: 11-SEP-2019,"Tympanometer, class type: Class B",Tests the condition of the middle ear and mobility of the eardrum and the conduction bones by creating variations of air pressure.,TympTest-Advance,TympTest-3870,SLA - Delhi,,"Legal Manufacturing Site : Apex Surgical Imports Unit, Gujarat",Tests the condition of the middle ear and mobility of the eardrum and the conduction bones by creating variations of air pressure.,180000,Dimensions: Standard | Weight: Varies | Refer to manual for specs
300,"LifeCare Innovations, Tech Park, OMR, Chennai, Tamil Nadu",Licence no: IMP/MD/2024/00573 Issued on: 27-SEP-2024,"Tympanometer, class type: Class B",Tests the condition of the middle ear and mobility of the eardrum and the conduction bones by creating variations of air pressure.,TympTest-Max,TympTest-4164X,SLA - Gujarat,,"Legal Manufacturing Site : LifeCare Innovations Unit, Tamil Nadu",Tests the condition of the middle ear and mobility of the eardrum and the conduction bones by creating variations of air pressure.,110000,Dimensions: Standard | Weight: Varies | Refer to manual for specs
301,"Pioneer Health Systems, Sector V, Salt Lake, Kolkata, West Bengal",Licence no: MFG/MD/2019/00345 Issued on: 03-MAR-2019,"Adhesive Bandages, class type: Class A",Small medical dressing used for injuries not serious enough to require a full-size bandage.,QuickHeal-Pro,QuickHeal-3244B,SLA - Delhi,,"Legal Manufacturing Site : Pioneer Health Systems Unit, West Bengal",Small medical dressing used for injuries not serious enough to require a full-size bandage.,130,Dimensions: Varied (Small/Compact) | Weight: < 1 kg | Material: Medical Grade
302,"Spark Peripheral Technologies, Shop 1, Moolchand Market, New Delhi",Licence no: MFG/MD/2021/00516 Issued on: 08-DEC-2021,"Adhesive Bandages, class type: Class A",Small medical dressing used for injuries not serious enough to require a full-size bandage.,QuickHeal-Ultra,QuickHeal-7928A,SLA - Karnataka,,"Legal Manufacturing Site : Spark Peripheral Technologies Unit, New Delhi",Small medical dressing used for injuries not serious enough to require a full-size bandage.,140,Dimensions: Varied (Small/Compact) | Weight: < 1 kg | Material: Medical Grade
303,"LifeCare Innovations, Tech Park, OMR, Chennai, Tamil Nadu",Licence no: IMP/MD/2020/00200 Issued on: 23-NOV-2020,"Adhesive Bandages, class type: Class A",Small medical dressing used for injuries not serious enough to require a full-size bandage.,QuickHeal-Plus,QuickHeal-4678A,SLA - Tamil Nadu,,"Legal Manufacturing Site : LifeCare Innovations Unit, Tamil Nadu",Small medical dressing used for injuries not serious enough to require a full-size bandage.,140,Dimensions: Varied (Small/Compact) | Weight: < 1 kg | Material: Medical Grade
304,"Apex Surgical Imports, 12, GIDC, Makarpura, Vadodara, Gujarat",Licence no: MFG/MD/2020/00165 Issued on: 05-JAN-2020,"Adhesive Bandages, class type: Class A",Small medical dressing used for injuries not serious enough to require a full-size bandage.,QuickHeal-Elite,QuickHeal-8439,SLA - Tamil Nadu,,"Legal Manufacturing Site : Apex Surgical Imports Unit, Gujarat",Small medical dressing used for injuries not serious enough to require a full-size bandage.,110,Dimensions: Varied (Small/Compact) | Weight: < 1 kg | Material: Medical Grade
305,"Astra Medical Supplies, Ring Road, Surat, Gujarat",Licence no: MFG/MD/2020/00629 Issued on: 24-APR-2020,"Adhesive Bandages, class type: Class A",Small medical dressing used for injuries not serious enough to require a full-size bandage.,QuickHeal-Basic,QuickHeal-2976B,SLA - Telangana,,"Legal Manufacturing Site : Astra Medical Supplies Unit, Gujarat",Small medical dressing used for injuries not serious enough to require a full-size bandage.,70,Dimensions: Varied (Small/Compact) | Weight: < 1 kg | Material: Medical Grade
306,"Global Health Solutions, Plot 45, Industrial Area, Peenya, Bangalore",Licence no: MFG/MD/2022/00843 Issued on: 10-MAY-2022,"Alcohol Prep Pads, class type: Class A",Used to cleanse the skin prior to an injection or to clean minor cuts and scrapes.,SteriWipe-Advance,SteriWipe-2873B,SLA - Telangana,,"Legal Manufacturing Site : Global Health Solutions Unit, Bangalore",Used to cleanse the skin prior to an injection or to clean minor cuts and scrapes.,170,Dimensions: Varied (Small/Compact) | Weight: < 1 kg | Material: Medical Grade
307,"Zenith Medical Devices, Tower B, BKC, Bandra East, Mumbai, Maharashtra",Licence no: MFG/MD/2022/00612 Issued on: 05-SEP-2022,"Alcohol Prep Pads, class type: Class A",Used to cleanse the skin prior to an injection or to clean minor cuts and scrapes.,SteriWipe-Pro,SteriWipe-5379B,SLA - Tamil Nadu,,"Legal Manufacturing Site : Zenith Medical Devices Unit, Maharashtra",Used to cleanse the skin prior to an injection or to clean minor cuts and scrapes.,150,Dimensions: Varied (Small/Compact) | Weight: < 1 kg | Material: Medical Grade
308,"Pioneer Health Systems, Sector V, Salt Lake, Kolkata, West Bengal",Licence no: MFG/MD/2022/00267 Issued on: 05-JUL-2022,"Alcohol Prep Pads, class type: Class A",Used to cleanse the skin prior to an injection or to clean minor cuts and scrapes.,SteriWipe-Advance,SteriWipe-6207X,SLA - Delhi,,"Legal Manufacturing Site : Pioneer Health Systems Unit, West Bengal",Used to cleanse the skin prior to an injection or to clean minor cuts and scrapes.,100,Dimensions: Varied (Small/Compact) | Weight: < 1 kg | Material: Medical Grade
309,"Global Health Solutions, Plot 45, Industrial Area, Peenya, Bangalore",Licence no: MFG/MD/2024/00578 Issued on: 21-JUN-2024,"Alcohol Prep Pads, class type: Class A",Used to cleanse the skin prior to an injection or to clean minor cuts and scrapes.,SteriWipe-Plus,SteriWipe-6825,SLA - Karnataka,,"Legal Manufacturing Site : Global Health Solutions Unit, Bangalore",Used to cleanse the skin prior to an injection or to clean minor cuts and scrapes.,210,Dimensions: Varied (Small/Compact) | Weight: < 1 kg | Material: Medical Grade
310,"Quantum Care Co., Jubilee Hills, Hyderabad, Telangana",Licence no: MFG/MD/2022/00253 Issued on: 20-FEB-2022,"Alcohol Prep Pads, class type: Class A",Used to cleanse the skin prior to an injection or to clean minor cuts and scrapes.,SteriWipe-Advance,SteriWipe-6250X,SLA - Karnataka,,"Legal Manufacturing Site : Quantum Care Co. Unit, Telangana",Used to cleanse the skin prior to an injection or to clean minor cuts and scrapes.,200,Dimensions: Varied (Small/Compact) | Weight: < 1 kg | Material: Medical Grade
311,"Quantum Care Co., Jubilee Hills, Hyderabad, Telangana",Licence no: MFG/MD/2020/00824 Issued on: 28-FEB-2020,"Alcohol Prep Pads, class type: Class A",Used to cleanse the skin prior to an injection or to clean minor cuts and scrapes.,SteriWipe-Pro,SteriWipe-1624B,SLA - Telangana,,"Legal Manufacturing Site : Quantum Care Co. Unit, Telangana",Used to cleanse the skin prior to an injection or to clean minor cuts and scrapes.,190,Dimensions: Varied (Small/Compact) | Weight: < 1 kg | Material: Medical Grade
312,"Apex Surgical Imports, 12, GIDC, Makarpura, Vadodara, Gujarat",Licence no: IMP/MD/2019/00362 Issued on: 17-AUG-2019,"Alcohol Prep Pads, class type: Class A",Used to cleanse the skin prior to an injection or to clean minor cuts and scrapes.,SteriWipe-Elite,SteriWipe-8182B,SLA - Karnataka,,"Legal Manufacturing Site : Apex Surgical Imports Unit, Gujarat",Used to cleanse the skin prior to an injection or to clean minor cuts and scrapes.,210,Dimensions: Varied (Small/Compact) | Weight: < 1 kg | Material: Medical Grade
313,"Quantum Care Co., Jubilee Hills, Hyderabad, Telangana",Licence no: IMP/MD/2021/00321 Issued on: 13-APR-2021,"Alcohol Prep Pads, class type: Class A",Used to cleanse the skin prior to an injection or to clean minor cuts and scrapes.,SteriWipe-Advance,SteriWipe-4326,SLA - Maharashtra,,"Legal Manufacturing Site : Quantum Care Co. Unit, Telangana",Used to cleanse the skin prior to an injection or to clean minor cuts and scrapes.,200,Dimensions: Varied (Small/Compact) | Weight: < 1 kg | Material: Medical Grade
314,"Spark Peripheral Technologies, Shop 1, Moolchand Market, New Delhi",Licence no: MFG/MD/2018/00508 Issued on: 06-MAR-2018,"Cotton Wool Roll, class type: Class A",Used for cleansing and swabbing wounds and applying medication.,SoftCotton-Advance,SoftCotton-7950A,SLA - Tamil Nadu,,"Legal Manufacturing Site : Spark Peripheral Technologies Unit, New Delhi",Used for cleansing and swabbing wounds and applying medication.,140,Dimensions: Varied (Small/Compact) | Weight: < 1 kg | Material: Medical Grade
315,"Astra Medical Supplies, Ring Road, Surat, Gujarat",Licence no: IMP/MD/2024/00536 Issued on: 02-JUN-2024,"Cotton Wool Roll, class type: Class A",Used for cleansing and swabbing wounds and applying medication.,SoftCotton-Max,SoftCotton-2566A,SLA - Tamil Nadu,,"Legal Manufacturing Site : Astra Medical Supplies Unit, Gujarat",Used for cleansing and swabbing wounds and applying medication.,100,Dimensions: Varied (Small/Compact) | Weight: < 1 kg | Material: Medical Grade
316,"Spark Peripheral Technologies, Shop 1, Moolchand Market, New Delhi",Licence no: IMP/MD/2021/00457 Issued on: 14-FEB-2021,"Cotton Wool Roll, class type: Class A",Used for cleansing and swabbing wounds and applying medication.,SoftCotton-Elite,SoftCotton-5009,SLA - Telangana,,"Legal Manufacturing Site : Spark Peripheral Technologies Unit, New Delhi",Used for cleansing and swabbing wounds and applying medication.,130,Dimensions: Varied (Small/Compact) | Weight: < 1 kg | Material: Medical Grade
317,"Astra Medical Supplies, Ring Road, Surat, Gujarat",Licence no: IMP/MD/2024/00100 Issued on: 25-JUN-2024,"Cotton Wool Roll, class type: Class A",Used for cleansing and swabbing wounds and applying medication.,SoftCotton-Pro,SoftCotton-4068A,SLA - Karnataka,,"Legal Manufacturing Site : Astra Medical Supplies Unit, Gujarat",Used for cleansing and swabbing wounds and applying medication.,240,Dimensions: Varied (Small/Compact) | Weight: < 1 kg | Material: Medical Grade
318,"MediCorp India Pvt Ltd, Cyber City, Phase 2, Gurgaon, Haryana",Licence no: IMP/MD/2018/00993 Issued on: 28-OCT-2018,"Cotton Wool Roll, class type: Class A",Used for cleansing and swabbing wounds and applying medication.,SoftCotton-Elite,SoftCotton-3665X,CLA - CDSCO,,"Legal Manufacturing Site : MediCorp India Pvt Ltd Unit, Haryana",Used for cleansing and swabbing wounds and applying medication.,120,Dimensions: Varied (Small/Compact) | Weight: < 1 kg | Material: Medical Grade
319,"MediCorp India Pvt Ltd, Cyber City, Phase 2, Gurgaon, Haryana",Licence no: IMP/MD/2018/00456 Issued on: 03-JUN-2018,"Digital Thermometer, class type: Class B",Measures human body temperature electronically.,ThermoRead-Basic,ThermoRead-5894A,CLA - CDSCO,,"Legal Manufacturing Site : MediCorp India Pvt Ltd Unit, Haryana",Measures human body temperature electronically.,170,Dimensions: 30 x 20 x 15 cm | Weight: ~2-10 kg | Power: 110V/220V AC or Battery
320,"Quantum Care Co., Jubilee Hills, Hyderabad, Telangana",Licence no: MFG/MD/2024/00566 Issued on: 15-MAR-2024,"Digital Thermometer, class type: Class B",Measures human body temperature electronically.,ThermoRead-Max,ThermoRead-1664A,SLA - Tamil Nadu,,"Legal Manufacturing Site : Quantum Care Co. Unit, Telangana",Measures human body temperature electronically.,490,Dimensions: 30 x 20 x 15 cm | Weight: ~2-10 kg | Power: 110V/220V AC or Battery
321,"NovaBio Tech, Phase 8, Industrial Area, Mohali, Punjab",Licence no: IMP/MD/2021/00735 Issued on: 13-SEP-2021,"Digital Thermometer, class type: Class B",Measures human body temperature electronically.,ThermoRead-Max,ThermoRead-6509X,SLA - Karnataka,,"Legal Manufacturing Site : NovaBio Tech Unit, Punjab",Measures human body temperature electronically.,310,Dimensions: 30 x 20 x 15 cm | Weight: ~2-10 kg | Power: 110V/220V AC or Battery
322,"Quantum Care Co., Jubilee Hills, Hyderabad, Telangana",Licence no: IMP/MD/2020/00800 Issued on: 26-NOV-2020,"Digital Thermometer, class type: Class B",Measures human body temperature electronically.,ThermoRead-Elite,ThermoRead-9015A,CLA - CDSCO,,"Legal Manufacturing Site : Quantum Care Co. Unit, Telangana",Measures human body temperature electronically.,400,Dimensions: 30 x 20 x 15 cm | Weight: ~2-10 kg | Power: 110V/220V AC or Battery
323,"Astra Medical Supplies, Ring Road, Surat, Gujarat",Licence no: MFG/MD/2020/00795 Issued on: 08-NOV-2020,"Digital Thermometer, class type: Class B",Measures human body temperature electronically.,ThermoRead-Plus,ThermoRead-2775B,CLA - CDSCO,,"Legal Manufacturing Site : Astra Medical Supplies Unit, Gujarat",Measures human body temperature electronically.,220,Dimensions: 30 x 20 x 15 cm | Weight: ~2-10 kg | Power: 110V/220V AC or Battery
324,"MediCorp India Pvt Ltd, Cyber City, Phase 2, Gurgaon, Haryana",Licence no: IMP/MD/2021/00816 Issued on: 22-MAY-2021,"Digital Thermometer, class type: Class B",Measures human body temperature electronically.,ThermoRead-Advance,ThermoRead-5665X,SLA - Telangana,,"Legal Manufacturing Site : MediCorp India Pvt Ltd Unit, Haryana",Measures human body temperature electronically.,230,Dimensions: 30 x 20 x 15 cm | Weight: ~2-10 kg | Power: 110V/220V AC or Battery
325,"MediCorp India Pvt Ltd, Cyber City, Phase 2, Gurgaon, Haryana",Licence no: MFG/MD/2019/00601 Issued on: 20-MAY-2019,"Digital Thermometer, class type: Class B",Measures human body temperature electronically.,ThermoRead-Basic,ThermoRead-8364,SLA - Gujarat,,"Legal Manufacturing Site : MediCorp India Pvt Ltd Unit, Haryana",Measures human body temperature electronically.,410,Dimensions: 30 x 20 x 15 cm | Weight: ~2-10 kg | Power: 110V/220V AC or Battery
326,"Quantum Care Co., Jubilee Hills, Hyderabad, Telangana",Licence no: IMP/MD/2020/00231 Issued on: 04-APR-2020,"Digital Thermometer, class type: Class B",Measures human body temperature electronically.,ThermoRead-Pro,ThermoRead-8887A,SLA - Delhi,,"Legal Manufacturing Site : Quantum Care Co. Unit, Telangana",Measures human body temperature electronically.,430,Dimensions: 30 x 20 x 15 cm | Weight: ~2-10 kg | Power: 110V/220V AC or Battery
327,"MediCorp India Pvt Ltd, Cyber City, Phase 2, Gurgaon, Haryana",Licence no: MFG/MD/2019/00534 Issued on: 09-SEP-2019,"Digital Thermometer, class type: Class B",Measures human body temperature electronically.,ThermoRead-Elite,ThermoRead-9950X,SLA - Gujarat,,"Legal Manufacturing Site : MediCorp India Pvt Ltd Unit, Haryana",Measures human body temperature electronically.,400,Dimensions: 30 x 20 x 15 cm | Weight: ~2-10 kg | Power: 110V/220V AC or Battery
328,"Apex Surgical Imports, 12, GIDC, Makarpura, Vadodara, Gujarat",Licence no: MFG/MD/2022/00800 Issued on: 13-SEP-2022,"Digital Thermometer, class type: Class B",Measures human body temperature electronically.,ThermoRead-Basic,ThermoRead-2239B,SLA - Karnataka,,"Legal Manufacturing Site : Apex Surgical Imports Unit, Gujarat",Measures human body temperature electronically.,220,Dimensions: 30 x 20 x 15 cm | Weight: ~2-10 kg | Power: 110V/220V AC or Battery
329,"NovaBio Tech, Phase 8, Industrial Area, Mohali, Punjab",Licence no: IMP/MD/2022/00786 Issued on: 12-AUG-2022,"Disposable Examination Gloves, class type: Class A",Worn during medical examinations and procedures to help prevent cross-contamination.,SafeGlove-Plus,SafeGlove-1098B,SLA - Delhi,,"Legal Manufacturing Site : NovaBio Tech Unit, Punjab",Worn during medical examinations and procedures to help prevent cross-contamination.,660,Dimensions: Varied (Small/Compact) | Weight: < 1 kg | Material: Medical Grade
330,"Quantum Care Co., Jubilee Hills, Hyderabad, Telangana",Licence no: IMP/MD/2018/00976 Issued on: 18-MAR-2018,"Disposable Examination Gloves, class type: Class A",Worn during medical examinations and procedures to help prevent cross-contamination.,SafeGlove-Plus,SafeGlove-1666,SLA - Delhi,,"Legal Manufacturing Site : Quantum Care Co. Unit, Telangana",Worn during medical examinations and procedures to help prevent cross-contamination.,800,Dimensions: Varied (Small/Compact) | Weight: < 1 kg | Material: Medical Grade
331,"LifeCare Innovations, Tech Park, OMR, Chennai, Tamil Nadu",Licence no: IMP/MD/2022/00596 Issued on: 14-SEP-2022,"Disposable Examination Gloves, class type: Class A",Worn during medical examinations and procedures to help prevent cross-contamination.,SafeGlove-Basic,SafeGlove-9872B,CLA - CDSCO,,"Legal Manufacturing Site : LifeCare Innovations Unit, Tamil Nadu",Worn during medical examinations and procedures to help prevent cross-contamination.,340,Dimensions: Varied (Small/Compact) | Weight: < 1 kg | Material: Medical Grade
332,"Global Health Solutions, Plot 45, Industrial Area, Peenya, Bangalore",Licence no: IMP/MD/2022/00581 Issued on: 18-JAN-2022,"Disposable Examination Gloves, class type: Class A",Worn during medical examinations and procedures to help prevent cross-contamination.,SafeGlove-Basic,SafeGlove-3589A,SLA - Tamil Nadu,,"Legal Manufacturing Site : Global Health Solutions Unit, Bangalore",Worn during medical examinations and procedures to help prevent cross-contamination.,370,Dimensions: Varied (Small/Compact) | Weight: < 1 kg | Material: Medical Grade
333,"Apex Surgical Imports, 12, GIDC, Makarpura, Vadodara, Gujarat",Licence no: IMP/MD/2024/00814 Issued on: 28-JUN-2024,"Disposable Examination Gloves, class type: Class A",Worn during medical examinations and procedures to help prevent cross-contamination.,SafeGlove-Elite,SafeGlove-7969A,CLA - CDSCO,,"Legal Manufacturing Site : Apex Surgical Imports Unit, Gujarat",Worn during medical examinations and procedures to help prevent cross-contamination.,640,Dimensions: Varied (Small/Compact) | Weight: < 1 kg | Material: Medical Grade
334,"Apex Surgical Imports, 12, GIDC, Makarpura, Vadodara, Gujarat",Licence no: MFG/MD/2022/00346 Issued on: 28-SEP-2022,"Disposable Examination Gloves, class type: Class A",Worn during medical examinations and procedures to help prevent cross-contamination.,SafeGlove-Ultra,SafeGlove-5392X,SLA - Telangana,,"Legal Manufacturing Site : Apex Surgical Imports Unit, Gujarat",Worn during medical examinations and procedures to help prevent cross-contamination.,570,Dimensions: Varied (Small/Compact) | Weight: < 1 kg | Material: Medical Grade
335,"MediCorp India Pvt Ltd, Cyber City, Phase 2, Gurgaon, Haryana",Licence no: MFG/MD/2024/00943 Issued on: 22-OCT-2024,"Disposable Examination Gloves, class type: Class A",Worn during medical examinations and procedures to help prevent cross-contamination.,SafeGlove-Basic,SafeGlove-6809A,CLA - CDSCO,,"Legal Manufacturing Site : MediCorp India Pvt Ltd Unit, Haryana",Worn during medical examinations and procedures to help prevent cross-contamination.,430,Dimensions: Varied (Small/Compact) | Weight: < 1 kg | Material: Medical Grade
336,"NovaBio Tech, Phase 8, Industrial Area, Mohali, Punjab",Licence no: MFG/MD/2021/00927 Issued on: 20-JUN-2021,"First Aid Kit, class type: Class A",Collection of supplies and equipment used to give medical treatment.,AidPack-Pro,AidPack-9153A,CLA - CDSCO,,"Legal Manufacturing Site : NovaBio Tech Unit, Punjab",Collection of supplies and equipment used to give medical treatment.,670,Dimensions: Standard | Weight: Varies | Refer to manual for specs
337,"NovaBio Tech, Phase 8, Industrial Area, Mohali, Punjab",Licence no: MFG/MD/2020/00704 Issued on: 06-APR-2020,"First Aid Kit, class type: Class A",Collection of supplies and equipment used to give medical treatment.,AidPack-Max,AidPack-8321X,CLA - CDSCO,,"Legal Manufacturing Site : NovaBio Tech Unit, Punjab",Collection of supplies and equipment used to give medical treatment.,2100,Dimensions: Standard | Weight: Varies | Refer to manual for specs
338,"Global Health Solutions, Plot 45, Industrial Area, Peenya, Bangalore",Licence no: MFG/MD/2023/00708 Issued on: 20-AUG-2023,"First Aid Kit, class type: Class A",Collection of supplies and equipment used to give medical treatment.,AidPack-Advance,AidPack-7095,SLA - Gujarat,,"Legal Manufacturing Site : Global Health Solutions Unit, Bangalore",Collection of supplies and equipment used to give medical treatment.,690,Dimensions: Standard | Weight: Varies | Refer to manual for specs
339,"Apex Surgical Imports, 12, GIDC, Makarpura, Vadodara, Gujarat",Licence no: IMP/MD/2021/00631 Issued on: 06-AUG-2021,"First Aid Kit, class type: Class A",Collection of supplies and equipment used to give medical treatment.,AidPack-Ultra,AidPack-6136X,SLA - Delhi,,"Legal Manufacturing Site : Apex Surgical Imports Unit, Gujarat",Collection of supplies and equipment used to give medical treatment.,1500,Dimensions: Standard | Weight: Varies | Refer to manual for specs
340,"Pioneer Health Systems, Sector V, Salt Lake, Kolkata, West Bengal",Licence no: MFG/MD/2020/00313 Issued on: 28-MAY-2020,"Hand Sanitizer (Medical Grade), class type: Class A",Liquid or gel generally used to decrease infectious agents on the hands.,MicroKill-Advance,MicroKill-1835A,SLA - Delhi,,"Legal Manufacturing Site : Pioneer Health Systems Unit, West Bengal",Liquid or gel generally used to decrease infectious agents on the hands.,560,Dimensions: Standard | Weight: Varies | Refer to manual for specs
341,"Spark Peripheral Technologies, Shop 1, Moolchand Market, New Delhi",Licence no: MFG/MD/2022/00668 Issued on: 26-JUL-2022,"Hand Sanitizer (Medical Grade), class type: Class A",Liquid or gel generally used to decrease infectious agents on the hands.,MicroKill-Plus,MicroKill-1772A,SLA - Karnataka,,"Legal Manufacturing Site : Spark Peripheral Technologies Unit, New Delhi",Liquid or gel generally used to decrease infectious agents on the hands.,300,Dimensions: Standard | Weight: Varies | Refer to manual for specs
342,"Quantum Care Co., Jubilee Hills, Hyderabad, Telangana",Licence no: IMP/MD/2022/00241 Issued on: 27-MAY-2022,"Hand Sanitizer (Medical Grade), class type: Class A",Liquid or gel generally used to decrease infectious agents on the hands.,MicroKill-Advance,MicroKill-6211X,SLA - Tamil Nadu,,"Legal Manufacturing Site : Quantum Care Co. Unit, Telangana",Liquid or gel generally used to decrease infectious agents on the hands.,790,Dimensions: Standard | Weight: Varies | Refer to manual for specs
343,"Apex Surgical Imports, 12, GIDC, Makarpura, Vadodara, Gujarat",Licence no: IMP/MD/2024/00257 Issued on: 18-DEC-2024,"Hand Sanitizer (Medical Grade), class type: Class A",Liquid or gel generally used to decrease infectious agents on the hands.,MicroKill-Max,MicroKill-4146X,SLA - Gujarat,,"Legal Manufacturing Site : Apex Surgical Imports Unit, Gujarat",Liquid or gel generally used to decrease infectious agents on the hands.,270,Dimensions: Standard | Weight: Varies | Refer to manual for specs
344,"NovaBio Tech, Phase 8, Industrial Area, Mohali, Punjab",Licence no: IMP/MD/2020/00742 Issued on: 10-JUN-2020,"Hand Sanitizer (Medical Grade), class type: Class A",Liquid or gel generally used to decrease infectious agents on the hands.,MicroKill-Max,MicroKill-8094B,SLA - Karnataka,,"Legal Manufacturing Site : NovaBio Tech Unit, Punjab",Liquid or gel generally used to decrease infectious agents on the hands.,760,Dimensions: Standard | Weight: Varies | Refer to manual for specs
345,"Apex Surgical Imports, 12, GIDC, Makarpura, Vadodara, Gujarat",Licence no: MFG/MD/2020/00248 Issued on: 11-SEP-2020,"Hand Sanitizer (Medical Grade), class type: Class A",Liquid or gel generally used to decrease infectious agents on the hands.,MicroKill-Plus,MicroKill-3216A,SLA - Gujarat,,"Legal Manufacturing Site : Apex Surgical Imports Unit, Gujarat",Liquid or gel generally used to decrease infectious agents on the hands.,190,Dimensions: Standard | Weight: Varies | Refer to manual for specs
346,"Spark Peripheral Technologies, Shop 1, Moolchand Market, New Delhi",Licence no: IMP/MD/2018/00422 Issued on: 26-FEB-2018,"Hand Sanitizer (Medical Grade), class type: Class A",Liquid or gel generally used to decrease infectious agents on the hands.,MicroKill-Ultra,MicroKill-2273,SLA - Karnataka,,"Legal Manufacturing Site : Spark Peripheral Technologies Unit, New Delhi",Liquid or gel generally used to decrease infectious agents on the hands.,210,Dimensions: Standard | Weight: Varies | Refer to manual for specs
347,"Spark Peripheral Technologies, Shop 1, Moolchand Market, New Delhi",Licence no: MFG/MD/2024/00171 Issued on: 16-FEB-2024,"Ice Pack / Hot Pack, class type: Class A",Applied to the body to reduce swelling and pain (cold) or to relax muscles and improve circulation (hot).,ThermaRelief-X,ThermaRelief-1905X,SLA - Telangana,,"Legal Manufacturing Site : Spark Peripheral Technologies Unit, New Delhi",Applied to the body to reduce swelling and pain (cold) or to relax muscles and improve circulation (hot).,210,Dimensions: Standard | Weight: Varies | Refer to manual for specs
348,"LifeCare Innovations, Tech Park, OMR, Chennai, Tamil Nadu",Licence no: MFG/MD/2020/00478 Issued on: 01-OCT-2020,"Ice Pack / Hot Pack, class type: Class A",Applied to the body to reduce swelling and pain (cold) or to relax muscles and improve circulation (hot).,ThermaRelief-Advance,ThermaRelief-1204X,SLA - Karnataka,,"Legal Manufacturing Site : LifeCare Innovations Unit, Tamil Nadu",Applied to the body to reduce swelling and pain (cold) or to relax muscles and improve circulation (hot).,570,Dimensions: Standard | Weight: Varies | Refer to manual for specs
349,"Quantum Care Co., Jubilee Hills, Hyderabad, Telangana",Licence no: MFG/MD/2024/00794 Issued on: 01-OCT-2024,"Ice Pack / Hot Pack, class type: Class A",Applied to the body to reduce swelling and pain (cold) or to relax muscles and improve circulation (hot).,ThermaRelief-Max,ThermaRelief-3976X,SLA - Karnataka,,"Legal Manufacturing Site : Quantum Care Co. Unit, Telangana",Applied to the body to reduce swelling and pain (cold) or to relax muscles and improve circulation (hot).,510,Dimensions: Standard | Weight: Varies | Refer to manual for specs
350,"NovaBio Tech, Phase 8, Industrial Area, Mohali, Punjab",Licence no: IMP/MD/2023/00413 Issued on: 25-JUL-2023,"Infrared Forehead Thermometer, class type: Class B",Measures surface temperature of the forehead non-invasively using infrared technology.,ScanTemp-Basic,ScanTemp-4062,SLA - Tamil Nadu,,"Legal Manufacturing Site : NovaBio Tech Unit, Punjab",Measures surface temperature of the forehead non-invasively using infrared technology.,2400,Dimensions: 30 x 20 x 15 cm | Weight: ~2-10 kg | Power: 110V/220V AC or Battery
351,"Pioneer Health Systems, Sector V, Salt Lake, Kolkata, West Bengal",Licence no: MFG/MD/2018/00673 Issued on: 01-APR-2018,"Infrared Forehead Thermometer, class type: Class B",Measures surface temperature of the forehead non-invasively using infrared technology.,ScanTemp-Pro,ScanTemp-7831X,SLA - Gujarat,,"Legal Manufacturing Site : Pioneer Health Systems Unit, West Bengal",Measures surface temperature of the forehead non-invasively using infrared technology.,2900,Dimensions: 30 x 20 x 15 cm | Weight: ~2-10 kg | Power: 110V/220V AC or Battery
352,"Spark Peripheral Technologies, Shop 1, Moolchand Market, New Delhi",Licence no: IMP/MD/2024/00485 Issued on: 04-NOV-2024,"Infrared Forehead Thermometer, class type: Class B",Measures surface temperature of the forehead non-invasively using infrared technology.,ScanTemp-Basic,ScanTemp-8158A,SLA - Delhi,,"Legal Manufacturing Site : Spark Peripheral Technologies Unit, New Delhi",Measures surface temperature of the forehead non-invasively using infrared technology.,2500,Dimensions: 30 x 20 x 15 cm | Weight: ~2-10 kg | Power: 110V/220V AC or Battery
353,"Pioneer Health Systems, Sector V, Salt Lake, Kolkata, West Bengal",Licence no: MFG/MD/2023/00869 Issued on: 18-OCT-2023,"Infrared Forehead Thermometer, class type: Class B",Measures surface temperature of the forehead non-invasively using infrared technology.,ScanTemp-Max,ScanTemp-9509B,SLA - Gujarat,,"Legal Manufacturing Site : Pioneer Health Systems Unit, West Bengal",Measures surface temperature of the forehead non-invasively using infrared technology.,1300,Dimensions: 30 x 20 x 15 cm | Weight: ~2-10 kg | Power: 110V/220V AC or Battery
354,"Quantum Care Co., Jubilee Hills, Hyderabad, Telangana",Licence no: MFG/MD/2022/00232 Issued on: 22-MAR-2022,"Infrared Forehead Thermometer, class type: Class B",Measures surface temperature of the forehead non-invasively using infrared technology.,ScanTemp-Advance,ScanTemp-4967A,SLA - Telangana,,"Legal Manufacturing Site : Quantum Care Co. Unit, Telangana",Measures surface temperature of the forehead non-invasively using infrared technology.,1500,Dimensions: 30 x 20 x 15 cm | Weight: ~2-10 kg | Power: 110V/220V AC or Battery
355,"Astra Medical Supplies, Ring Road, Surat, Gujarat",Licence no: MFG/MD/2023/00558 Issued on: 21-APR-2023,"Infrared Forehead Thermometer, class type: Class B",Measures surface temperature of the forehead non-invasively using infrared technology.,ScanTemp-Elite,ScanTemp-4226B,SLA - Maharashtra,,"Legal Manufacturing Site : Astra Medical Supplies Unit, Gujarat",Measures surface temperature of the forehead non-invasively using infrared technology.,1600,Dimensions: 30 x 20 x 15 cm | Weight: ~2-10 kg | Power: 110V/220V AC or Battery
356,"Global Health Solutions, Plot 45, Industrial Area, Peenya, Bangalore",Licence no: MFG/MD/2021/00229 Issued on: 11-SEP-2021,"Infrared Forehead Thermometer, class type: Class B",Measures surface temperature of the forehead non-invasively using infrared technology.,ScanTemp-Elite,ScanTemp-5955A,SLA - Tamil Nadu,,"Legal Manufacturing Site : Global Health Solutions Unit, Bangalore",Measures surface temperature of the forehead non-invasively using infrared technology.,2200,Dimensions: 30 x 20 x 15 cm | Weight: ~2-10 kg | Power: 110V/220V AC or Battery
357,"MediCorp India Pvt Ltd, Cyber City, Phase 2, Gurgaon, Haryana",Licence no: MFG/MD/2018/00248 Issued on: 03-OCT-2018,"Infrared Forehead Thermometer, class type: Class B",Measures surface temperature of the forehead non-invasively using infrared technology.,ScanTemp-Advance,ScanTemp-5335X,CLA - CDSCO,,"Legal Manufacturing Site : MediCorp India Pvt Ltd Unit, Haryana",Measures surface temperature of the forehead non-invasively using infrared technology.,2200,Dimensions: 30 x 20 x 15 cm | Weight: ~2-10 kg | Power: 110V/220V AC or Battery
358,"Pioneer Health Systems, Sector V, Salt Lake, Kolkata, West Bengal",Licence no: IMP/MD/2019/00693 Issued on: 04-OCT-2019,"Knee Brace / Support, class type: Class A",Worn around the knee to support a painful or injured joint.,OrthoSupport-Max,OrthoSupport-8123B,SLA - Karnataka,,"Legal Manufacturing Site : Pioneer Health Systems Unit, West Bengal",Worn around the knee to support a painful or injured joint.,1800,Dimensions: Standard | Weight: Varies | Refer to manual for specs
359,"Apex Surgical Imports, 12, GIDC, Makarpura, Vadodara, Gujarat",Licence no: MFG/MD/2023/00834 Issued on: 01-JAN-2023,"Knee Brace / Support, class type: Class A",Worn around the knee to support a painful or injured joint.,OrthoSupport-Ultra,OrthoSupport-1285X,SLA - Karnataka,,"Legal Manufacturing Site : Apex Surgical Imports Unit, Gujarat",Worn around the knee to support a painful or injured joint.,1600,Dimensions: Standard | Weight: Varies | Refer to manual for specs
360,"Spark Peripheral Technologies, Shop 1, Moolchand Market, New Delhi",Licence no: MFG/MD/2021/00892 Issued on: 03-APR-2021,"Knee Brace / Support, class type: Class A",Worn around the knee to support a painful or injured joint.,OrthoSupport-Elite,OrthoSupport-8329,SLA - Telangana,,"Legal Manufacturing Site : Spark Peripheral Technologies Unit, New Delhi",Worn around the knee to support a painful or injured joint.,1600,Dimensions: Standard | Weight: Varies | Refer to manual for specs
361,"Spark Peripheral Technologies, Shop 1, Moolchand Market, New Delhi",Licence no: IMP/MD/2022/00218 Issued on: 15-SEP-2022,"Knee Brace / Support, class type: Class A",Worn around the knee to support a painful or injured joint.,OrthoSupport-Ultra,OrthoSupport-8894B,SLA - Karnataka,,"Legal Manufacturing Site : Spark Peripheral Technologies Unit, New Delhi",Worn around the knee to support a painful or injured joint.,580,Dimensions: Standard | Weight: Varies | Refer to manual for specs
362,"Apex Surgical Imports, 12, GIDC, Makarpura, Vadodara, Gujarat",Licence no: IMP/MD/2020/00347 Issued on: 27-JAN-2020,"Knee Brace / Support, class type: Class A",Worn around the knee to support a painful or injured joint.,OrthoSupport-Pro,OrthoSupport-2304,SLA - Delhi,,"Legal Manufacturing Site : Apex Surgical Imports Unit, Gujarat",Worn around the knee to support a painful or injured joint.,1400,Dimensions: Standard | Weight: Varies | Refer to manual for specs
363,"Apex Surgical Imports, 12, GIDC, Makarpura, Vadodara, Gujarat",Licence no: IMP/MD/2021/00392 Issued on: 23-JUN-2021,"Knee Brace / Support, class type: Class A",Worn around the knee to support a painful or injured joint.,OrthoSupport-Advance,OrthoSupport-5029B,SLA - Telangana,,"Legal Manufacturing Site : Apex Surgical Imports Unit, Gujarat",Worn around the knee to support a painful or injured joint.,990,Dimensions: Standard | Weight: Varies | Refer to manual for specs
364,"Spark Peripheral Technologies, Shop 1, Moolchand Market, New Delhi",Licence no: IMP/MD/2018/00536 Issued on: 19-JAN-2018,"Medical Adhesive Tape, class type: Class A","Used to attach bandages, gauze, and other dressings to skin around wounds.",SurgiTape-Pro,SurgiTape-1165,SLA - Maharashtra,,"Legal Manufacturing Site : Spark Peripheral Technologies Unit, New Delhi","Used to attach bandages, gauze, and other dressings to skin around wounds.",190,Dimensions: Varied (Small/Compact) | Weight: < 1 kg | Material: Medical Grade
365,"Astra Medical Supplies, Ring Road, Surat, Gujarat",Licence no: IMP/MD/2021/00207 Issued on: 25-DEC-2021,"Medical Adhesive Tape, class type: Class A","Used to attach bandages, gauze, and other dressings to skin around wounds.",SurgiTape-X,SurgiTape-7954X,SLA - Maharashtra,,"Legal Manufacturing Site : Astra Medical Supplies Unit, Gujarat","Used to attach bandages, gauze, and other dressings to skin around wounds.",230,Dimensions: Varied (Small/Compact) | Weight: < 1 kg | Material: Medical Grade
366,"Quantum Care Co., Jubilee Hills, Hyderabad, Telangana",Licence no: IMP/MD/2018/00286 Issued on: 27-JAN-2018,"Medical Adhesive Tape, class type: Class A","Used to attach bandages, gauze, and other dressings to skin around wounds.",SurgiTape-Plus,SurgiTape-5379X,SLA - Tamil Nadu,,"Legal Manufacturing Site : Quantum Care Co. Unit, Telangana","Used to attach bandages, gauze, and other dressings to skin around wounds.",180,Dimensions: Varied (Small/Compact) | Weight: < 1 kg | Material: Medical Grade
367,"Apex Surgical Imports, 12, GIDC, Makarpura, Vadodara, Gujarat",Licence no: IMP/MD/2019/00115 Issued on: 28-DEC-2019,"Medical Adhesive Tape, class type: Class A","Used to attach bandages, gauze, and other dressings to skin around wounds.",SurgiTape-Ultra,SurgiTape-2483,SLA - Delhi,,"Legal Manufacturing Site : Apex Surgical Imports Unit, Gujarat","Used to attach bandages, gauze, and other dressings to skin around wounds.",80,Dimensions: Varied (Small/Compact) | Weight: < 1 kg | Material: Medical Grade
368,"Pioneer Health Systems, Sector V, Salt Lake, Kolkata, West Bengal",Licence no: IMP/MD/2022/00576 Issued on: 08-MAY-2022,"Medical Adhesive Tape, class type: Class A","Used to attach bandages, gauze, and other dressings to skin around wounds.",SurgiTape-Ultra,SurgiTape-6405B,SLA - Telangana,,"Legal Manufacturing Site : Pioneer Health Systems Unit, West Bengal","Used to attach bandages, gauze, and other dressings to skin around wounds.",240,Dimensions: Varied (Small/Compact) | Weight: < 1 kg | Material: Medical Grade
369,"Pioneer Health Systems, Sector V, Salt Lake, Kolkata, West Bengal",Licence no: IMP/MD/2020/00654 Issued on: 07-MAY-2020,"Medical Adhesive Tape, class type: Class A","Used to attach bandages, gauze, and other dressings to skin around wounds.",SurgiTape-Pro,SurgiTape-5043B,SLA - Delhi,,"Legal Manufacturing Site : Pioneer Health Systems Unit, West Bengal","Used to attach bandages, gauze, and other dressings to skin around wounds.",80,Dimensions: Varied (Small/Compact) | Weight: < 1 kg | Material: Medical Grade
370,"Pioneer Health Systems, Sector V, Salt Lake, Kolkata, West Bengal",Licence no: MFG/MD/2023/00463 Issued on: 22-SEP-2023,"Medical Adhesive Tape, class type: Class A","Used to attach bandages, gauze, and other dressings to skin around wounds.",SurgiTape-Max,SurgiTape-6130A,CLA - CDSCO,,"Legal Manufacturing Site : Pioneer Health Systems Unit, West Bengal","Used to attach bandages, gauze, and other dressings to skin around wounds.",170,Dimensions: Varied (Small/Compact) | Weight: < 1 kg | Material: Medical Grade
371,"NovaBio Tech, Phase 8, Industrial Area, Mohali, Punjab",Licence no: IMP/MD/2019/00804 Issued on: 09-JUL-2019,"Medical Adhesive Tape, class type: Class A","Used to attach bandages, gauze, and other dressings to skin around wounds.",SurgiTape-Plus,SurgiTape-8580,SLA - Telangana,,"Legal Manufacturing Site : NovaBio Tech Unit, Punjab","Used to attach bandages, gauze, and other dressings to skin around wounds.",100,Dimensions: Varied (Small/Compact) | Weight: < 1 kg | Material: Medical Grade
372,"Apex Surgical Imports, 12, GIDC, Makarpura, Vadodara, Gujarat",Licence no: IMP/MD/2024/00686 Issued on: 21-JUN-2024,"Medical Adhesive Tape, class type: Class A","Used to attach bandages, gauze, and other dressings to skin around wounds.",SurgiTape-Elite,SurgiTape-5386,SLA - Karnataka,,"Legal Manufacturing Site : Apex Surgical Imports Unit, Gujarat","Used to attach bandages, gauze, and other dressings to skin around wounds.",80,Dimensions: Varied (Small/Compact) | Weight: < 1 kg | Material: Medical Grade
373,"MediCorp India Pvt Ltd, Cyber City, Phase 2, Gurgaon, Haryana",Licence no: MFG/MD/2018/00799 Issued on: 14-AUG-2018,"Medical Face Mask (3-Ply), class type: Class A","Loose-fitting, disposable device that creates a physical barrier between the mouth and nose of the wearer and potential contaminants in the immediate environment.",SurgiMask-Ultra,SurgiMask-3714X,SLA - Delhi,,"Legal Manufacturing Site : MediCorp India Pvt Ltd Unit, Haryana","Loose-fitting, disposable device that creates a physical barrier between the mouth and nose of the wearer and potential contaminants in the immediate environment.",370,Dimensions: Varied (Small/Compact) | Weight: < 1 kg | Material: Medical Grade
374,"Apex Surgical Imports, 12, GIDC, Makarpura, Vadodara, Gujarat",Licence no: MFG/MD/2018/00131 Issued on: 13-MAR-2018,"Medical Face Mask (3-Ply), class type: Class A","Loose-fitting, disposable device that creates a physical barrier between the mouth and nose of the wearer and potential contaminants in the immediate environment.",SurgiMask-Max,SurgiMask-4179X,SLA - Delhi,,"Legal Manufacturing Site : Apex Surgical Imports Unit, Gujarat","Loose-fitting, disposable device that creates a physical barrier between the mouth and nose of the wearer and potential contaminants in the immediate environment.",130,Dimensions: Varied (Small/Compact) | Weight: < 1 kg | Material: Medical Grade
375,"LifeCare Innovations, Tech Park, OMR, Chennai, Tamil Nadu",Licence no: MFG/MD/2023/00969 Issued on: 17-APR-2023,"Medical Face Mask (3-Ply), class type: Class A","Loose-fitting, disposable device that creates a physical barrier between the mouth and nose of the wearer and potential contaminants in the immediate environment.",SurgiMask-Elite,SurgiMask-6352A,SLA - Karnataka,,"Legal Manufacturing Site : LifeCare Innovations Unit, Tamil Nadu","Loose-fitting, disposable device that creates a physical barrier between the mouth and nose of the wearer and potential contaminants in the immediate environment.",330,Dimensions: Varied (Small/Compact) | Weight: < 1 kg | Material: Medical Grade
376,"LifeCare Innovations, Tech Park, OMR, Chennai, Tamil Nadu",Licence no: IMP/MD/2021/00834 Issued on: 16-OCT-2021,"Medical Face Mask (3-Ply), class type: Class A","Loose-fitting, disposable device that creates a physical barrier between the mouth and nose of the wearer and potential contaminants in the immediate environment.",SurgiMask-Elite,SurgiMask-1041,SLA - Gujarat,,"Legal Manufacturing Site : LifeCare Innovations Unit, Tamil Nadu","Loose-fitting, disposable device that creates a physical barrier between the mouth and nose of the wearer and potential contaminants in the immediate environment.",150,Dimensions: Varied (Small/Compact) | Weight: < 1 kg | Material: Medical Grade
377,"Global Health Solutions, Plot 45, Industrial Area, Peenya, Bangalore",Licence no: MFG/MD/2022/00246 Issued on: 24-JUN-2022,"Medical Face Mask (3-Ply), class type: Class A","Loose-fitting, disposable device that creates a physical barrier between the mouth and nose of the wearer and potential contaminants in the immediate environment.",SurgiMask-Plus,SurgiMask-1986,SLA - Tamil Nadu,,"Legal Manufacturing Site : Global Health Solutions Unit, Bangalore","Loose-fitting, disposable device that creates a physical barrier between the mouth and nose of the wearer and potential contaminants in the immediate environment.",370,Dimensions: Varied (Small/Compact) | Weight: < 1 kg | Material: Medical Grade
378,"Pioneer Health Systems, Sector V, Salt Lake, Kolkata, West Bengal",Licence no: MFG/MD/2021/00575 Issued on: 21-MAY-2021,"Medical Gauze Swabs, class type: Class A",Used for absorbing blood and other fluids as well as cleaning wounds.,PureGauze-X,PureGauze-2864,SLA - Telangana,,"Legal Manufacturing Site : Pioneer Health Systems Unit, West Bengal",Used for absorbing blood and other fluids as well as cleaning wounds.,170,Dimensions: Varied (Small/Compact) | Weight: < 1 kg | Material: Medical Grade
379,"Zenith Medical Devices, Tower B, BKC, Bandra East, Mumbai, Maharashtra",Licence no: MFG/MD/2024/00521 Issued on: 19-OCT-2024,"Medical Gauze Swabs, class type: Class A",Used for absorbing blood and other fluids as well as cleaning wounds.,PureGauze-Basic,PureGauze-7653X,SLA - Karnataka,,"Legal Manufacturing Site : Zenith Medical Devices Unit, Maharashtra",Used for absorbing blood and other fluids as well as cleaning wounds.,70,Dimensions: Varied (Small/Compact) | Weight: < 1 kg | Material: Medical Grade
380,"Astra Medical Supplies, Ring Road, Surat, Gujarat",Licence no: IMP/MD/2019/00906 Issued on: 16-APR-2019,"Medical Gauze Swabs, class type: Class A",Used for absorbing blood and other fluids as well as cleaning wounds.,PureGauze-Pro,PureGauze-4385,SLA - Telangana,,"Legal Manufacturing Site : Astra Medical Supplies Unit, Gujarat",Used for absorbing blood and other fluids as well as cleaning wounds.,180,Dimensions: Varied (Small/Compact) | Weight: < 1 kg | Material: Medical Grade
381,"NovaBio Tech, Phase 8, Industrial Area, Mohali, Punjab",Licence no: IMP/MD/2021/00624 Issued on: 03-AUG-2021,"Medical Gauze Swabs, class type: Class A",Used for absorbing blood and other fluids as well as cleaning wounds.,PureGauze-Pro,PureGauze-4747A,SLA - Karnataka,,"Legal Manufacturing Site : NovaBio Tech Unit, Punjab",Used for absorbing blood and other fluids as well as cleaning wounds.,100,Dimensions: Varied (Small/Compact) | Weight: < 1 kg | Material: Medical Grade
382,"Global Health Solutions, Plot 45, Industrial Area, Peenya, Bangalore",Licence no: MFG/MD/2024/00339 Issued on: 02-FEB-2024,"Medical Gauze Swabs, class type: Class A",Used for absorbing blood and other fluids as well as cleaning wounds.,PureGauze-Ultra,PureGauze-9508,SLA - Maharashtra,,"Legal Manufacturing Site : Global Health Solutions Unit, Bangalore",Used for absorbing blood and other fluids as well as cleaning wounds.,140,Dimensions: Varied (Small/Compact) | Weight: < 1 kg | Material: Medical Grade
383,"Apex Surgical Imports, 12, GIDC, Makarpura, Vadodara, Gujarat",Licence no: IMP/MD/2024/00595 Issued on: 22-AUG-2024,"Medical Gauze Swabs, class type: Class A",Used for absorbing blood and other fluids as well as cleaning wounds.,PureGauze-Plus,PureGauze-8228X,CLA - CDSCO,,"Legal Manufacturing Site : Apex Surgical Imports Unit, Gujarat",Used for absorbing blood and other fluids as well as cleaning wounds.,70,Dimensions: Varied (Small/Compact) | Weight: < 1 kg | Material: Medical Grade
384,"Apex Surgical Imports, 12, GIDC, Makarpura, Vadodara, Gujarat",Licence no: MFG/MD/2021/00555 Issued on: 11-APR-2021,"Medical Gauze Swabs, class type: Class A",Used for absorbing blood and other fluids as well as cleaning wounds.,PureGauze-Ultra,PureGauze-3950X,SLA - Telangana,,"Legal Manufacturing Site : Apex Surgical Imports Unit, Gujarat",Used for absorbing blood and other fluids as well as cleaning wounds.,100,Dimensions: Varied (Small/Compact) | Weight: < 1 kg | Material: Medical Grade
385,"Astra Medical Supplies, Ring Road, Surat, Gujarat",Licence no: IMP/MD/2019/00168 Issued on: 09-JUL-2019,"Medical Gauze Swabs, class type: Class A",Used for absorbing blood and other fluids as well as cleaning wounds.,PureGauze-Pro,PureGauze-3571A,SLA - Karnataka,,"Legal Manufacturing Site : Astra Medical Supplies Unit, Gujarat",Used for absorbing blood and other fluids as well as cleaning wounds.,100,Dimensions: Varied (Small/Compact) | Weight: < 1 kg | Material: Medical Grade
386,"Global Health Solutions, Plot 45, Industrial Area, Peenya, Bangalore",Licence no: IMP/MD/2022/00895 Issued on: 21-NOV-2022,"Medical Gauze Swabs, class type: Class A",Used for absorbing blood and other fluids as well as cleaning wounds.,PureGauze-Basic,PureGauze-8568,SLA - Telangana,,"Legal Manufacturing Site : Global Health Solutions Unit, Bangalore",Used for absorbing blood and other fluids as well as cleaning wounds.,60,Dimensions: Varied (Small/Compact) | Weight: < 1 kg | Material: Medical Grade
387,"Apex Surgical Imports, 12, GIDC, Makarpura, Vadodara, Gujarat",Licence no: IMP/MD/2021/00352 Issued on: 08-NOV-2021,"Tongue Depressor, class type: Class A",Used in medical practice to depress the tongue to allow for examination of the mouth and throat.,WoodDepress-Plus,WoodDepress-6724X,SLA - Gujarat,,"Legal Manufacturing Site : Apex Surgical Imports Unit, Gujarat",Used in medical practice to depress the tongue to allow for examination of the mouth and throat.,150,Dimensions: Standard | Weight: Varies | Refer to manual for specs
388,"Global Health Solutions, Plot 45, Industrial Area, Peenya, Bangalore",Licence no: MFG/MD/2023/00423 Issued on: 18-JUN-2023,"Tongue Depressor, class type: Class A",Used in medical practice to depress the tongue to allow for examination of the mouth and throat.,WoodDepress-X,WoodDepress-8732A,SLA - Maharashtra,,"Legal Manufacturing Site : Global Health Solutions Unit, Bangalore",Used in medical practice to depress the tongue to allow for examination of the mouth and throat.,260,Dimensions: Standard | Weight: Varies | Refer to manual for specs
389,"MediCorp India Pvt Ltd, Cyber City, Phase 2, Gurgaon, Haryana",Licence no: IMP/MD/2019/00757 Issued on: 25-NOV-2019,"Tongue Depressor, class type: Class A",Used in medical practice to depress the tongue to allow for examination of the mouth and throat.,WoodDepress-Plus,WoodDepress-8413,SLA - Delhi,,"Legal Manufacturing Site : MediCorp India Pvt Ltd Unit, Haryana",Used in medical practice to depress the tongue to allow for examination of the mouth and throat.,110,Dimensions: Standard | Weight: Varies | Refer to manual for specs
390,"Apex Surgical Imports, 12, GIDC, Makarpura, Vadodara, Gujarat",Licence no: IMP/MD/2024/00527 Issued on: 17-NOV-2024,"Tongue Depressor, class type: Class A",Used in medical practice to depress the tongue to allow for examination of the mouth and throat.,WoodDepress-Pro,WoodDepress-9462B,SLA - Maharashtra,,"Legal Manufacturing Site : Apex Surgical Imports Unit, Gujarat",Used in medical practice to depress the tongue to allow for examination of the mouth and throat.,100,Dimensions: Standard | Weight: Varies | Refer to manual for specs
391,"Spark Peripheral Technologies, Shop 1, Moolchand Market, New Delhi",Licence no: MFG/MD/2023/00394 Issued on: 15-SEP-2023,"Tongue Depressor, class type: Class A",Used in medical practice to depress the tongue to allow for examination of the mouth and throat.,WoodDepress-Pro,WoodDepress-8063,SLA - Tamil Nadu,,"Legal Manufacturing Site : Spark Peripheral Technologies Unit, New Delhi",Used in medical practice to depress the tongue to allow for examination of the mouth and throat.,330,Dimensions: Standard | Weight: Varies | Refer to manual for specs
392,"Astra Medical Supplies, Ring Road, Surat, Gujarat",Licence no: IMP/MD/2021/00274 Issued on: 17-JUL-2021,"Tongue Depressor, class type: Class A",Used in medical practice to depress the tongue to allow for examination of the mouth and throat.,WoodDepress-Pro,WoodDepress-2822B,SLA - Maharashtra,,"Legal Manufacturing Site : Astra Medical Supplies Unit, Gujarat",Used in medical practice to depress the tongue to allow for examination of the mouth and throat.,320,Dimensions: Standard | Weight: Varies | Refer to manual for specs
393,"Astra Medical Supplies, Ring Road, Surat, Gujarat",Licence no: MFG/MD/2022/00404 Issued on: 26-NOV-2022,"Tongue Depressor, class type: Class A",Used in medical practice to depress the tongue to allow for examination of the mouth and throat.,WoodDepress-Ultra,WoodDepress-8508A,SLA - Gujarat,,"Legal Manufacturing Site : Astra Medical Supplies Unit, Gujarat",Used in medical practice to depress the tongue to allow for examination of the mouth and throat.,250,Dimensions: Standard | Weight: Varies | Refer to manual for specs
394,"Astra Medical Supplies, Ring Road, Surat, Gujarat",Licence no: IMP/MD/2023/00260 Issued on: 28-APR-2023,"Urine Collection Container, class type: Class A",Sterile cup used for the collection of urine samples for diagnostic testing.,UroCup-Advance,UroCup-1639A,SLA - Telangana,,"Legal Manufacturing Site : Astra Medical Supplies Unit, Gujarat",Sterile cup used for the collection of urine samples for diagnostic testing.,50,Dimensions: Standard | Weight: Varies | Refer to manual for specs
395,"Zenith Medical Devices, Tower B, BKC, Bandra East, Mumbai, Maharashtra",Licence no: IMP/MD/2018/00372 Issued on: 23-AUG-2018,"Urine Collection Container, class type: Class A",Sterile cup used for the collection of urine samples for diagnostic testing.,UroCup-Pro,UroCup-4004X,SLA - Delhi,,"Legal Manufacturing Site : Zenith Medical Devices Unit, Maharashtra",Sterile cup used for the collection of urine samples for diagnostic testing.,40,Dimensions: Standard | Weight: Varies | Refer to manual for specs
396,"NovaBio Tech, Phase 8, Industrial Area, Mohali, Punjab",Licence no: MFG/MD/2022/00620 Issued on: 23-DEC-2022,"Urine Collection Container, class type: Class A",Sterile cup used for the collection of urine samples for diagnostic testing.,UroCup-Basic,UroCup-8489A,SLA - Gujarat,,"Legal Manufacturing Site : NovaBio Tech Unit, Punjab",Sterile cup used for the collection of urine samples for diagnostic testing.,20,Dimensions: Standard | Weight: Varies | Refer to manual for specs
397,"Zenith Medical Devices, Tower B, BKC, Bandra East, Mumbai, Maharashtra",Licence no: MFG/MD/2023/00462 Issued on: 25-MAY-2023,"Urine Collection Container, class type: Class A",Sterile cup used for the collection of urine samples for diagnostic testing.,UroCup-Advance,UroCup-8446,SLA - Karnataka,,"Legal Manufacturing Site : Zenith Medical Devices Unit, Maharashtra",Sterile cup used for the collection of urine samples for diagnostic testing.,30,Dimensions: Standard | Weight: Varies | Refer to manual for specs
398,"Apex Surgical Imports, 12, GIDC, Makarpura, Vadodara, Gujarat",Licence no: MFG/MD/2022/00680 Issued on: 27-MAY-2022,"Urine Collection Container, class type: Class A",Sterile cup used for the collection of urine samples for diagnostic testing.,UroCup-Ultra,UroCup-5328,CLA - CDSCO,,"Legal Manufacturing Site : Apex Surgical Imports Unit, Gujarat",Sterile cup used for the collection of urine samples for diagnostic testing.,50,Dimensions: Standard | Weight: Varies | Refer to manual for specs
399,"Zenith Medical Devices, Tower B, BKC, Bandra East, Mumbai, Maharashtra",Licence no: IMP/MD/2022/00173 Issued on: 02-APR-2022,"Urine Collection Container, class type: Class A",Sterile cup used for the collection of urine samples for diagnostic testing.,UroCup-Pro,UroCup-3750B,SLA - Maharashtra,,"Legal Manufacturing Site : Zenith Medical Devices Unit, Maharashtra",Sterile cup used for the collection of urine samples for diagnostic testing.,20,Dimensions: Standard | Weight: Varies | Refer to manual for specs
400,"Zenith Medical Devices, Tower B, BKC, Bandra East, Mumbai, Maharashtra",Licence no: MFG/MD/2023/00149 Issued on: 17-MAY-2023,"Urine Collection Container, class type: Class A",Sterile cup used for the collection of urine samples for diagnostic testing.,UroCup-Max,UroCup-5169B,CLA - CDSCO,,"Legal Manufacturing Site : Zenith Medical Devices Unit, Maharashtra",Sterile cup used for the collection of urine samples for diagnostic testing.,40,Dimensions: Standard | Weight: Varies | Refer to manual for specs
401,"Zenith Medical Devices, Tower B, BKC, Bandra East, Mumbai, Maharashtra",Licence no: MFG/MD/2023/00737 Issued on: 05-DEC-2023,"Alginate Impression Material, class type: Class A",Used to create accurate negative molds of the patient's teeth and oral tissues.,MoldDent-Plus,MoldDent-5100,SLA - Maharashtra,,"Legal Manufacturing Site : Zenith Medical Devices Unit, Maharashtra",Used to create accurate negative molds of the patient's teeth and oral tissues.,680,Dimensions: Standard | Weight: Varies | Refer to manual for specs
402,"Global Health Solutions, Plot 45, Industrial Area, Peenya, Bangalore",Licence no: IMP/MD/2020/00162 Issued on: 15-NOV-2020,"Alginate Impression Material, class type: Class A",Used to create accurate negative molds of the patient's teeth and oral tissues.,MoldDent-Pro,MoldDent-9189A,CLA - CDSCO,,"Legal Manufacturing Site : Global Health Solutions Unit, Bangalore",Used to create accurate negative molds of the patient's teeth and oral tissues.,800,Dimensions: Standard | Weight: Varies | Refer to manual for specs
403,"Quantum Care Co., Jubilee Hills, Hyderabad, Telangana",Licence no: MFG/MD/2018/00141 Issued on: 14-APR-2018,"Alginate Impression Material, class type: Class A",Used to create accurate negative molds of the patient's teeth and oral tissues.,MoldDent-Advance,MoldDent-1748X,SLA - Gujarat,,"Legal Manufacturing Site : Quantum Care Co. Unit, Telangana",Used to create accurate negative molds of the patient's teeth and oral tissues.,230,Dimensions: Standard | Weight: Varies | Refer to manual for specs
404,"Global Health Solutions, Plot 45, Industrial Area, Peenya, Bangalore",Licence no: MFG/MD/2023/00174 Issued on: 28-JAN-2023,"Alginate Impression Material, class type: Class A",Used to create accurate negative molds of the patient's teeth and oral tissues.,MoldDent-Pro,MoldDent-7806A,SLA - Karnataka,,"Legal Manufacturing Site : Global Health Solutions Unit, Bangalore",Used to create accurate negative molds of the patient's teeth and oral tissues.,370,Dimensions: Standard | Weight: Varies | Refer to manual for specs
405,"Global Health Solutions, Plot 45, Industrial Area, Peenya, Bangalore",Licence no: MFG/MD/2023/00170 Issued on: 10-MAR-2023,"Alginate Impression Material, class type: Class A",Used to create accurate negative molds of the patient's teeth and oral tissues.,MoldDent-X,MoldDent-7994X,CLA - CDSCO,,"Legal Manufacturing Site : Global Health Solutions Unit, Bangalore",Used to create accurate negative molds of the patient's teeth and oral tissues.,950,Dimensions: Standard | Weight: Varies | Refer to manual for specs
406,"Quantum Care Co., Jubilee Hills, Hyderabad, Telangana",Licence no: MFG/MD/2019/00882 Issued on: 26-OCT-2019,"Alginate Impression Material, class type: Class A",Used to create accurate negative molds of the patient's teeth and oral tissues.,MoldDent-Max,MoldDent-8779A,SLA - Maharashtra,,"Legal Manufacturing Site : Quantum Care Co. Unit, Telangana",Used to create accurate negative molds of the patient's teeth and oral tissues.,600,Dimensions: Standard | Weight: Varies | Refer to manual for specs
407,"Global Health Solutions, Plot 45, Industrial Area, Peenya, Bangalore",Licence no: MFG/MD/2019/00392 Issued on: 12-JAN-2019,"Alginate Impression Material, class type: Class A",Used to create accurate negative molds of the patient's teeth and oral tissues.,MoldDent-Basic,MoldDent-9669B,SLA - Karnataka,,"Legal Manufacturing Site : Global Health Solutions Unit, Bangalore",Used to create accurate negative molds of the patient's teeth and oral tissues.,440,Dimensions: Standard | Weight: Varies | Refer to manual for specs
408,"Zenith Medical Devices, Tower B, BKC, Bandra East, Mumbai, Maharashtra",Licence no: IMP/MD/2018/00629 Issued on: 23-MAY-2018,"Alginate Impression Material, class type: Class A",Used to create accurate negative molds of the patient's teeth and oral tissues.,MoldDent-Ultra,MoldDent-2548B,SLA - Karnataka,,"Legal Manufacturing Site : Zenith Medical Devices Unit, Maharashtra",Used to create accurate negative molds of the patient's teeth and oral tissues.,1000,Dimensions: Standard | Weight: Varies | Refer to manual for specs
409,"Apex Surgical Imports, 12, GIDC, Makarpura, Vadodara, Gujarat",Licence no: MFG/MD/2024/00508 Issued on: 23-MAY-2024,"Alginate Impression Material, class type: Class A",Used to create accurate negative molds of the patient's teeth and oral tissues.,MoldDent-Plus,MoldDent-6263X,SLA - Delhi,,"Legal Manufacturing Site : Apex Surgical Imports Unit, Gujarat",Used to create accurate negative molds of the patient's teeth and oral tissues.,220,Dimensions: Standard | Weight: Varies | Refer to manual for specs
410,"Astra Medical Supplies, Ring Road, Surat, Gujarat",Licence no: IMP/MD/2019/00432 Issued on: 20-JUL-2019,"Apex Locator, class type: Class B",An electronic device used in endodontics determine the length of the root canal space.,ApexFind-Basic,ApexFind-3254A,SLA - Gujarat,,"Legal Manufacturing Site : Astra Medical Supplies Unit, Gujarat",An electronic device used in endodontics determine the length of the root canal space.,18000,Dimensions: Standard | Weight: Varies | Refer to manual for specs
411,"Astra Medical Supplies, Ring Road, Surat, Gujarat",Licence no: MFG/MD/2019/00496 Issued on: 28-JAN-2019,"Apex Locator, class type: Class B",An electronic device used in endodontics determine the length of the root canal space.,ApexFind-Advance,ApexFind-1927B,SLA - Gujarat,,"Legal Manufacturing Site : Astra Medical Supplies Unit, Gujarat",An electronic device used in endodontics determine the length of the root canal space.,11000,Dimensions: Standard | Weight: Varies | Refer to manual for specs
412,"Spark Peripheral Technologies, Shop 1, Moolchand Market, New Delhi",Licence no: MFG/MD/2023/00321 Issued on: 11-JUN-2023,"Apex Locator, class type: Class B",An electronic device used in endodontics determine the length of the root canal space.,ApexFind-Basic,ApexFind-9055B,SLA - Delhi,,"Legal Manufacturing Site : Spark Peripheral Technologies Unit, New Delhi",An electronic device used in endodontics determine the length of the root canal space.,9200,Dimensions: Standard | Weight: Varies | Refer to manual for specs
413,"Spark Peripheral Technologies, Shop 1, Moolchand Market, New Delhi",Licence no: IMP/MD/2024/00826 Issued on: 11-APR-2024,"Apex Locator, class type: Class B",An electronic device used in endodontics determine the length of the root canal space.,ApexFind-Basic,ApexFind-1897A,SLA - Delhi,,"Legal Manufacturing Site : Spark Peripheral Technologies Unit, New Delhi",An electronic device used in endodontics determine the length of the root canal space.,28000,Dimensions: Standard | Weight: Varies | Refer to manual for specs
414,"LifeCare Innovations, Tech Park, OMR, Chennai, Tamil Nadu",Licence no: IMP/MD/2022/00976 Issued on: 15-APR-2022,"Apex Locator, class type: Class B",An electronic device used in endodontics determine the length of the root canal space.,ApexFind-X,ApexFind-9782B,SLA - Telangana,,"Legal Manufacturing Site : LifeCare Innovations Unit, Tamil Nadu",An electronic device used in endodontics determine the length of the root canal space.,15000,Dimensions: Standard | Weight: Varies | Refer to manual for specs
415,"Apex Surgical Imports, 12, GIDC, Makarpura, Vadodara, Gujarat",Licence no: MFG/MD/2023/00984 Issued on: 25-JUN-2023,"Apex Locator, class type: Class B",An electronic device used in endodontics determine the length of the root canal space.,ApexFind-Basic,ApexFind-4546A,SLA - Maharashtra,,"Legal Manufacturing Site : Apex Surgical Imports Unit, Gujarat",An electronic device used in endodontics determine the length of the root canal space.,25000,Dimensions: Standard | Weight: Varies | Refer to manual for specs
416,"Global Health Solutions, Plot 45, Industrial Area, Peenya, Bangalore",Licence no: IMP/MD/2023/00978 Issued on: 01-JUN-2023,"Apex Locator, class type: Class B",An electronic device used in endodontics determine the length of the root canal space.,ApexFind-Pro,ApexFind-8314B,CLA - CDSCO,,"Legal Manufacturing Site : Global Health Solutions Unit, Bangalore",An electronic device used in endodontics determine the length of the root canal space.,13000,Dimensions: Standard | Weight: Varies | Refer to manual for specs
417,"Quantum Care Co., Jubilee Hills, Hyderabad, Telangana",Licence no: MFG/MD/2022/00307 Issued on: 15-AUG-2022,"Apex Locator, class type: Class B",An electronic device used in endodontics determine the length of the root canal space.,ApexFind-Advance,ApexFind-6305A,SLA - Delhi,,"Legal Manufacturing Site : Quantum Care Co. Unit, Telangana",An electronic device used in endodontics determine the length of the root canal space.,14000,Dimensions: Standard | Weight: Varies | Refer to manual for specs
418,"Apex Surgical Imports, 12, GIDC, Makarpura, Vadodara, Gujarat",Licence no: MFG/MD/2018/00370 Issued on: 10-JAN-2018,"Dental Air Compressor, class type: Class A","Provides clean, dry, and oil-free compressed air to operate dental handpieces and syringes.",AirDent-Elite,AirDent-4832,SLA - Delhi,,"Legal Manufacturing Site : Apex Surgical Imports Unit, Gujarat","Provides clean, dry, and oil-free compressed air to operate dental handpieces and syringes.",15000,Dimensions: 30 x 20 x 15 cm | Weight: ~2-10 kg | Power: 110V/220V AC or Battery
419,"MediCorp India Pvt Ltd, Cyber City, Phase 2, Gurgaon, Haryana",Licence no: MFG/MD/2019/00332 Issued on: 22-AUG-2019,"Dental Air Compressor, class type: Class A","Provides clean, dry, and oil-free compressed air to operate dental handpieces and syringes.",AirDent-Max,AirDent-2655B,SLA - Maharashtra,,"Legal Manufacturing Site : MediCorp India Pvt Ltd Unit, Haryana","Provides clean, dry, and oil-free compressed air to operate dental handpieces and syringes.",46000,Dimensions: 30 x 20 x 15 cm | Weight: ~2-10 kg | Power: 110V/220V AC or Battery
420,"Quantum Care Co., Jubilee Hills, Hyderabad, Telangana",Licence no: IMP/MD/2022/00721 Issued on: 27-AUG-2022,"Dental Air Compressor, class type: Class A","Provides clean, dry, and oil-free compressed air to operate dental handpieces and syringes.",AirDent-X,AirDent-5125B,SLA - Karnataka,,"Legal Manufacturing Site : Quantum Care Co. Unit, Telangana","Provides clean, dry, and oil-free compressed air to operate dental handpieces and syringes.",20000,Dimensions: 30 x 20 x 15 cm | Weight: ~2-10 kg | Power: 110V/220V AC or Battery
421,"MediCorp India Pvt Ltd, Cyber City, Phase 2, Gurgaon, Haryana",Licence no: IMP/MD/2023/00760 Issued on: 07-JUN-2023,"Dental Air Compressor, class type: Class A","Provides clean, dry, and oil-free compressed air to operate dental handpieces and syringes.",AirDent-Advance,AirDent-2225B,CLA - CDSCO,,"Legal Manufacturing Site : MediCorp India Pvt Ltd Unit, Haryana","Provides clean, dry, and oil-free compressed air to operate dental handpieces and syringes.",32000,Dimensions: 30 x 20 x 15 cm | Weight: ~2-10 kg | Power: 110V/220V AC or Battery
422,"Apex Surgical Imports, 12, GIDC, Makarpura, Vadodara, Gujarat",Licence no: IMP/MD/2020/00862 Issued on: 02-JUN-2020,"Dental Amalgamator, class type: Class A",Used to triturate (mix) dental amalgam and other restorative materials.,MixDent-Basic,MixDent-2079B,SLA - Karnataka,,"Legal Manufacturing Site : Apex Surgical Imports Unit, Gujarat",Used to triturate (mix) dental amalgam and other restorative materials.,8100,Dimensions: 30 x 20 x 15 cm | Weight: ~2-10 kg | Power: 110V/220V AC or Battery
423,"Zenith Medical Devices, Tower B, BKC, Bandra East, Mumbai, Maharashtra",Licence no: IMP/MD/2024/00348 Issued on: 28-JUN-2024,"Dental Amalgamator, class type: Class A",Used to triturate (mix) dental amalgam and other restorative materials.,MixDent-Max,MixDent-2394A,SLA - Tamil Nadu,,"Legal Manufacturing Site : Zenith Medical Devices Unit, Maharashtra",Used to triturate (mix) dental amalgam and other restorative materials.,7600,Dimensions: 30 x 20 x 15 cm | Weight: ~2-10 kg | Power: 110V/220V AC or Battery
424,"Apex Surgical Imports, 12, GIDC, Makarpura, Vadodara, Gujarat",Licence no: MFG/MD/2021/00443 Issued on: 04-NOV-2021,"Dental Amalgamator, class type: Class A",Used to triturate (mix) dental amalgam and other restorative materials.,MixDent-Ultra,MixDent-6017B,SLA - Tamil Nadu,,"Legal Manufacturing Site : Apex Surgical Imports Unit, Gujarat",Used to triturate (mix) dental amalgam and other restorative materials.,6400,Dimensions: 30 x 20 x 15 cm | Weight: ~2-10 kg | Power: 110V/220V AC or Battery
425,"Spark Peripheral Technologies, Shop 1, Moolchand Market, New Delhi",Licence no: MFG/MD/2022/00103 Issued on: 02-MAY-2022,"Dental Amalgamator, class type: Class A",Used to triturate (mix) dental amalgam and other restorative materials.,MixDent-Ultra,MixDent-8457X,SLA - Tamil Nadu,,"Legal Manufacturing Site : Spark Peripheral Technologies Unit, New Delhi",Used to triturate (mix) dental amalgam and other restorative materials.,5200,Dimensions: 30 x 20 x 15 cm | Weight: ~2-10 kg | Power: 110V/220V AC or Battery
426,"Global Health Solutions, Plot 45, Industrial Area, Peenya, Bangalore",Licence no: IMP/MD/2021/00112 Issued on: 25-DEC-2021,"Dental Amalgamator, class type: Class A",Used to triturate (mix) dental amalgam and other restorative materials.,MixDent-X,MixDent-5235X,SLA - Maharashtra,,"Legal Manufacturing Site : Global Health Solutions Unit, Bangalore",Used to triturate (mix) dental amalgam and other restorative materials.,8000,Dimensions: 30 x 20 x 15 cm | Weight: ~2-10 kg | Power: 110V/220V AC or Battery
427,"Spark Peripheral Technologies, Shop 1, Moolchand Market, New Delhi",Licence no: IMP/MD/2023/00971 Issued on: 02-SEP-2023,"Dental Amalgamator, class type: Class A",Used to triturate (mix) dental amalgam and other restorative materials.,MixDent-Ultra,MixDent-8252,SLA - Gujarat,,"Legal Manufacturing Site : Spark Peripheral Technologies Unit, New Delhi",Used to triturate (mix) dental amalgam and other restorative materials.,12000,Dimensions: 30 x 20 x 15 cm | Weight: ~2-10 kg | Power: 110V/220V AC or Battery
428,"Global Health Solutions, Plot 45, Industrial Area, Peenya, Bangalore",Licence no: IMP/MD/2019/00447 Issued on: 27-JUN-2019,"Dental Autoclave, class type: Class B",Used to sterilize dental instruments using high-pressure saturated steam.,SteriDent-Max,SteriDent-2251,SLA - Gujarat,,"Legal Manufacturing Site : Global Health Solutions Unit, Bangalore",Used to sterilize dental instruments using high-pressure saturated steam.,46000,Dimensions: 30 x 20 x 15 cm | Weight: ~2-10 kg | Power: 110V/220V AC or Battery
429,"Pioneer Health Systems, Sector V, Salt Lake, Kolkata, West Bengal",Licence no: MFG/MD/2022/00458 Issued on: 28-MAY-2022,"Dental Autoclave, class type: Class B",Used to sterilize dental instruments using high-pressure saturated steam.,SteriDent-Basic,SteriDent-9753B,SLA - Tamil Nadu,,"Legal Manufacturing Site : Pioneer Health Systems Unit, West Bengal",Used to sterilize dental instruments using high-pressure saturated steam.,88000,Dimensions: 30 x 20 x 15 cm | Weight: ~2-10 kg | Power: 110V/220V AC or Battery
430,"Quantum Care Co., Jubilee Hills, Hyderabad, Telangana",Licence no: IMP/MD/2021/00471 Issued on: 16-NOV-2021,"Dental Autoclave, class type: Class B",Used to sterilize dental instruments using high-pressure saturated steam.,SteriDent-Advance,SteriDent-8668A,SLA - Gujarat,,"Legal Manufacturing Site : Quantum Care Co. Unit, Telangana",Used to sterilize dental instruments using high-pressure saturated steam.,57000,Dimensions: 30 x 20 x 15 cm | Weight: ~2-10 kg | Power: 110V/220V AC or Battery
431,"MediCorp India Pvt Ltd, Cyber City, Phase 2, Gurgaon, Haryana",Licence no: IMP/MD/2019/00425 Issued on: 24-SEP-2019,"Dental Autoclave, class type: Class B",Used to sterilize dental instruments using high-pressure saturated steam.,SteriDent-Advance,SteriDent-3211B,SLA - Maharashtra,,"Legal Manufacturing Site : MediCorp India Pvt Ltd Unit, Haryana",Used to sterilize dental instruments using high-pressure saturated steam.,49000,Dimensions: 30 x 20 x 15 cm | Weight: ~2-10 kg | Power: 110V/220V AC or Battery
432,"Zenith Medical Devices, Tower B, BKC, Bandra East, Mumbai, Maharashtra",Licence no: IMP/MD/2018/00829 Issued on: 03-MAR-2018,"Dental Autoclave, class type: Class B",Used to sterilize dental instruments using high-pressure saturated steam.,SteriDent-Plus,SteriDent-2453X,SLA - Gujarat,,"Legal Manufacturing Site : Zenith Medical Devices Unit, Maharashtra",Used to sterilize dental instruments using high-pressure saturated steam.,35000,Dimensions: 30 x 20 x 15 cm | Weight: ~2-10 kg | Power: 110V/220V AC or Battery
433,"Astra Medical Supplies, Ring Road, Surat, Gujarat",Licence no: IMP/MD/2019/00909 Issued on: 28-APR-2019,"Dental Autoclave, class type: Class B",Used to sterilize dental instruments using high-pressure saturated steam.,SteriDent-Advance,SteriDent-3582B,CLA - CDSCO,,"Legal Manufacturing Site : Astra Medical Supplies Unit, Gujarat",Used to sterilize dental instruments using high-pressure saturated steam.,84000,Dimensions: 30 x 20 x 15 cm | Weight: ~2-10 kg | Power: 110V/220V AC or Battery
434,"Pioneer Health Systems, Sector V, Salt Lake, Kolkata, West Bengal",Licence no: MFG/MD/2024/00462 Issued on: 15-FEB-2024,"Dental Autoclave, class type: Class B",Used to sterilize dental instruments using high-pressure saturated steam.,SteriDent-Elite,SteriDent-2402,SLA - Tamil Nadu,,"Legal Manufacturing Site : Pioneer Health Systems Unit, West Bengal",Used to sterilize dental instruments using high-pressure saturated steam.,31000,Dimensions: 30 x 20 x 15 cm | Weight: ~2-10 kg | Power: 110V/220V AC or Battery
435,"Quantum Care Co., Jubilee Hills, Hyderabad, Telangana",Licence no: IMP/MD/2020/00391 Issued on: 21-AUG-2020,"Dental Chair Unit, class type: Class B","A specialized chair used in dentistry for patient positioning, equipped with various attachments for dental procedures.",DentChair-Plus,DentChair-4690A,SLA - Gujarat,,"Legal Manufacturing Site : Quantum Care Co. Unit, Telangana","A specialized chair used in dentistry for patient positioning, equipped with various attachments for dental procedures.",330000,Dimensions: 120 x 80 x 150 cm | Weight: ~80-150 kg | Power: 220V AC
436,"Pioneer Health Systems, Sector V, Salt Lake, Kolkata, West Bengal",Licence no: IMP/MD/2023/00185 Issued on: 10-MAY-2023,"Dental Chair Unit, class type: Class B","A specialized chair used in dentistry for patient positioning, equipped with various attachments for dental procedures.",DentChair-Basic,DentChair-9928A,SLA - Karnataka,,"Legal Manufacturing Site : Pioneer Health Systems Unit, West Bengal","A specialized chair used in dentistry for patient positioning, equipped with various attachments for dental procedures.",150000,Dimensions: 120 x 80 x 150 cm | Weight: ~80-150 kg | Power: 220V AC
437,"Global Health Solutions, Plot 45, Industrial Area, Peenya, Bangalore",Licence no: IMP/MD/2022/00804 Issued on: 18-JAN-2022,"Dental Chair Unit, class type: Class B","A specialized chair used in dentistry for patient positioning, equipped with various attachments for dental procedures.",DentChair-Advance,DentChair-8022,SLA - Maharashtra,,"Legal Manufacturing Site : Global Health Solutions Unit, Bangalore","A specialized chair used in dentistry for patient positioning, equipped with various attachments for dental procedures.",420000,Dimensions: 120 x 80 x 150 cm | Weight: ~80-150 kg | Power: 220V AC
438,"Apex Surgical Imports, 12, GIDC, Makarpura, Vadodara, Gujarat",Licence no: MFG/MD/2023/00325 Issued on: 19-DEC-2023,"Dental Chair Unit, class type: Class B","A specialized chair used in dentistry for patient positioning, equipped with various attachments for dental procedures.",DentChair-Pro,DentChair-8433A,SLA - Gujarat,,"Legal Manufacturing Site : Apex Surgical Imports Unit, Gujarat","A specialized chair used in dentistry for patient positioning, equipped with various attachments for dental procedures.",140000,Dimensions: 120 x 80 x 150 cm | Weight: ~80-150 kg | Power: 220V AC
439,"MediCorp India Pvt Ltd, Cyber City, Phase 2, Gurgaon, Haryana",Licence no: IMP/MD/2019/00830 Issued on: 26-APR-2019,"Dental Chair Unit, class type: Class B","A specialized chair used in dentistry for patient positioning, equipped with various attachments for dental procedures.",DentChair-Basic,DentChair-7451B,CLA - CDSCO,,"Legal Manufacturing Site : MediCorp India Pvt Ltd Unit, Haryana","A specialized chair used in dentistry for patient positioning, equipped with various attachments for dental procedures.",380000,Dimensions: 120 x 80 x 150 cm | Weight: ~80-150 kg | Power: 220V AC
440,"Pioneer Health Systems, Sector V, Salt Lake, Kolkata, West Bengal",Licence no: MFG/MD/2018/00143 Issued on: 12-JAN-2018,"Dental Chair Unit, class type: Class B","A specialized chair used in dentistry for patient positioning, equipped with various attachments for dental procedures.",DentChair-Elite,DentChair-8064A,SLA - Maharashtra,,"Legal Manufacturing Site : Pioneer Health Systems Unit, West Bengal","A specialized chair used in dentistry for patient positioning, equipped with various attachments for dental procedures.",450000,Dimensions: 120 x 80 x 150 cm | Weight: ~80-150 kg | Power: 220V AC
441,"Apex Surgical Imports, 12, GIDC, Makarpura, Vadodara, Gujarat",Licence no: IMP/MD/2020/00767 Issued on: 13-MAY-2020,"Dental Implant System, class type: Class C",Titanium post surgically positioned into the jawbone beneath the gum line to act as an anchor for replacement teeth.,ImplantPro-Basic,ImplantPro-2711,CLA - CDSCO,,"Legal Manufacturing Site : Apex Surgical Imports Unit, Gujarat",Titanium post surgically positioned into the jawbone beneath the gum line to act as an anchor for replacement teeth.,24000,Dimensions: 120 x 80 x 150 cm | Weight: ~80-150 kg | Power: 220V AC
442,"MediCorp India Pvt Ltd, Cyber City, Phase 2, Gurgaon, Haryana",Licence no: IMP/MD/2020/00812 Issued on: 23-OCT-2020,"Dental Implant System, class type: Class C",Titanium post surgically positioned into the jawbone beneath the gum line to act as an anchor for replacement teeth.,ImplantPro-Pro,ImplantPro-8577,SLA - Maharashtra,,"Legal Manufacturing Site : MediCorp India Pvt Ltd Unit, Haryana",Titanium post surgically positioned into the jawbone beneath the gum line to act as an anchor for replacement teeth.,8600,Dimensions: 120 x 80 x 150 cm | Weight: ~80-150 kg | Power: 220V AC
443,"Quantum Care Co., Jubilee Hills, Hyderabad, Telangana",Licence no: MFG/MD/2019/00852 Issued on: 19-MAY-2019,"Dental Implant System, class type: Class C",Titanium post surgically positioned into the jawbone beneath the gum line to act as an anchor for replacement teeth.,ImplantPro-X,ImplantPro-7092,SLA - Maharashtra,,"Legal Manufacturing Site : Quantum Care Co. Unit, Telangana",Titanium post surgically positioned into the jawbone beneath the gum line to act as an anchor for replacement teeth.,9000,Dimensions: 120 x 80 x 150 cm | Weight: ~80-150 kg | Power: 220V AC
444,"Apex Surgical Imports, 12, GIDC, Makarpura, Vadodara, Gujarat",Licence no: MFG/MD/2021/00605 Issued on: 20-MAY-2021,"Dental Implant System, class type: Class C",Titanium post surgically positioned into the jawbone beneath the gum line to act as an anchor for replacement teeth.,ImplantPro-Plus,ImplantPro-9531X,SLA - Karnataka,,"Legal Manufacturing Site : Apex Surgical Imports Unit, Gujarat",Titanium post surgically positioned into the jawbone beneath the gum line to act as an anchor for replacement teeth.,7000,Dimensions: 120 x 80 x 150 cm | Weight: ~80-150 kg | Power: 220V AC
445,"Pioneer Health Systems, Sector V, Salt Lake, Kolkata, West Bengal",Licence no: MFG/MD/2021/00166 Issued on: 17-SEP-2021,"Dental Implant System, class type: Class C",Titanium post surgically positioned into the jawbone beneath the gum line to act as an anchor for replacement teeth.,ImplantPro-Ultra,ImplantPro-3750,CLA - CDSCO,,"Legal Manufacturing Site : Pioneer Health Systems Unit, West Bengal",Titanium post surgically positioned into the jawbone beneath the gum line to act as an anchor for replacement teeth.,14000,Dimensions: 120 x 80 x 150 cm | Weight: ~80-150 kg | Power: 220V AC
446,"NovaBio Tech, Phase 8, Industrial Area, Mohali, Punjab",Licence no: IMP/MD/2018/00133 Issued on: 16-SEP-2018,"Dental Implant System, class type: Class C",Titanium post surgically positioned into the jawbone beneath the gum line to act as an anchor for replacement teeth.,ImplantPro-X,ImplantPro-8459A,SLA - Tamil Nadu,,"Legal Manufacturing Site : NovaBio Tech Unit, Punjab",Titanium post surgically positioned into the jawbone beneath the gum line to act as an anchor for replacement teeth.,9300,Dimensions: 120 x 80 x 150 cm | Weight: ~80-150 kg | Power: 220V AC
447,"MediCorp India Pvt Ltd, Cyber City, Phase 2, Gurgaon, Haryana",Licence no: MFG/MD/2019/00852 Issued on: 18-JUL-2019,"Endodontic Motor, class type: Class B",An electrical device used to drive mechanical files during root canal treatments.,EndoDrive-Elite,EndoDrive-4635X,SLA - Delhi,,"Legal Manufacturing Site : MediCorp India Pvt Ltd Unit, Haryana",An electrical device used to drive mechanical files during root canal treatments.,58000,Dimensions: 30 x 20 x 15 cm | Weight: ~2-10 kg | Power: 110V/220V AC or Battery
448,"Spark Peripheral Technologies, Shop 1, Moolchand Market, New Delhi",Licence no: IMP/MD/2022/00771 Issued on: 25-JAN-2022,"Endodontic Motor, class type: Class B",An electrical device used to drive mechanical files during root canal treatments.,EndoDrive-Max,EndoDrive-8923X,SLA - Tamil Nadu,,"Legal Manufacturing Site : Spark Peripheral Technologies Unit, New Delhi",An electrical device used to drive mechanical files during root canal treatments.,41000,Dimensions: 30 x 20 x 15 cm | Weight: ~2-10 kg | Power: 110V/220V AC or Battery
449,"MediCorp India Pvt Ltd, Cyber City, Phase 2, Gurgaon, Haryana",Licence no: MFG/MD/2023/00262 Issued on: 05-JAN-2023,"Endodontic Motor, class type: Class B",An electrical device used to drive mechanical files during root canal treatments.,EndoDrive-Elite,EndoDrive-4845B,SLA - Karnataka,,"Legal Manufacturing Site : MediCorp India Pvt Ltd Unit, Haryana",An electrical device used to drive mechanical files during root canal treatments.,24000,Dimensions: 30 x 20 x 15 cm | Weight: ~2-10 kg | Power: 110V/220V AC or Battery
450,"Spark Peripheral Technologies, Shop 1, Moolchand Market, New Delhi",Licence no: IMP/MD/2021/00855 Issued on: 20-JAN-2021,"Endodontic Motor, class type: Class B",An electrical device used to drive mechanical files during root canal treatments.,EndoDrive-X,EndoDrive-9743A,SLA - Telangana,,"Legal Manufacturing Site : Spark Peripheral Technologies Unit, New Delhi",An electrical device used to drive mechanical files during root canal treatments.,38000,Dimensions: 30 x 20 x 15 cm | Weight: ~2-10 kg | Power: 110V/220V AC or Battery
451,"Spark Peripheral Technologies, Shop 1, Moolchand Market, New Delhi",Licence no: IMP/MD/2019/00570 Issued on: 25-DEC-2019,"Endodontic Motor, class type: Class B",An electrical device used to drive mechanical files during root canal treatments.,EndoDrive-Ultra,EndoDrive-2073,SLA - Maharashtra,,"Legal Manufacturing Site : Spark Peripheral Technologies Unit, New Delhi",An electrical device used to drive mechanical files during root canal treatments.,38000,Dimensions: 30 x 20 x 15 cm | Weight: ~2-10 kg | Power: 110V/220V AC or Battery
452,"Apex Surgical Imports, 12, GIDC, Makarpura, Vadodara, Gujarat",Licence no: IMP/MD/2021/00474 Issued on: 18-MAY-2021,"Endodontic Motor, class type: Class B",An electrical device used to drive mechanical files during root canal treatments.,EndoDrive-Ultra,EndoDrive-6131A,SLA - Tamil Nadu,,"Legal Manufacturing Site : Apex Surgical Imports Unit, Gujarat",An electrical device used to drive mechanical files during root canal treatments.,47000,Dimensions: 30 x 20 x 15 cm | Weight: ~2-10 kg | Power: 110V/220V AC or Battery
453,"Astra Medical Supplies, Ring Road, Surat, Gujarat",Licence no: IMP/MD/2024/00672 Issued on: 18-APR-2024,"High-Speed Dental Handpiece, class type: Class B",A rotary instrument used by dentists for cavity preparation and tooth reduction.,RotorDent-X,RotorDent-9995X,SLA - Tamil Nadu,,"Legal Manufacturing Site : Astra Medical Supplies Unit, Gujarat",A rotary instrument used by dentists for cavity preparation and tooth reduction.,12000,Dimensions: Standard | Weight: Varies | Refer to manual for specs
454,"Zenith Medical Devices, Tower B, BKC, Bandra East, Mumbai, Maharashtra",Licence no: IMP/MD/2020/00610 Issued on: 13-OCT-2020,"High-Speed Dental Handpiece, class type: Class B",A rotary instrument used by dentists for cavity preparation and tooth reduction.,RotorDent-Ultra,RotorDent-4870,SLA - Tamil Nadu,,"Legal Manufacturing Site : Zenith Medical Devices Unit, Maharashtra",A rotary instrument used by dentists for cavity preparation and tooth reduction.,11000,Dimensions: Standard | Weight: Varies | Refer to manual for specs
455,"Global Health Solutions, Plot 45, Industrial Area, Peenya, Bangalore",Licence no: MFG/MD/2020/00106 Issued on: 17-JAN-2020,"High-Speed Dental Handpiece, class type: Class B",A rotary instrument used by dentists for cavity preparation and tooth reduction.,RotorDent-Pro,RotorDent-7025X,SLA - Tamil Nadu,,"Legal Manufacturing Site : Global Health Solutions Unit, Bangalore",A rotary instrument used by dentists for cavity preparation and tooth reduction.,5100,Dimensions: Standard | Weight: Varies | Refer to manual for specs
456,"Pioneer Health Systems, Sector V, Salt Lake, Kolkata, West Bengal",Licence no: MFG/MD/2021/00464 Issued on: 15-APR-2021,"High-Speed Dental Handpiece, class type: Class B",A rotary instrument used by dentists for cavity preparation and tooth reduction.,RotorDent-X,RotorDent-3637X,SLA - Telangana,,"Legal Manufacturing Site : Pioneer Health Systems Unit, West Bengal",A rotary instrument used by dentists for cavity preparation and tooth reduction.,6000,Dimensions: Standard | Weight: Varies | Refer to manual for specs
457,"Pioneer Health Systems, Sector V, Salt Lake, Kolkata, West Bengal",Licence no: MFG/MD/2023/00847 Issued on: 18-JAN-2023,"High-Speed Dental Handpiece, class type: Class B",A rotary instrument used by dentists for cavity preparation and tooth reduction.,RotorDent-Plus,RotorDent-4154B,SLA - Telangana,,"Legal Manufacturing Site : Pioneer Health Systems Unit, West Bengal",A rotary instrument used by dentists for cavity preparation and tooth reduction.,13000,Dimensions: Standard | Weight: Varies | Refer to manual for specs
458,"NovaBio Tech, Phase 8, Industrial Area, Mohali, Punjab",Licence no: MFG/MD/2019/00900 Issued on: 15-NOV-2019,"High-Speed Dental Handpiece, class type: Class B",A rotary instrument used by dentists for cavity preparation and tooth reduction.,RotorDent-Pro,RotorDent-8125B,SLA - Gujarat,,"Legal Manufacturing Site : NovaBio Tech Unit, Punjab",A rotary instrument used by dentists for cavity preparation and tooth reduction.,4900,Dimensions: Standard | Weight: Varies | Refer to manual for specs
459,"NovaBio Tech, Phase 8, Industrial Area, Mohali, Punjab",Licence no: IMP/MD/2024/00640 Issued on: 21-AUG-2024,"High-Speed Dental Handpiece, class type: Class B",A rotary instrument used by dentists for cavity preparation and tooth reduction.,RotorDent-Basic,RotorDent-2464X,SLA - Delhi,,"Legal Manufacturing Site : NovaBio Tech Unit, Punjab",A rotary instrument used by dentists for cavity preparation and tooth reduction.,4400,Dimensions: Standard | Weight: Varies | Refer to manual for specs
460,"Astra Medical Supplies, Ring Road, Surat, Gujarat",Licence no: IMP/MD/2021/00424 Issued on: 21-NOV-2021,"Intraoral Camera, class type: Class B",A small camera used to capture high-resolution images inside the patient's mouth for diagnosis and patient education.,CamDent-X,CamDent-5801,SLA - Telangana,,"Legal Manufacturing Site : Astra Medical Supplies Unit, Gujarat",A small camera used to capture high-resolution images inside the patient's mouth for diagnosis and patient education.,31000,Dimensions: 30 x 20 x 15 cm | Weight: ~2-10 kg | Power: 110V/220V AC or Battery
461,"NovaBio Tech, Phase 8, Industrial Area, Mohali, Punjab",Licence no: MFG/MD/2020/00213 Issued on: 06-MAR-2020,"Intraoral Camera, class type: Class B",A small camera used to capture high-resolution images inside the patient's mouth for diagnosis and patient education.,CamDent-Advance,CamDent-2266X,CLA - CDSCO,,"Legal Manufacturing Site : NovaBio Tech Unit, Punjab",A small camera used to capture high-resolution images inside the patient's mouth for diagnosis and patient education.,32000,Dimensions: 30 x 20 x 15 cm | Weight: ~2-10 kg | Power: 110V/220V AC or Battery
462,"Spark Peripheral Technologies, Shop 1, Moolchand Market, New Delhi",Licence no: IMP/MD/2021/00830 Issued on: 22-NOV-2021,"Intraoral Camera, class type: Class B",A small camera used to capture high-resolution images inside the patient's mouth for diagnosis and patient education.,CamDent-Advance,CamDent-5219X,CLA - CDSCO,,"Legal Manufacturing Site : Spark Peripheral Technologies Unit, New Delhi",A small camera used to capture high-resolution images inside the patient's mouth for diagnosis and patient education.,32000,Dimensions: 30 x 20 x 15 cm | Weight: ~2-10 kg | Power: 110V/220V AC or Battery
463,"MediCorp India Pvt Ltd, Cyber City, Phase 2, Gurgaon, Haryana",Licence no: MFG/MD/2022/00786 Issued on: 17-AUG-2022,"Intraoral Camera, class type: Class B",A small camera used to capture high-resolution images inside the patient's mouth for diagnosis and patient education.,CamDent-X,CamDent-9883B,CLA - CDSCO,,"Legal Manufacturing Site : MediCorp India Pvt Ltd Unit, Haryana",A small camera used to capture high-resolution images inside the patient's mouth for diagnosis and patient education.,32000,Dimensions: 30 x 20 x 15 cm | Weight: ~2-10 kg | Power: 110V/220V AC or Battery
464,"MediCorp India Pvt Ltd, Cyber City, Phase 2, Gurgaon, Haryana",Licence no: IMP/MD/2023/00118 Issued on: 18-JUL-2023,"Intraoral Camera, class type: Class B",A small camera used to capture high-resolution images inside the patient's mouth for diagnosis and patient education.,CamDent-Plus,CamDent-7426B,SLA - Gujarat,,"Legal Manufacturing Site : MediCorp India Pvt Ltd Unit, Haryana",A small camera used to capture high-resolution images inside the patient's mouth for diagnosis and patient education.,27000,Dimensions: 30 x 20 x 15 cm | Weight: ~2-10 kg | Power: 110V/220V AC or Battery
465,"LifeCare Innovations, Tech Park, OMR, Chennai, Tamil Nadu",Licence no: MFG/MD/2024/00852 Issued on: 13-FEB-2024,"Intraoral Camera, class type: Class B",A small camera used to capture high-resolution images inside the patient's mouth for diagnosis and patient education.,CamDent-Plus,CamDent-8634B,SLA - Karnataka,,"Legal Manufacturing Site : LifeCare Innovations Unit, Tamil Nadu",A small camera used to capture high-resolution images inside the patient's mouth for diagnosis and patient education.,11000,Dimensions: 30 x 20 x 15 cm | Weight: ~2-10 kg | Power: 110V/220V AC or Battery
466,"NovaBio Tech, Phase 8, Industrial Area, Mohali, Punjab",Licence no: MFG/MD/2022/00488 Issued on: 25-SEP-2022,"Intraoral Camera, class type: Class B",A small camera used to capture high-resolution images inside the patient's mouth for diagnosis and patient education.,CamDent-X,CamDent-9359B,SLA - Delhi,,"Legal Manufacturing Site : NovaBio Tech Unit, Punjab",A small camera used to capture high-resolution images inside the patient's mouth for diagnosis and patient education.,24000,Dimensions: 30 x 20 x 15 cm | Weight: ~2-10 kg | Power: 110V/220V AC or Battery
467,"Pioneer Health Systems, Sector V, Salt Lake, Kolkata, West Bengal",Licence no: MFG/MD/2020/00642 Issued on: 15-OCT-2020,"Intraoral Camera, class type: Class B",A small camera used to capture high-resolution images inside the patient's mouth for diagnosis and patient education.,CamDent-Max,CamDent-8460B,SLA - Karnataka,,"Legal Manufacturing Site : Pioneer Health Systems Unit, West Bengal",A small camera used to capture high-resolution images inside the patient's mouth for diagnosis and patient education.,36000,Dimensions: 30 x 20 x 15 cm | Weight: ~2-10 kg | Power: 110V/220V AC or Battery
468,"Quantum Care Co., Jubilee Hills, Hyderabad, Telangana",Licence no: MFG/MD/2019/00338 Issued on: 08-FEB-2019,"Intraoral Camera, class type: Class B",A small camera used to capture high-resolution images inside the patient's mouth for diagnosis and patient education.,CamDent-Max,CamDent-8655A,SLA - Karnataka,,"Legal Manufacturing Site : Quantum Care Co. Unit, Telangana",A small camera used to capture high-resolution images inside the patient's mouth for diagnosis and patient education.,11000,Dimensions: 30 x 20 x 15 cm | Weight: ~2-10 kg | Power: 110V/220V AC or Battery
469,"Zenith Medical Devices, Tower B, BKC, Bandra East, Mumbai, Maharashtra",Licence no: IMP/MD/2024/00259 Issued on: 23-MAY-2024,"Intraoral X-Ray Machine, class type: Class C",Used to capture radiographic images of the teeth and surrounding structures inside the mouth.,XRayDent-Pro,XRayDent-5989B,SLA - Tamil Nadu,,"Legal Manufacturing Site : Zenith Medical Devices Unit, Maharashtra",Used to capture radiographic images of the teeth and surrounding structures inside the mouth.,110000,Dimensions: 120 x 80 x 150 cm | Weight: ~80-150 kg | Power: 220V AC
470,"Zenith Medical Devices, Tower B, BKC, Bandra East, Mumbai, Maharashtra",Licence no: IMP/MD/2021/00558 Issued on: 03-JUN-2021,"Intraoral X-Ray Machine, class type: Class C",Used to capture radiographic images of the teeth and surrounding structures inside the mouth.,XRayDent-Ultra,XRayDent-3750X,SLA - Delhi,,"Legal Manufacturing Site : Zenith Medical Devices Unit, Maharashtra",Used to capture radiographic images of the teeth and surrounding structures inside the mouth.,150000,Dimensions: 120 x 80 x 150 cm | Weight: ~80-150 kg | Power: 220V AC
471,"Apex Surgical Imports, 12, GIDC, Makarpura, Vadodara, Gujarat",Licence no: MFG/MD/2019/00794 Issued on: 09-DEC-2019,"Intraoral X-Ray Machine, class type: Class C",Used to capture radiographic images of the teeth and surrounding structures inside the mouth.,XRayDent-Max,XRayDent-9981B,CLA - CDSCO,,"Legal Manufacturing Site : Apex Surgical Imports Unit, Gujarat",Used to capture radiographic images of the teeth and surrounding structures inside the mouth.,94000,Dimensions: 120 x 80 x 150 cm | Weight: ~80-150 kg | Power: 220V AC
472,"Global Health Solutions, Plot 45, Industrial Area, Peenya, Bangalore",Licence no: IMP/MD/2018/00884 Issued on: 25-NOV-2018,"Intraoral X-Ray Machine, class type: Class C",Used to capture radiographic images of the teeth and surrounding structures inside the mouth.,XRayDent-Plus,XRayDent-7916A,SLA - Karnataka,,"Legal Manufacturing Site : Global Health Solutions Unit, Bangalore",Used to capture radiographic images of the teeth and surrounding structures inside the mouth.,210000,Dimensions: 120 x 80 x 150 cm | Weight: ~80-150 kg | Power: 220V AC
473,"Apex Surgical Imports, 12, GIDC, Makarpura, Vadodara, Gujarat",Licence no: MFG/MD/2023/00948 Issued on: 22-OCT-2023,"Light Cure Unit, class type: Class B",Emits visible blue light to polymerize and cure light-activated dental restorative materials.,CureLight-Elite,CureLight-8515B,SLA - Karnataka,,"Legal Manufacturing Site : Apex Surgical Imports Unit, Gujarat",Emits visible blue light to polymerize and cure light-activated dental restorative materials.,5300,Dimensions: 120 x 80 x 150 cm | Weight: ~80-150 kg | Power: 220V AC
474,"Global Health Solutions, Plot 45, Industrial Area, Peenya, Bangalore",Licence no: MFG/MD/2020/00519 Issued on: 11-NOV-2020,"Light Cure Unit, class type: Class B",Emits visible blue light to polymerize and cure light-activated dental restorative materials.,CureLight-Elite,CureLight-7053A,SLA - Maharashtra,,"Legal Manufacturing Site : Global Health Solutions Unit, Bangalore",Emits visible blue light to polymerize and cure light-activated dental restorative materials.,7500,Dimensions: 120 x 80 x 150 cm | Weight: ~80-150 kg | Power: 220V AC
475,"Astra Medical Supplies, Ring Road, Surat, Gujarat",Licence no: IMP/MD/2024/00178 Issued on: 05-OCT-2024,"Light Cure Unit, class type: Class B",Emits visible blue light to polymerize and cure light-activated dental restorative materials.,CureLight-Ultra,CureLight-8285B,SLA - Karnataka,,"Legal Manufacturing Site : Astra Medical Supplies Unit, Gujarat",Emits visible blue light to polymerize and cure light-activated dental restorative materials.,3300,Dimensions: 120 x 80 x 150 cm | Weight: ~80-150 kg | Power: 220V AC
476,"LifeCare Innovations, Tech Park, OMR, Chennai, Tamil Nadu",Licence no: MFG/MD/2018/00879 Issued on: 15-JUN-2018,"Light Cure Unit, class type: Class B",Emits visible blue light to polymerize and cure light-activated dental restorative materials.,CureLight-Basic,CureLight-8509,CLA - CDSCO,,"Legal Manufacturing Site : LifeCare Innovations Unit, Tamil Nadu",Emits visible blue light to polymerize and cure light-activated dental restorative materials.,5800,Dimensions: 120 x 80 x 150 cm | Weight: ~80-150 kg | Power: 220V AC
477,"Spark Peripheral Technologies, Shop 1, Moolchand Market, New Delhi",Licence no: IMP/MD/2021/00564 Issued on: 14-DEC-2021,"Light Cure Unit, class type: Class B",Emits visible blue light to polymerize and cure light-activated dental restorative materials.,CureLight-X,CureLight-9270,SLA - Karnataka,,"Legal Manufacturing Site : Spark Peripheral Technologies Unit, New Delhi",Emits visible blue light to polymerize and cure light-activated dental restorative materials.,6500,Dimensions: 120 x 80 x 150 cm | Weight: ~80-150 kg | Power: 220V AC
478,"NovaBio Tech, Phase 8, Industrial Area, Mohali, Punjab",Licence no: IMP/MD/2018/00665 Issued on: 22-JUN-2018,"Light Cure Unit, class type: Class B",Emits visible blue light to polymerize and cure light-activated dental restorative materials.,CureLight-Max,CureLight-5800X,CLA - CDSCO,,"Legal Manufacturing Site : NovaBio Tech Unit, Punjab",Emits visible blue light to polymerize and cure light-activated dental restorative materials.,4500,Dimensions: 120 x 80 x 150 cm | Weight: ~80-150 kg | Power: 220V AC
479,"Quantum Care Co., Jubilee Hills, Hyderabad, Telangana",Licence no: MFG/MD/2018/00985 Issued on: 23-JUL-2018,"Light Cure Unit, class type: Class B",Emits visible blue light to polymerize and cure light-activated dental restorative materials.,CureLight-X,CureLight-8963B,SLA - Delhi,,"Legal Manufacturing Site : Quantum Care Co. Unit, Telangana",Emits visible blue light to polymerize and cure light-activated dental restorative materials.,5100,Dimensions: 120 x 80 x 150 cm | Weight: ~80-150 kg | Power: 220V AC
480,"Spark Peripheral Technologies, Shop 1, Moolchand Market, New Delhi",Licence no: IMP/MD/2021/00516 Issued on: 12-DEC-2021,"Light Cure Unit, class type: Class B",Emits visible blue light to polymerize and cure light-activated dental restorative materials.,CureLight-X,CureLight-1238X,SLA - Tamil Nadu,,"Legal Manufacturing Site : Spark Peripheral Technologies Unit, New Delhi",Emits visible blue light to polymerize and cure light-activated dental restorative materials.,9700,Dimensions: 120 x 80 x 150 cm | Weight: ~80-150 kg | Power: 220V AC
481,"Global Health Solutions, Plot 45, Industrial Area, Peenya, Bangalore",Licence no: IMP/MD/2024/00201 Issued on: 08-JUN-2024,"Light Cure Unit, class type: Class B",Emits visible blue light to polymerize and cure light-activated dental restorative materials.,CureLight-Max,CureLight-2428X,CLA - CDSCO,,"Legal Manufacturing Site : Global Health Solutions Unit, Bangalore",Emits visible blue light to polymerize and cure light-activated dental restorative materials.,7800,Dimensions: 120 x 80 x 150 cm | Weight: ~80-150 kg | Power: 220V AC
482,"Apex Surgical Imports, 12, GIDC, Makarpura, Vadodara, Gujarat",Licence no: IMP/MD/2018/00850 Issued on: 16-NOV-2018,"Light Cure Unit, class type: Class B",Emits visible blue light to polymerize and cure light-activated dental restorative materials.,CureLight-Pro,CureLight-3025,SLA - Delhi,,"Legal Manufacturing Site : Apex Surgical Imports Unit, Gujarat",Emits visible blue light to polymerize and cure light-activated dental restorative materials.,6700,Dimensions: 120 x 80 x 150 cm | Weight: ~80-150 kg | Power: 220V AC
483,"Global Health Solutions, Plot 45, Industrial Area, Peenya, Bangalore",Licence no: MFG/MD/2019/00424 Issued on: 21-APR-2019,"Light Cure Unit, class type: Class B",Emits visible blue light to polymerize and cure light-activated dental restorative materials.,CureLight-Max,CureLight-4443,CLA - CDSCO,,"Legal Manufacturing Site : Global Health Solutions Unit, Bangalore",Emits visible blue light to polymerize and cure light-activated dental restorative materials.,7100,Dimensions: 120 x 80 x 150 cm | Weight: ~80-150 kg | Power: 220V AC
484,"Apex Surgical Imports, 12, GIDC, Makarpura, Vadodara, Gujarat",Licence no: IMP/MD/2022/00484 Issued on: 22-JUL-2022,"Orthodontic Brackets, class type: Class B",Small devices attached to teeth to hold archwires in place during orthodontic treatment.,OrthoBrace-Pro,OrthoBrace-8802X,SLA - Tamil Nadu,,"Legal Manufacturing Site : Apex Surgical Imports Unit, Gujarat",Small devices attached to teeth to hold archwires in place during orthodontic treatment.,1900,Dimensions: Varied (Small/Compact) | Weight: < 1 kg | Material: Medical Grade
485,"Apex Surgical Imports, 12, GIDC, Makarpura, Vadodara, Gujarat",Licence no: MFG/MD/2018/00778 Issued on: 23-NOV-2018,"Orthodontic Brackets, class type: Class B",Small devices attached to teeth to hold archwires in place during orthodontic treatment.,OrthoBrace-Elite,OrthoBrace-5531B,SLA - Maharashtra,,"Legal Manufacturing Site : Apex Surgical Imports Unit, Gujarat",Small devices attached to teeth to hold archwires in place during orthodontic treatment.,1700,Dimensions: Varied (Small/Compact) | Weight: < 1 kg | Material: Medical Grade
486,"LifeCare Innovations, Tech Park, OMR, Chennai, Tamil Nadu",Licence no: MFG/MD/2024/00890 Issued on: 25-NOV-2024,"Orthodontic Brackets, class type: Class B",Small devices attached to teeth to hold archwires in place during orthodontic treatment.,OrthoBrace-Pro,OrthoBrace-9344X,SLA - Tamil Nadu,,"Legal Manufacturing Site : LifeCare Innovations Unit, Tamil Nadu",Small devices attached to teeth to hold archwires in place during orthodontic treatment.,2400,Dimensions: Varied (Small/Compact) | Weight: < 1 kg | Material: Medical Grade
487,"Apex Surgical Imports, 12, GIDC, Makarpura, Vadodara, Gujarat",Licence no: MFG/MD/2023/00327 Issued on: 24-FEB-2023,"Orthodontic Brackets, class type: Class B",Small devices attached to teeth to hold archwires in place during orthodontic treatment.,OrthoBrace-Advance,OrthoBrace-9813A,SLA - Maharashtra,,"Legal Manufacturing Site : Apex Surgical Imports Unit, Gujarat",Small devices attached to teeth to hold archwires in place during orthodontic treatment.,570,Dimensions: Varied (Small/Compact) | Weight: < 1 kg | Material: Medical Grade
488,"LifeCare Innovations, Tech Park, OMR, Chennai, Tamil Nadu",Licence no: IMP/MD/2020/00286 Issued on: 04-APR-2020,"Orthodontic Brackets, class type: Class B",Small devices attached to teeth to hold archwires in place during orthodontic treatment.,OrthoBrace-Pro,OrthoBrace-7137B,SLA - Delhi,,"Legal Manufacturing Site : LifeCare Innovations Unit, Tamil Nadu",Small devices attached to teeth to hold archwires in place during orthodontic treatment.,1300,Dimensions: Varied (Small/Compact) | Weight: < 1 kg | Material: Medical Grade
489,"Quantum Care Co., Jubilee Hills, Hyderabad, Telangana",Licence no: IMP/MD/2023/00776 Issued on: 23-MAY-2023,"Orthodontic Brackets, class type: Class B",Small devices attached to teeth to hold archwires in place during orthodontic treatment.,OrthoBrace-Elite,OrthoBrace-2924,SLA - Delhi,,"Legal Manufacturing Site : Quantum Care Co. Unit, Telangana",Small devices attached to teeth to hold archwires in place during orthodontic treatment.,1100,Dimensions: Varied (Small/Compact) | Weight: < 1 kg | Material: Medical Grade
490,"Zenith Medical Devices, Tower B, BKC, Bandra East, Mumbai, Maharashtra",Licence no: MFG/MD/2023/00444 Issued on: 08-JAN-2023,"Orthodontic Brackets, class type: Class B",Small devices attached to teeth to hold archwires in place during orthodontic treatment.,OrthoBrace-Elite,OrthoBrace-1929X,SLA - Tamil Nadu,,"Legal Manufacturing Site : Zenith Medical Devices Unit, Maharashtra",Small devices attached to teeth to hold archwires in place during orthodontic treatment.,2300,Dimensions: Varied (Small/Compact) | Weight: < 1 kg | Material: Medical Grade
491,"Global Health Solutions, Plot 45, Industrial Area, Peenya, Bangalore",Licence no: IMP/MD/2024/00336 Issued on: 11-SEP-2024,"Orthodontic Brackets, class type: Class B",Small devices attached to teeth to hold archwires in place during orthodontic treatment.,OrthoBrace-X,OrthoBrace-9817X,SLA - Karnataka,,"Legal Manufacturing Site : Global Health Solutions Unit, Bangalore",Small devices attached to teeth to hold archwires in place during orthodontic treatment.,3000,Dimensions: Varied (Small/Compact) | Weight: < 1 kg | Material: Medical Grade
492,"Apex Surgical Imports, 12, GIDC, Makarpura, Vadodara, Gujarat",Licence no: MFG/MD/2021/00707 Issued on: 15-DEC-2021,"Tooth Extraction Forceps, class type: Class A",Surgical instruments used to extract teeth from the alveolar bone.,ForcepsPro-Plus,ForcepsPro-3818X,CLA - CDSCO,,"Legal Manufacturing Site : Apex Surgical Imports Unit, Gujarat",Surgical instruments used to extract teeth from the alveolar bone.,780,Dimensions: 15-20 cm length | Weight: ~100-500 g | Material: Stainless Steel/Alloy
493,"Zenith Medical Devices, Tower B, BKC, Bandra East, Mumbai, Maharashtra",Licence no: MFG/MD/2023/00271 Issued on: 17-OCT-2023,"Tooth Extraction Forceps, class type: Class A",Surgical instruments used to extract teeth from the alveolar bone.,ForcepsPro-Elite,ForcepsPro-2821A,SLA - Karnataka,,"Legal Manufacturing Site : Zenith Medical Devices Unit, Maharashtra",Surgical instruments used to extract teeth from the alveolar bone.,870,Dimensions: 15-20 cm length | Weight: ~100-500 g | Material: Stainless Steel/Alloy
494,"MediCorp India Pvt Ltd, Cyber City, Phase 2, Gurgaon, Haryana",Licence no: MFG/MD/2021/00190 Issued on: 08-JAN-2021,"Tooth Extraction Forceps, class type: Class A",Surgical instruments used to extract teeth from the alveolar bone.,ForcepsPro-Plus,ForcepsPro-7263B,SLA - Tamil Nadu,,"Legal Manufacturing Site : MediCorp India Pvt Ltd Unit, Haryana",Surgical instruments used to extract teeth from the alveolar bone.,430,Dimensions: 15-20 cm length | Weight: ~100-500 g | Material: Stainless Steel/Alloy
495,"NovaBio Tech, Phase 8, Industrial Area, Mohali, Punjab",Licence no: MFG/MD/2021/00747 Issued on: 07-APR-2021,"Tooth Extraction Forceps, class type: Class A",Surgical instruments used to extract teeth from the alveolar bone.,ForcepsPro-Elite,ForcepsPro-8729X,SLA - Telangana,,"Legal Manufacturing Site : NovaBio Tech Unit, Punjab",Surgical instruments used to extract teeth from the alveolar bone.,1400,Dimensions: 15-20 cm length | Weight: ~100-500 g | Material: Stainless Steel/Alloy
496,"Astra Medical Supplies, Ring Road, Surat, Gujarat",Licence no: IMP/MD/2018/00384 Issued on: 25-JUL-2018,"Tooth Extraction Forceps, class type: Class A",Surgical instruments used to extract teeth from the alveolar bone.,ForcepsPro-Basic,ForcepsPro-7981X,SLA - Delhi,,"Legal Manufacturing Site : Astra Medical Supplies Unit, Gujarat",Surgical instruments used to extract teeth from the alveolar bone.,620,Dimensions: 15-20 cm length | Weight: ~100-500 g | Material: Stainless Steel/Alloy
497,"Global Health Solutions, Plot 45, Industrial Area, Peenya, Bangalore",Licence no: MFG/MD/2020/00604 Issued on: 23-OCT-2020,"Tooth Extraction Forceps, class type: Class A",Surgical instruments used to extract teeth from the alveolar bone.,ForcepsPro-Basic,ForcepsPro-8740,SLA - Karnataka,,"Legal Manufacturing Site : Global Health Solutions Unit, Bangalore",Surgical instruments used to extract teeth from the alveolar bone.,1000,Dimensions: 15-20 cm length | Weight: ~100-500 g | Material: Stainless Steel/Alloy
498,"Zenith Medical Devices, Tower B, BKC, Bandra East, Mumbai, Maharashtra",Licence no: IMP/MD/2018/00917 Issued on: 07-NOV-2018,"Ultrasonic Scaler, class type: Class B","Uses high-frequency vibrations to remove plaque, calculus, and stains from teeth.",ScalePro-Ultra,ScalePro-7520B,SLA - Karnataka,,"Legal Manufacturing Site : Zenith Medical Devices Unit, Maharashtra","Uses high-frequency vibrations to remove plaque, calculus, and stains from teeth.",14000,Dimensions: 15-20 cm length | Weight: ~100-500 g | Material: Stainless Steel/Alloy
499,"Apex Surgical Imports, 12, GIDC, Makarpura, Vadodara, Gujarat",Licence no: IMP/MD/2024/00492 Issued on: 22-JAN-2024,"Ultrasonic Scaler, class type: Class B","Uses high-frequency vibrations to remove plaque, calculus, and stains from teeth.",ScalePro-Basic,ScalePro-9022A,SLA - Delhi,,"Legal Manufacturing Site : Apex Surgical Imports Unit, Gujarat","Uses high-frequency vibrations to remove plaque, calculus, and stains from teeth.",12000,Dimensions: 15-20 cm length | Weight: ~100-500 g | Material: Stainless Steel/Alloy
500,"NovaBio Tech, Phase 8, Industrial Area, Mohali, Punjab",Licence no: IMP/MD/2024/00823 Issued on: 22-OCT-2024,"Ultrasonic Scaler, class type: Class B","Uses high-frequency vibrations to remove plaque, calculus, and stains from teeth.",ScalePro-Plus,ScalePro-4520X,SLA - Karnataka,,"Legal Manufacturing Site : NovaBio Tech Unit, Punjab","Uses high-frequency vibrations to remove plaque, calculus, and stains from teeth.",19000,Dimensions: 15-20 cm length | Weight: ~100-500 g | Material: Stainless Steel/Alloy
501,"Astra Medical Supplies, Ring Road, Surat, Gujarat",Licence no: MFG/MD/2019/00179 Issued on: 03-SEP-2019,"Audiometer, class type: Class B",Evaluates hearing acuity and diagnoses hearing loss.,AudioTest-Pro,AudioTest-4288,SLA - Gujarat,,"Legal Manufacturing Site : Astra Medical Supplies Unit, Gujarat",Evaluates hearing acuity and diagnoses hearing loss.,58000,Dimensions: 30 x 20 x 15 cm | Weight: ~2-10 kg | Power: 110V/220V AC or Battery
502,"MediCorp India Pvt Ltd, Cyber City, Phase 2, Gurgaon, Haryana",Licence no: MFG/MD/2023/00218 Issued on: 07-DEC-2023,"Audiometer, class type: Class B",Evaluates hearing acuity and diagnoses hearing loss.,AudioTest-Ultra,AudioTest-1244,SLA - Karnataka,,"Legal Manufacturing Site : MediCorp India Pvt Ltd Unit, Haryana",Evaluates hearing acuity and diagnoses hearing loss.,110000,Dimensions: 30 x 20 x 15 cm | Weight: ~2-10 kg | Power: 110V/220V AC or Battery
503,"Quantum Care Co., Jubilee Hills, Hyderabad, Telangana",Licence no: MFG/MD/2019/00846 Issued on: 03-JUL-2019,"Audiometer, class type: Class B",Evaluates hearing acuity and diagnoses hearing loss.,AudioTest-Plus,AudioTest-2024X,SLA - Tamil Nadu,,"Legal Manufacturing Site : Quantum Care Co. Unit, Telangana",Evaluates hearing acuity and diagnoses hearing loss.,110000,Dimensions: 30 x 20 x 15 cm | Weight: ~2-10 kg | Power: 110V/220V AC or Battery
504,"Zenith Medical Devices, Tower B, BKC, Bandra East, Mumbai, Maharashtra",Licence no: IMP/MD/2023/00620 Issued on: 19-AUG-2023,"Audiometer, class type: Class B",Evaluates hearing acuity and diagnoses hearing loss.,AudioTest-X,AudioTest-2585,SLA - Delhi,,"Legal Manufacturing Site : Zenith Medical Devices Unit, Maharashtra",Evaluates hearing acuity and diagnoses hearing loss.,43000,Dimensions: 30 x 20 x 15 cm | Weight: ~2-10 kg | Power: 110V/220V AC or Battery
505,"Global Health Solutions, Plot 45, Industrial Area, Peenya, Bangalore",Licence no: MFG/MD/2019/00250 Issued on: 11-JAN-2019,"Blood Gas Analyzer, class type: Class C","Measures partial pressures of oxygen and carbon dioxide, as well as pH levels in blood.",GasLab-Elite,GasLab-1460,SLA - Karnataka,,"Legal Manufacturing Site : Global Health Solutions Unit, Bangalore","Measures partial pressures of oxygen and carbon dioxide, as well as pH levels in blood.",600000,Dimensions: 120 x 80 x 150 cm | Weight: ~80-150 kg | Power: 220V AC
506,"Astra Medical Supplies, Ring Road, Surat, Gujarat",Licence no: IMP/MD/2023/00430 Issued on: 15-SEP-2023,"Blood Gas Analyzer, class type: Class C","Measures partial pressures of oxygen and carbon dioxide, as well as pH levels in blood.",GasLab-Advance,GasLab-3796X,SLA - Maharashtra,,"Legal Manufacturing Site : Astra Medical Supplies Unit, Gujarat","Measures partial pressures of oxygen and carbon dioxide, as well as pH levels in blood.",480000,Dimensions: 120 x 80 x 150 cm | Weight: ~80-150 kg | Power: 220V AC
507,"LifeCare Innovations, Tech Park, OMR, Chennai, Tamil Nadu",Licence no: MFG/MD/2023/00527 Issued on: 20-DEC-2023,"Blood Gas Analyzer, class type: Class C","Measures partial pressures of oxygen and carbon dioxide, as well as pH levels in blood.",GasLab-Pro,GasLab-9906X,SLA - Telangana,,"Legal Manufacturing Site : LifeCare Innovations Unit, Tamil Nadu","Measures partial pressures of oxygen and carbon dioxide, as well as pH levels in blood.",760000,Dimensions: 120 x 80 x 150 cm | Weight: ~80-150 kg | Power: 220V AC
508,"Quantum Care Co., Jubilee Hills, Hyderabad, Telangana",Licence no: MFG/MD/2023/00608 Issued on: 27-JUN-2023,"Blood Gas Analyzer, class type: Class C","Measures partial pressures of oxygen and carbon dioxide, as well as pH levels in blood.",GasLab-Plus,GasLab-3268X,SLA - Telangana,,"Legal Manufacturing Site : Quantum Care Co. Unit, Telangana","Measures partial pressures of oxygen and carbon dioxide, as well as pH levels in blood.",420000,Dimensions: 120 x 80 x 150 cm | Weight: ~80-150 kg | Power: 220V AC
509,"Zenith Medical Devices, Tower B, BKC, Bandra East, Mumbai, Maharashtra",Licence no: MFG/MD/2021/00167 Issued on: 07-AUG-2021,"Blood Gas Analyzer, class type: Class C","Measures partial pressures of oxygen and carbon dioxide, as well as pH levels in blood.",GasLab-X,GasLab-9749B,SLA - Telangana,,"Legal Manufacturing Site : Zenith Medical Devices Unit, Maharashtra","Measures partial pressures of oxygen and carbon dioxide, as well as pH levels in blood.",460000,Dimensions: 120 x 80 x 150 cm | Weight: ~80-150 kg | Power: 220V AC
510,"Global Health Solutions, Plot 45, Industrial Area, Peenya, Bangalore",Licence no: MFG/MD/2018/00415 Issued on: 16-JAN-2018,"Blood Gas Analyzer, class type: Class C","Measures partial pressures of oxygen and carbon dioxide, as well as pH levels in blood.",GasLab-X,GasLab-4278B,SLA - Karnataka,,"Legal Manufacturing Site : Global Health Solutions Unit, Bangalore","Measures partial pressures of oxygen and carbon dioxide, as well as pH levels in blood.",390000,Dimensions: 120 x 80 x 150 cm | Weight: ~80-150 kg | Power: 220V AC
511,"LifeCare Innovations, Tech Park, OMR, Chennai, Tamil Nadu",Licence no: IMP/MD/2020/00830 Issued on: 20-AUG-2020,"Blood Gas Analyzer, class type: Class C","Measures partial pressures of oxygen and carbon dioxide, as well as pH levels in blood.",GasLab-Pro,GasLab-1553X,SLA - Tamil Nadu,,"Legal Manufacturing Site : LifeCare Innovations Unit, Tamil Nadu","Measures partial pressures of oxygen and carbon dioxide, as well as pH levels in blood.",370000,Dimensions: 120 x 80 x 150 cm | Weight: ~80-150 kg | Power: 220V AC
512,"Spark Peripheral Technologies, Shop 1, Moolchand Market, New Delhi",Licence no: MFG/MD/2021/00743 Issued on: 05-AUG-2021,"Blood Gas Analyzer, class type: Class C","Measures partial pressures of oxygen and carbon dioxide, as well as pH levels in blood.",GasLab-Ultra,GasLab-4279X,SLA - Telangana,,"Legal Manufacturing Site : Spark Peripheral Technologies Unit, New Delhi","Measures partial pressures of oxygen and carbon dioxide, as well as pH levels in blood.",800000,Dimensions: 120 x 80 x 150 cm | Weight: ~80-150 kg | Power: 220V AC
513,"Spark Peripheral Technologies, Shop 1, Moolchand Market, New Delhi",Licence no: IMP/MD/2022/00987 Issued on: 14-JUL-2022,"Blood Gas Analyzer, class type: Class C","Measures partial pressures of oxygen and carbon dioxide, as well as pH levels in blood.",GasLab-Pro,GasLab-7527,SLA - Telangana,,"Legal Manufacturing Site : Spark Peripheral Technologies Unit, New Delhi","Measures partial pressures of oxygen and carbon dioxide, as well as pH levels in blood.",810000,Dimensions: 120 x 80 x 150 cm | Weight: ~80-150 kg | Power: 220V AC
514,"NovaBio Tech, Phase 8, Industrial Area, Mohali, Punjab",Licence no: MFG/MD/2022/00187 Issued on: 20-JUL-2022,"Blood Gas Analyzer, class type: Class C","Measures partial pressures of oxygen and carbon dioxide, as well as pH levels in blood.",GasLab-Plus,GasLab-7703,SLA - Karnataka,,"Legal Manufacturing Site : NovaBio Tech Unit, Punjab","Measures partial pressures of oxygen and carbon dioxide, as well as pH levels in blood.",510000,Dimensions: 120 x 80 x 150 cm | Weight: ~80-150 kg | Power: 220V AC
515,"NovaBio Tech, Phase 8, Industrial Area, Mohali, Punjab",Licence no: IMP/MD/2018/00445 Issued on: 16-AUG-2018,"Bone Densitometer, class type: Class B",Measures bone mineral density to diagnose osteopenia or osteoporosis.,OsteoScan-Ultra,OsteoScan-7060X,SLA - Gujarat,,"Legal Manufacturing Site : NovaBio Tech Unit, Punjab",Measures bone mineral density to diagnose osteopenia or osteoporosis.,1380000,Dimensions: 30 x 20 x 15 cm | Weight: ~2-10 kg | Power: 110V/220V AC or Battery
516,"Zenith Medical Devices, Tower B, BKC, Bandra East, Mumbai, Maharashtra",Licence no: IMP/MD/2022/00853 Issued on: 06-DEC-2022,"Bone Densitometer, class type: Class B",Measures bone mineral density to diagnose osteopenia or osteoporosis.,OsteoScan-Ultra,OsteoScan-6585B,CLA - CDSCO,,"Legal Manufacturing Site : Zenith Medical Devices Unit, Maharashtra",Measures bone mineral density to diagnose osteopenia or osteoporosis.,2880000,Dimensions: 30 x 20 x 15 cm | Weight: ~2-10 kg | Power: 110V/220V AC or Battery
517,"Global Health Solutions, Plot 45, Industrial Area, Peenya, Bangalore",Licence no: IMP/MD/2024/00182 Issued on: 28-AUG-2024,"Bone Densitometer, class type: Class B",Measures bone mineral density to diagnose osteopenia or osteoporosis.,OsteoScan-Pro,OsteoScan-5014B,SLA - Delhi,,"Legal Manufacturing Site : Global Health Solutions Unit, Bangalore",Measures bone mineral density to diagnose osteopenia or osteoporosis.,1800000,Dimensions: 30 x 20 x 15 cm | Weight: ~2-10 kg | Power: 110V/220V AC or Battery
518,"Zenith Medical Devices, Tower B, BKC, Bandra East, Mumbai, Maharashtra",Licence no: IMP/MD/2022/00366 Issued on: 09-FEB-2022,"Bone Densitometer, class type: Class B",Measures bone mineral density to diagnose osteopenia or osteoporosis.,OsteoScan-Pro,OsteoScan-3796X,SLA - Gujarat,,"Legal Manufacturing Site : Zenith Medical Devices Unit, Maharashtra",Measures bone mineral density to diagnose osteopenia or osteoporosis.,2420000,Dimensions: 30 x 20 x 15 cm | Weight: ~2-10 kg | Power: 110V/220V AC or Battery
519,"Global Health Solutions, Plot 45, Industrial Area, Peenya, Bangalore",Licence no: MFG/MD/2019/00106 Issued on: 09-JUL-2019,"Bone Densitometer, class type: Class B",Measures bone mineral density to diagnose osteopenia or osteoporosis.,OsteoScan-Elite,OsteoScan-6359B,SLA - Karnataka,,"Legal Manufacturing Site : Global Health Solutions Unit, Bangalore",Measures bone mineral density to diagnose osteopenia or osteoporosis.,2340000,Dimensions: 30 x 20 x 15 cm | Weight: ~2-10 kg | Power: 110V/220V AC or Battery
520,"Astra Medical Supplies, Ring Road, Surat, Gujarat",Licence no: MFG/MD/2019/00289 Issued on: 07-JUL-2019,"Bone Densitometer, class type: Class B",Measures bone mineral density to diagnose osteopenia or osteoporosis.,OsteoScan-Elite,OsteoScan-8491A,SLA - Delhi,,"Legal Manufacturing Site : Astra Medical Supplies Unit, Gujarat",Measures bone mineral density to diagnose osteopenia or osteoporosis.,3030000,Dimensions: 30 x 20 x 15 cm | Weight: ~2-10 kg | Power: 110V/220V AC or Battery
521,"Astra Medical Supplies, Ring Road, Surat, Gujarat",Licence no: MFG/MD/2018/00784 Issued on: 15-AUG-2018,"Digital X-Ray Machine, class type: Class C",Generates digital radiographic images of the body to diagnose medical conditions.,DigiRay-Pro,DigiRay-1706B,SLA - Karnataka,,"Legal Manufacturing Site : Astra Medical Supplies Unit, Gujarat",Generates digital radiographic images of the body to diagnose medical conditions.,1230000,Dimensions: 120 x 80 x 150 cm | Weight: ~80-150 kg | Power: 220V AC
522,"Spark Peripheral Technologies, Shop 1, Moolchand Market, New Delhi",Licence no: MFG/MD/2021/00163 Issued on: 03-JAN-2021,"Digital X-Ray Machine, class type: Class C",Generates digital radiographic images of the body to diagnose medical conditions.,DigiRay-Max,DigiRay-3794B,SLA - Delhi,,"Legal Manufacturing Site : Spark Peripheral Technologies Unit, New Delhi",Generates digital radiographic images of the body to diagnose medical conditions.,1640000,Dimensions: 120 x 80 x 150 cm | Weight: ~80-150 kg | Power: 220V AC
523,"LifeCare Innovations, Tech Park, OMR, Chennai, Tamil Nadu",Licence no: MFG/MD/2021/00352 Issued on: 28-MAR-2021,"Digital X-Ray Machine, class type: Class C",Generates digital radiographic images of the body to diagnose medical conditions.,DigiRay-Ultra,DigiRay-8087,SLA - Tamil Nadu,,"Legal Manufacturing Site : LifeCare Innovations Unit, Tamil Nadu",Generates digital radiographic images of the body to diagnose medical conditions.,730000,Dimensions: 120 x 80 x 150 cm | Weight: ~80-150 kg | Power: 220V AC
524,"NovaBio Tech, Phase 8, Industrial Area, Mohali, Punjab",Licence no: MFG/MD/2024/00412 Issued on: 26-NOV-2024,"Digital X-Ray Machine, class type: Class C",Generates digital radiographic images of the body to diagnose medical conditions.,DigiRay-Basic,DigiRay-9065,SLA - Maharashtra,,"Legal Manufacturing Site : NovaBio Tech Unit, Punjab",Generates digital radiographic images of the body to diagnose medical conditions.,1820000,Dimensions: 120 x 80 x 150 cm | Weight: ~80-150 kg | Power: 220V AC
525,"Quantum Care Co., Jubilee Hills, Hyderabad, Telangana",Licence no: IMP/MD/2018/00641 Issued on: 08-JUL-2018,"Digital X-Ray Machine, class type: Class C",Generates digital radiographic images of the body to diagnose medical conditions.,DigiRay-Pro,DigiRay-6482A,SLA - Telangana,,"Legal Manufacturing Site : Quantum Care Co. Unit, Telangana",Generates digital radiographic images of the body to diagnose medical conditions.,1860000,Dimensions: 120 x 80 x 150 cm | Weight: ~80-150 kg | Power: 220V AC
526,"Zenith Medical Devices, Tower B, BKC, Bandra East, Mumbai, Maharashtra",Licence no: MFG/MD/2023/00980 Issued on: 02-JUN-2023,"Electronic Stethoscope, class type: Class B",Amplifies internal body sounds for diagnostic auscultation.,AcousticPlus-Pro,AcousticPlus-6252A,SLA - Tamil Nadu,,"Legal Manufacturing Site : Zenith Medical Devices Unit, Maharashtra",Amplifies internal body sounds for diagnostic auscultation.,26000,Dimensions: 15-20 cm length | Weight: ~100-500 g | Material: Stainless Steel/Alloy
527,"Pioneer Health Systems, Sector V, Salt Lake, Kolkata, West Bengal",Licence no: MFG/MD/2022/00151 Issued on: 28-SEP-2022,"Electronic Stethoscope, class type: Class B",Amplifies internal body sounds for diagnostic auscultation.,AcousticPlus-X,AcousticPlus-6357A,SLA - Maharashtra,,"Legal Manufacturing Site : Pioneer Health Systems Unit, West Bengal",Amplifies internal body sounds for diagnostic auscultation.,21000,Dimensions: 15-20 cm length | Weight: ~100-500 g | Material: Stainless Steel/Alloy
528,"MediCorp India Pvt Ltd, Cyber City, Phase 2, Gurgaon, Haryana",Licence no: MFG/MD/2019/00416 Issued on: 27-MAY-2019,"Electronic Stethoscope, class type: Class B",Amplifies internal body sounds for diagnostic auscultation.,AcousticPlus-Ultra,AcousticPlus-9768X,SLA - Karnataka,,"Legal Manufacturing Site : MediCorp India Pvt Ltd Unit, Haryana",Amplifies internal body sounds for diagnostic auscultation.,28000,Dimensions: 15-20 cm length | Weight: ~100-500 g | Material: Stainless Steel/Alloy
529,"NovaBio Tech, Phase 8, Industrial Area, Mohali, Punjab",Licence no: IMP/MD/2019/00636 Issued on: 12-JUL-2019,"Electronic Stethoscope, class type: Class B",Amplifies internal body sounds for diagnostic auscultation.,AcousticPlus-Ultra,AcousticPlus-2297B,SLA - Gujarat,,"Legal Manufacturing Site : NovaBio Tech Unit, Punjab",Amplifies internal body sounds for diagnostic auscultation.,38000,Dimensions: 15-20 cm length | Weight: ~100-500 g | Material: Stainless Steel/Alloy
530,"NovaBio Tech, Phase 8, Industrial Area, Mohali, Punjab",Licence no: IMP/MD/2021/00913 Issued on: 03-OCT-2021,"Electronic Stethoscope, class type: Class B",Amplifies internal body sounds for diagnostic auscultation.,AcousticPlus-Elite,AcousticPlus-2952B,SLA - Tamil Nadu,,"Legal Manufacturing Site : NovaBio Tech Unit, Punjab",Amplifies internal body sounds for diagnostic auscultation.,37000,Dimensions: 15-20 cm length | Weight: ~100-500 g | Material: Stainless Steel/Alloy
531,"Quantum Care Co., Jubilee Hills, Hyderabad, Telangana",Licence no: IMP/MD/2018/00639 Issued on: 22-APR-2018,"Electronic Stethoscope, class type: Class B",Amplifies internal body sounds for diagnostic auscultation.,AcousticPlus-X,AcousticPlus-6803A,SLA - Telangana,,"Legal Manufacturing Site : Quantum Care Co. Unit, Telangana",Amplifies internal body sounds for diagnostic auscultation.,16000,Dimensions: 15-20 cm length | Weight: ~100-500 g | Material: Stainless Steel/Alloy
532,"Quantum Care Co., Jubilee Hills, Hyderabad, Telangana",Licence no: IMP/MD/2020/00934 Issued on: 18-DEC-2020,"Electronic Stethoscope, class type: Class B",Amplifies internal body sounds for diagnostic auscultation.,AcousticPlus-Plus,AcousticPlus-4714B,SLA - Telangana,,"Legal Manufacturing Site : Quantum Care Co. Unit, Telangana",Amplifies internal body sounds for diagnostic auscultation.,22000,Dimensions: 15-20 cm length | Weight: ~100-500 g | Material: Stainless Steel/Alloy
533,"MediCorp India Pvt Ltd, Cyber City, Phase 2, Gurgaon, Haryana",Licence no: IMP/MD/2022/00287 Issued on: 15-JAN-2022,"Electronic Stethoscope, class type: Class B",Amplifies internal body sounds for diagnostic auscultation.,AcousticPlus-Advance,AcousticPlus-4021B,SLA - Karnataka,,"Legal Manufacturing Site : MediCorp India Pvt Ltd Unit, Haryana",Amplifies internal body sounds for diagnostic auscultation.,25000,Dimensions: 15-20 cm length | Weight: ~100-500 g | Material: Stainless Steel/Alloy
534,"MediCorp India Pvt Ltd, Cyber City, Phase 2, Gurgaon, Haryana",Licence no: IMP/MD/2023/00190 Issued on: 25-APR-2023,"Electronic Stethoscope, class type: Class B",Amplifies internal body sounds for diagnostic auscultation.,AcousticPlus-X,AcousticPlus-8737B,SLA - Maharashtra,,"Legal Manufacturing Site : MediCorp India Pvt Ltd Unit, Haryana",Amplifies internal body sounds for diagnostic auscultation.,17000,Dimensions: 15-20 cm length | Weight: ~100-500 g | Material: Stainless Steel/Alloy
535,"Spark Peripheral Technologies, Shop 1, Moolchand Market, New Delhi",Licence no: MFG/MD/2020/00290 Issued on: 01-JUN-2020,"Heart-Lung Machine, class type: Class C",Takes over the function of the heart and lungs during cardiopulmonary bypass surgery.,CardioBypass-Basic,CardioBypass-9878B,SLA - Maharashtra,,"Legal Manufacturing Site : Spark Peripheral Technologies Unit, New Delhi",Takes over the function of the heart and lungs during cardiopulmonary bypass surgery.,2850000,Dimensions: 120 x 80 x 150 cm | Weight: ~80-150 kg | Power: 220V AC
536,"Global Health Solutions, Plot 45, Industrial Area, Peenya, Bangalore",Licence no: IMP/MD/2023/00874 Issued on: 01-NOV-2023,"Heart-Lung Machine, class type: Class C",Takes over the function of the heart and lungs during cardiopulmonary bypass surgery.,CardioBypass-Max,CardioBypass-2836,SLA - Delhi,,"Legal Manufacturing Site : Global Health Solutions Unit, Bangalore",Takes over the function of the heart and lungs during cardiopulmonary bypass surgery.,2970000,Dimensions: 120 x 80 x 150 cm | Weight: ~80-150 kg | Power: 220V AC
537,"Global Health Solutions, Plot 45, Industrial Area, Peenya, Bangalore",Licence no: IMP/MD/2022/00716 Issued on: 25-NOV-2022,"Heart-Lung Machine, class type: Class C",Takes over the function of the heart and lungs during cardiopulmonary bypass surgery.,CardioBypass-Plus,CardioBypass-9403A,SLA - Gujarat,,"Legal Manufacturing Site : Global Health Solutions Unit, Bangalore",Takes over the function of the heart and lungs during cardiopulmonary bypass surgery.,4620000,Dimensions: 120 x 80 x 150 cm | Weight: ~80-150 kg | Power: 220V AC
538,"Quantum Care Co., Jubilee Hills, Hyderabad, Telangana",Licence no: MFG/MD/2021/00205 Issued on: 28-DEC-2021,"Heart-Lung Machine, class type: Class C",Takes over the function of the heart and lungs during cardiopulmonary bypass surgery.,CardioBypass-Advance,CardioBypass-2926X,SLA - Tamil Nadu,,"Legal Manufacturing Site : Quantum Care Co. Unit, Telangana",Takes over the function of the heart and lungs during cardiopulmonary bypass surgery.,5050000,Dimensions: 120 x 80 x 150 cm | Weight: ~80-150 kg | Power: 220V AC
539,"Apex Surgical Imports, 12, GIDC, Makarpura, Vadodara, Gujarat",Licence no: IMP/MD/2021/00898 Issued on: 08-MAY-2021,"Heart-Lung Machine, class type: Class C",Takes over the function of the heart and lungs during cardiopulmonary bypass surgery.,CardioBypass-Basic,CardioBypass-9001B,SLA - Karnataka,,"Legal Manufacturing Site : Apex Surgical Imports Unit, Gujarat",Takes over the function of the heart and lungs during cardiopulmonary bypass surgery.,2020000,Dimensions: 120 x 80 x 150 cm | Weight: ~80-150 kg | Power: 220V AC
540,"MediCorp India Pvt Ltd, Cyber City, Phase 2, Gurgaon, Haryana",Licence no: IMP/MD/2021/00778 Issued on: 02-APR-2021,"Heart-Lung Machine, class type: Class C",Takes over the function of the heart and lungs during cardiopulmonary bypass surgery.,CardioBypass-Basic,CardioBypass-4997A,SLA - Telangana,,"Legal Manufacturing Site : MediCorp India Pvt Ltd Unit, Haryana",Takes over the function of the heart and lungs during cardiopulmonary bypass surgery.,4870000,Dimensions: 120 x 80 x 150 cm | Weight: ~80-150 kg | Power: 220V AC
541,"Quantum Care Co., Jubilee Hills, Hyderabad, Telangana",Licence no: IMP/MD/2021/00285 Issued on: 17-FEB-2021,"Heart-Lung Machine, class type: Class C",Takes over the function of the heart and lungs during cardiopulmonary bypass surgery.,CardioBypass-Plus,CardioBypass-1100X,SLA - Maharashtra,,"Legal Manufacturing Site : Quantum Care Co. Unit, Telangana",Takes over the function of the heart and lungs during cardiopulmonary bypass surgery.,3380000,Dimensions: 120 x 80 x 150 cm | Weight: ~80-150 kg | Power: 220V AC
542,"Global Health Solutions, Plot 45, Industrial Area, Peenya, Bangalore",Licence no: IMP/MD/2018/00705 Issued on: 07-MAY-2018,"Infant Incubator, class type: Class C",Provides a controlled environment for the care and observation of premature or ill infants.,NeoCare-Elite,NeoCare-7579B,SLA - Tamil Nadu,,"Legal Manufacturing Site : Global Health Solutions Unit, Bangalore",Provides a controlled environment for the care and observation of premature or ill infants.,470000,Dimensions: 120 x 80 x 150 cm | Weight: ~80-150 kg | Power: 220V AC
543,"Astra Medical Supplies, Ring Road, Surat, Gujarat",Licence no: MFG/MD/2022/00325 Issued on: 11-AUG-2022,"Infant Incubator, class type: Class C",Provides a controlled environment for the care and observation of premature or ill infants.,NeoCare-Plus,NeoCare-3697B,SLA - Karnataka,,"Legal Manufacturing Site : Astra Medical Supplies Unit, Gujarat",Provides a controlled environment for the care and observation of premature or ill infants.,460000,Dimensions: 120 x 80 x 150 cm | Weight: ~80-150 kg | Power: 220V AC
544,"Spark Peripheral Technologies, Shop 1, Moolchand Market, New Delhi",Licence no: MFG/MD/2020/00964 Issued on: 04-NOV-2020,"Infant Incubator, class type: Class C",Provides a controlled environment for the care and observation of premature or ill infants.,NeoCare-Plus,NeoCare-2603A,SLA - Delhi,,"Legal Manufacturing Site : Spark Peripheral Technologies Unit, New Delhi",Provides a controlled environment for the care and observation of premature or ill infants.,310000,Dimensions: 120 x 80 x 150 cm | Weight: ~80-150 kg | Power: 220V AC
545,"Zenith Medical Devices, Tower B, BKC, Bandra East, Mumbai, Maharashtra",Licence no: IMP/MD/2021/00384 Issued on: 21-OCT-2021,"Infant Incubator, class type: Class C",Provides a controlled environment for the care and observation of premature or ill infants.,NeoCare-X,NeoCare-3636,SLA - Telangana,,"Legal Manufacturing Site : Zenith Medical Devices Unit, Maharashtra",Provides a controlled environment for the care and observation of premature or ill infants.,470000,Dimensions: 120 x 80 x 150 cm | Weight: ~80-150 kg | Power: 220V AC
546,"Apex Surgical Imports, 12, GIDC, Makarpura, Vadodara, Gujarat",Licence no: IMP/MD/2020/00548 Issued on: 20-MAR-2020,"Infant Incubator, class type: Class C",Provides a controlled environment for the care and observation of premature or ill infants.,NeoCare-Basic,NeoCare-8083B,SLA - Tamil Nadu,,"Legal Manufacturing Site : Apex Surgical Imports Unit, Gujarat",Provides a controlled environment for the care and observation of premature or ill infants.,220000,Dimensions: 120 x 80 x 150 cm | Weight: ~80-150 kg | Power: 220V AC
547,"Spark Peripheral Technologies, Shop 1, Moolchand Market, New Delhi",Licence no: IMP/MD/2020/00122 Issued on: 05-JUN-2020,"Infant Incubator, class type: Class C",Provides a controlled environment for the care and observation of premature or ill infants.,NeoCare-X,NeoCare-5534B,SLA - Telangana,,"Legal Manufacturing Site : Spark Peripheral Technologies Unit, New Delhi",Provides a controlled environment for the care and observation of premature or ill infants.,440000,Dimensions: 120 x 80 x 150 cm | Weight: ~80-150 kg | Power: 220V AC
548,"LifeCare Innovations, Tech Park, OMR, Chennai, Tamil Nadu",Licence no: MFG/MD/2024/00763 Issued on: 21-MAY-2024,"Infant Incubator, class type: Class C",Provides a controlled environment for the care and observation of premature or ill infants.,NeoCare-Basic,NeoCare-8498A,CLA - CDSCO,,"Legal Manufacturing Site : LifeCare Innovations Unit, Tamil Nadu",Provides a controlled environment for the care and observation of premature or ill infants.,450000,Dimensions: 120 x 80 x 150 cm | Weight: ~80-150 kg | Power: 220V AC
549,"Astra Medical Supplies, Ring Road, Surat, Gujarat",Licence no: MFG/MD/2018/00109 Issued on: 28-FEB-2018,"Infant Incubator, class type: Class C",Provides a controlled environment for the care and observation of premature or ill infants.,NeoCare-X,NeoCare-5245,SLA - Karnataka,,"Legal Manufacturing Site : Astra Medical Supplies Unit, Gujarat",Provides a controlled environment for the care and observation of premature or ill infants.,150000,Dimensions: 120 x 80 x 150 cm | Weight: ~80-150 kg | Power: 220V AC
550,"Apex Surgical Imports, 12, GIDC, Makarpura, Vadodara, Gujarat",Licence no: MFG/MD/2020/00519 Issued on: 22-OCT-2020,"Intraocular Lens, class type: Class C","An implanted lens in the eye, usually replacing the existing crystalline lens because it has been clouded over by a cataract.",VisionLens-Elite,VisionLens-8621X,SLA - Karnataka,,"Legal Manufacturing Site : Apex Surgical Imports Unit, Gujarat","An implanted lens in the eye, usually replacing the existing crystalline lens because it has been clouded over by a cataract.",8800,Dimensions: Varied (Small/Compact) | Weight: < 1 kg | Material: Medical Grade
551,"Spark Peripheral Technologies, Shop 1, Moolchand Market, New Delhi",Licence no: MFG/MD/2021/00402 Issued on: 20-NOV-2021,"Intraocular Lens, class type: Class C","An implanted lens in the eye, usually replacing the existing crystalline lens because it has been clouded over by a cataract.",VisionLens-Advance,VisionLens-4366X,CLA - CDSCO,,"Legal Manufacturing Site : Spark Peripheral Technologies Unit, New Delhi","An implanted lens in the eye, usually replacing the existing crystalline lens because it has been clouded over by a cataract.",7300,Dimensions: Varied (Small/Compact) | Weight: < 1 kg | Material: Medical Grade
552,"Spark Peripheral Technologies, Shop 1, Moolchand Market, New Delhi",Licence no: MFG/MD/2023/00658 Issued on: 02-JUN-2023,"Intraocular Lens, class type: Class C","An implanted lens in the eye, usually replacing the existing crystalline lens because it has been clouded over by a cataract.",VisionLens-Plus,VisionLens-4047B,SLA - Gujarat,,"Legal Manufacturing Site : Spark Peripheral Technologies Unit, New Delhi","An implanted lens in the eye, usually replacing the existing crystalline lens because it has been clouded over by a cataract.",10000,Dimensions: Varied (Small/Compact) | Weight: < 1 kg | Material: Medical Grade
553,"LifeCare Innovations, Tech Park, OMR, Chennai, Tamil Nadu",Licence no: MFG/MD/2024/00609 Issued on: 16-APR-2024,"Intraocular Lens, class type: Class C","An implanted lens in the eye, usually replacing the existing crystalline lens because it has been clouded over by a cataract.",VisionLens-Elite,VisionLens-2425,SLA - Gujarat,,"Legal Manufacturing Site : LifeCare Innovations Unit, Tamil Nadu","An implanted lens in the eye, usually replacing the existing crystalline lens because it has been clouded over by a cataract.",13000,Dimensions: Varied (Small/Compact) | Weight: < 1 kg | Material: Medical Grade
554,"Apex Surgical Imports, 12, GIDC, Makarpura, Vadodara, Gujarat",Licence no: IMP/MD/2024/00668 Issued on: 10-NOV-2024,"Intraocular Lens, class type: Class C","An implanted lens in the eye, usually replacing the existing crystalline lens because it has been clouded over by a cataract.",VisionLens-Plus,VisionLens-2401,SLA - Tamil Nadu,,"Legal Manufacturing Site : Apex Surgical Imports Unit, Gujarat","An implanted lens in the eye, usually replacing the existing crystalline lens because it has been clouded over by a cataract.",2300,Dimensions: Varied (Small/Compact) | Weight: < 1 kg | Material: Medical Grade
555,"MediCorp India Pvt Ltd, Cyber City, Phase 2, Gurgaon, Haryana",Licence no: MFG/MD/2018/00168 Issued on: 12-NOV-2018,"Mammography Machine, class type: Class C",Uses low-energy X-rays to examine the human breast for diagnosis and screening.,MammoScan-Ultra,MammoScan-9108,SLA - Delhi,,"Legal Manufacturing Site : MediCorp India Pvt Ltd Unit, Haryana",Uses low-energy X-rays to examine the human breast for diagnosis and screening.,5380000,Dimensions: 120 x 80 x 150 cm | Weight: ~80-150 kg | Power: 220V AC
556,"Global Health Solutions, Plot 45, Industrial Area, Peenya, Bangalore",Licence no: MFG/MD/2018/00735 Issued on: 18-JUL-2018,"Mammography Machine, class type: Class C",Uses low-energy X-rays to examine the human breast for diagnosis and screening.,MammoScan-Elite,MammoScan-8333A,SLA - Tamil Nadu,,"Legal Manufacturing Site : Global Health Solutions Unit, Bangalore",Uses low-energy X-rays to examine the human breast for diagnosis and screening.,3640000,Dimensions: 120 x 80 x 150 cm | Weight: ~80-150 kg | Power: 220V AC
557,"NovaBio Tech, Phase 8, Industrial Area, Mohali, Punjab",Licence no: IMP/MD/2019/00789 Issued on: 05-NOV-2019,"Mammography Machine, class type: Class C",Uses low-energy X-rays to examine the human breast for diagnosis and screening.,MammoScan-Elite,MammoScan-4307,SLA - Tamil Nadu,,"Legal Manufacturing Site : NovaBio Tech Unit, Punjab",Uses low-energy X-rays to examine the human breast for diagnosis and screening.,5010000,Dimensions: 120 x 80 x 150 cm | Weight: ~80-150 kg | Power: 220V AC
558,"LifeCare Innovations, Tech Park, OMR, Chennai, Tamil Nadu",Licence no: MFG/MD/2020/00631 Issued on: 09-MAR-2020,"Mammography Machine, class type: Class C",Uses low-energy X-rays to examine the human breast for diagnosis and screening.,MammoScan-X,MammoScan-2694,SLA - Gujarat,,"Legal Manufacturing Site : LifeCare Innovations Unit, Tamil Nadu",Uses low-energy X-rays to examine the human breast for diagnosis and screening.,4100000,Dimensions: 120 x 80 x 150 cm | Weight: ~80-150 kg | Power: 220V AC
559,"Apex Surgical Imports, 12, GIDC, Makarpura, Vadodara, Gujarat",Licence no: IMP/MD/2022/00788 Issued on: 15-JUL-2022,"Mammography Machine, class type: Class C",Uses low-energy X-rays to examine the human breast for diagnosis and screening.,MammoScan-Ultra,MammoScan-3355,SLA - Gujarat,,"Legal Manufacturing Site : Apex Surgical Imports Unit, Gujarat",Uses low-energy X-rays to examine the human breast for diagnosis and screening.,2200000,Dimensions: 120 x 80 x 150 cm | Weight: ~80-150 kg | Power: 220V AC
560,"LifeCare Innovations, Tech Park, OMR, Chennai, Tamil Nadu",Licence no: MFG/MD/2021/00854 Issued on: 11-APR-2021,"Mammography Machine, class type: Class C",Uses low-energy X-rays to examine the human breast for diagnosis and screening.,MammoScan-Pro,MammoScan-5797A,SLA - Telangana,,"Legal Manufacturing Site : LifeCare Innovations Unit, Tamil Nadu",Uses low-energy X-rays to examine the human breast for diagnosis and screening.,4680000,Dimensions: 120 x 80 x 150 cm | Weight: ~80-150 kg | Power: 220V AC
561,"LifeCare Innovations, Tech Park, OMR, Chennai, Tamil Nadu",Licence no: IMP/MD/2023/00350 Issued on: 15-JUN-2023,"Mammography Machine, class type: Class C",Uses low-energy X-rays to examine the human breast for diagnosis and screening.,MammoScan-Ultra,MammoScan-9052A,SLA - Tamil Nadu,,"Legal Manufacturing Site : LifeCare Innovations Unit, Tamil Nadu",Uses low-energy X-rays to examine the human breast for diagnosis and screening.,2490000,Dimensions: 120 x 80 x 150 cm | Weight: ~80-150 kg | Power: 220V AC
562,"Astra Medical Supplies, Ring Road, Surat, Gujarat",Licence no: MFG/MD/2018/00153 Issued on: 23-DEC-2018,"Mammography Machine, class type: Class C",Uses low-energy X-rays to examine the human breast for diagnosis and screening.,MammoScan-Elite,MammoScan-1490B,SLA - Delhi,,"Legal Manufacturing Site : Astra Medical Supplies Unit, Gujarat",Uses low-energy X-rays to examine the human breast for diagnosis and screening.,4250000,Dimensions: 120 x 80 x 150 cm | Weight: ~80-150 kg | Power: 220V AC
563,"Global Health Solutions, Plot 45, Industrial Area, Peenya, Bangalore",Licence no: IMP/MD/2021/00355 Issued on: 08-JAN-2021,"Mammography Machine, class type: Class C",Uses low-energy X-rays to examine the human breast for diagnosis and screening.,MammoScan-Max,MammoScan-6317,SLA - Tamil Nadu,,"Legal Manufacturing Site : Global Health Solutions Unit, Bangalore",Uses low-energy X-rays to examine the human breast for diagnosis and screening.,4030000,Dimensions: 120 x 80 x 150 cm | Weight: ~80-150 kg | Power: 220V AC
564,"Global Health Solutions, Plot 45, Industrial Area, Peenya, Bangalore",Licence no: MFG/MD/2023/00145 Issued on: 14-MAY-2023,"Medical Centrifuge, class type: Class A","Spins samples at high speeds to separate components of varying densities, such as blood or urine.",SpinPro-X,SpinPro-9010X,SLA - Karnataka,,"Legal Manufacturing Site : Global Health Solutions Unit, Bangalore","Spins samples at high speeds to separate components of varying densities, such as blood or urine.",71000,Dimensions: 120 x 80 x 150 cm | Weight: ~80-150 kg | Power: 220V AC
565,"Astra Medical Supplies, Ring Road, Surat, Gujarat",Licence no: MFG/MD/2023/00471 Issued on: 06-SEP-2023,"Medical Centrifuge, class type: Class A","Spins samples at high speeds to separate components of varying densities, such as blood or urine.",SpinPro-Max,SpinPro-6837X,SLA - Delhi,,"Legal Manufacturing Site : Astra Medical Supplies Unit, Gujarat","Spins samples at high speeds to separate components of varying densities, such as blood or urine.",53000,Dimensions: 120 x 80 x 150 cm | Weight: ~80-150 kg | Power: 220V AC
566,"NovaBio Tech, Phase 8, Industrial Area, Mohali, Punjab",Licence no: MFG/MD/2020/00827 Issued on: 22-AUG-2020,"Medical Centrifuge, class type: Class A","Spins samples at high speeds to separate components of varying densities, such as blood or urine.",SpinPro-Plus,SpinPro-1872B,SLA - Delhi,,"Legal Manufacturing Site : NovaBio Tech Unit, Punjab","Spins samples at high speeds to separate components of varying densities, such as blood or urine.",56000,Dimensions: 120 x 80 x 150 cm | Weight: ~80-150 kg | Power: 220V AC
567,"Spark Peripheral Technologies, Shop 1, Moolchand Market, New Delhi",Licence no: MFG/MD/2023/00836 Issued on: 24-AUG-2023,"Medical Centrifuge, class type: Class A","Spins samples at high speeds to separate components of varying densities, such as blood or urine.",SpinPro-Plus,SpinPro-1976B,CLA - CDSCO,,"Legal Manufacturing Site : Spark Peripheral Technologies Unit, New Delhi","Spins samples at high speeds to separate components of varying densities, such as blood or urine.",17000,Dimensions: 120 x 80 x 150 cm | Weight: ~80-150 kg | Power: 220V AC
568,"Global Health Solutions, Plot 45, Industrial Area, Peenya, Bangalore",Licence no: MFG/MD/2022/00525 Issued on: 13-SEP-2022,"Medical Centrifuge, class type: Class A","Spins samples at high speeds to separate components of varying densities, such as blood or urine.",SpinPro-X,SpinPro-2617B,SLA - Maharashtra,,"Legal Manufacturing Site : Global Health Solutions Unit, Bangalore","Spins samples at high speeds to separate components of varying densities, such as blood or urine.",86000,Dimensions: 120 x 80 x 150 cm | Weight: ~80-150 kg | Power: 220V AC
569,"Zenith Medical Devices, Tower B, BKC, Bandra East, Mumbai, Maharashtra",Licence no: MFG/MD/2022/00437 Issued on: 18-FEB-2022,"Medical Centrifuge, class type: Class A","Spins samples at high speeds to separate components of varying densities, such as blood or urine.",SpinPro-Max,SpinPro-9896A,SLA - Maharashtra,,"Legal Manufacturing Site : Zenith Medical Devices Unit, Maharashtra","Spins samples at high speeds to separate components of varying densities, such as blood or urine.",25000,Dimensions: 120 x 80 x 150 cm | Weight: ~80-150 kg | Power: 220V AC
570,"NovaBio Tech, Phase 8, Industrial Area, Mohali, Punjab",Licence no: MFG/MD/2023/00955 Issued on: 08-JUL-2023,"PET Scanner, class type: Class C",Uses radioactive substances known as radiotracers to visualize and measure changes in metabolic processes.,PET-Vision-Pro,PET-Vision-1335,SLA - Maharashtra,,"Legal Manufacturing Site : NovaBio Tech Unit, Punjab",Uses radioactive substances known as radiotracers to visualize and measure changes in metabolic processes.,55520000,Dimensions: 120 x 80 x 150 cm | Weight: ~80-150 kg | Power: 220V AC
571,"LifeCare Innovations, Tech Park, OMR, Chennai, Tamil Nadu",Licence no: IMP/MD/2024/00974 Issued on: 19-JAN-2024,"PET Scanner, class type: Class C",Uses radioactive substances known as radiotracers to visualize and measure changes in metabolic processes.,PET-Vision-Pro,PET-Vision-8397B,SLA - Gujarat,,"Legal Manufacturing Site : LifeCare Innovations Unit, Tamil Nadu",Uses radioactive substances known as radiotracers to visualize and measure changes in metabolic processes.,88240000,Dimensions: 120 x 80 x 150 cm | Weight: ~80-150 kg | Power: 220V AC
572,"LifeCare Innovations, Tech Park, OMR, Chennai, Tamil Nadu",Licence no: IMP/MD/2018/00224 Issued on: 27-JUL-2018,"PET Scanner, class type: Class C",Uses radioactive substances known as radiotracers to visualize and measure changes in metabolic processes.,PET-Vision-Pro,PET-Vision-1753,SLA - Tamil Nadu,,"Legal Manufacturing Site : LifeCare Innovations Unit, Tamil Nadu",Uses radioactive substances known as radiotracers to visualize and measure changes in metabolic processes.,120130000,Dimensions: 120 x 80 x 150 cm | Weight: ~80-150 kg | Power: 220V AC
573,"Apex Surgical Imports, 12, GIDC, Makarpura, Vadodara, Gujarat",Licence no: MFG/MD/2021/00227 Issued on: 28-NOV-2021,"PET Scanner, class type: Class C",Uses radioactive substances known as radiotracers to visualize and measure changes in metabolic processes.,PET-Vision-Plus,PET-Vision-7140A,SLA - Telangana,,"Legal Manufacturing Site : Apex Surgical Imports Unit, Gujarat",Uses radioactive substances known as radiotracers to visualize and measure changes in metabolic processes.,149960000,Dimensions: 120 x 80 x 150 cm | Weight: ~80-150 kg | Power: 220V AC
574,"NovaBio Tech, Phase 8, Industrial Area, Mohali, Punjab",Licence no: MFG/MD/2023/00948 Issued on: 22-MAR-2023,"PET Scanner, class type: Class C",Uses radioactive substances known as radiotracers to visualize and measure changes in metabolic processes.,PET-Vision-Pro,PET-Vision-3617X,SLA - Delhi,,"Legal Manufacturing Site : NovaBio Tech Unit, Punjab",Uses radioactive substances known as radiotracers to visualize and measure changes in metabolic processes.,125970000,Dimensions: 120 x 80 x 150 cm | Weight: ~80-150 kg | Power: 220V AC
575,"LifeCare Innovations, Tech Park, OMR, Chennai, Tamil Nadu",Licence no: MFG/MD/2021/00569 Issued on: 09-JAN-2021,"PET Scanner, class type: Class C",Uses radioactive substances known as radiotracers to visualize and measure changes in metabolic processes.,PET-Vision-Elite,PET-Vision-1364X,SLA - Gujarat,,"Legal Manufacturing Site : LifeCare Innovations Unit, Tamil Nadu",Uses radioactive substances known as radiotracers to visualize and measure changes in metabolic processes.,77860000,Dimensions: 120 x 80 x 150 cm | Weight: ~80-150 kg | Power: 220V AC
576,"LifeCare Innovations, Tech Park, OMR, Chennai, Tamil Nadu",Licence no: MFG/MD/2024/00696 Issued on: 21-NOV-2024,"PET Scanner, class type: Class C",Uses radioactive substances known as radiotracers to visualize and measure changes in metabolic processes.,PET-Vision-Pro,PET-Vision-3889B,SLA - Gujarat,,"Legal Manufacturing Site : LifeCare Innovations Unit, Tamil Nadu",Uses radioactive substances known as radiotracers to visualize and measure changes in metabolic processes.,78540000,Dimensions: 120 x 80 x 150 cm | Weight: ~80-150 kg | Power: 220V AC
577,"Zenith Medical Devices, Tower B, BKC, Bandra East, Mumbai, Maharashtra",Licence no: IMP/MD/2020/00225 Issued on: 01-MAR-2020,"Portable X-Ray Machine, class type: Class C",Mobile radiographic unit used for bedside imaging and emergency diagnostics.,MobiRay-Plus,MobiRay-9685A,SLA - Gujarat,,"Legal Manufacturing Site : Zenith Medical Devices Unit, Maharashtra",Mobile radiographic unit used for bedside imaging and emergency diagnostics.,720000,Dimensions: 120 x 80 x 150 cm | Weight: ~80-150 kg | Power: 220V AC
578,"MediCorp India Pvt Ltd, Cyber City, Phase 2, Gurgaon, Haryana",Licence no: MFG/MD/2023/00920 Issued on: 06-APR-2023,"Portable X-Ray Machine, class type: Class C",Mobile radiographic unit used for bedside imaging and emergency diagnostics.,MobiRay-Plus,MobiRay-5662X,SLA - Gujarat,,"Legal Manufacturing Site : MediCorp India Pvt Ltd Unit, Haryana",Mobile radiographic unit used for bedside imaging and emergency diagnostics.,740000,Dimensions: 120 x 80 x 150 cm | Weight: ~80-150 kg | Power: 220V AC
579,"MediCorp India Pvt Ltd, Cyber City, Phase 2, Gurgaon, Haryana",Licence no: MFG/MD/2024/00760 Issued on: 15-SEP-2024,"Portable X-Ray Machine, class type: Class C",Mobile radiographic unit used for bedside imaging and emergency diagnostics.,MobiRay-Pro,MobiRay-4712B,SLA - Telangana,,"Legal Manufacturing Site : MediCorp India Pvt Ltd Unit, Haryana",Mobile radiographic unit used for bedside imaging and emergency diagnostics.,720000,Dimensions: 120 x 80 x 150 cm | Weight: ~80-150 kg | Power: 220V AC
580,"LifeCare Innovations, Tech Park, OMR, Chennai, Tamil Nadu",Licence no: MFG/MD/2022/00385 Issued on: 18-JUL-2022,"Portable X-Ray Machine, class type: Class C",Mobile radiographic unit used for bedside imaging and emergency diagnostics.,MobiRay-Elite,MobiRay-1264X,CLA - CDSCO,,"Legal Manufacturing Site : LifeCare Innovations Unit, Tamil Nadu",Mobile radiographic unit used for bedside imaging and emergency diagnostics.,410000,Dimensions: 120 x 80 x 150 cm | Weight: ~80-150 kg | Power: 220V AC
581,"LifeCare Innovations, Tech Park, OMR, Chennai, Tamil Nadu",Licence no: IMP/MD/2020/00219 Issued on: 24-OCT-2020,"Portable X-Ray Machine, class type: Class C",Mobile radiographic unit used for bedside imaging and emergency diagnostics.,MobiRay-Max,MobiRay-6274X,SLA - Karnataka,,"Legal Manufacturing Site : LifeCare Innovations Unit, Tamil Nadu",Mobile radiographic unit used for bedside imaging and emergency diagnostics.,490000,Dimensions: 120 x 80 x 150 cm | Weight: ~80-150 kg | Power: 220V AC
582,"MediCorp India Pvt Ltd, Cyber City, Phase 2, Gurgaon, Haryana",Licence no: IMP/MD/2023/00289 Issued on: 04-APR-2023,"Portable X-Ray Machine, class type: Class C",Mobile radiographic unit used for bedside imaging and emergency diagnostics.,MobiRay-Plus,MobiRay-3556B,SLA - Delhi,,"Legal Manufacturing Site : MediCorp India Pvt Ltd Unit, Haryana",Mobile radiographic unit used for bedside imaging and emergency diagnostics.,510000,Dimensions: 120 x 80 x 150 cm | Weight: ~80-150 kg | Power: 220V AC
583,"Quantum Care Co., Jubilee Hills, Hyderabad, Telangana",Licence no: IMP/MD/2020/00834 Issued on: 27-JUL-2020,"Portable X-Ray Machine, class type: Class C",Mobile radiographic unit used for bedside imaging and emergency diagnostics.,MobiRay-Pro,MobiRay-7333,SLA - Delhi,,"Legal Manufacturing Site : Quantum Care Co. Unit, Telangana",Mobile radiographic unit used for bedside imaging and emergency diagnostics.,530000,Dimensions: 120 x 80 x 150 cm | Weight: ~80-150 kg | Power: 220V AC
584,"Pioneer Health Systems, Sector V, Salt Lake, Kolkata, West Bengal",Licence no: IMP/MD/2019/00268 Issued on: 20-DEC-2019,"Portable X-Ray Machine, class type: Class C",Mobile radiographic unit used for bedside imaging and emergency diagnostics.,MobiRay-Advance,MobiRay-6772,SLA - Telangana,,"Legal Manufacturing Site : Pioneer Health Systems Unit, West Bengal",Mobile radiographic unit used for bedside imaging and emergency diagnostics.,560000,Dimensions: 120 x 80 x 150 cm | Weight: ~80-150 kg | Power: 220V AC
585,"Pioneer Health Systems, Sector V, Salt Lake, Kolkata, West Bengal",Licence no: IMP/MD/2019/00831 Issued on: 21-OCT-2019,"Spirometer, class type: Class B",Measures the volume of air an individual can inhale or exhale as a function of time.,SpiroMed-Pro,SpiroMed-8857X,SLA - Maharashtra,,"Legal Manufacturing Site : Pioneer Health Systems Unit, West Bengal",Measures the volume of air an individual can inhale or exhale as a function of time.,18000,Dimensions: 30 x 20 x 15 cm | Weight: ~2-10 kg | Power: 110V/220V AC or Battery
586,"Spark Peripheral Technologies, Shop 1, Moolchand Market, New Delhi",Licence no: MFG/MD/2020/00986 Issued on: 06-FEB-2020,"Spirometer, class type: Class B",Measures the volume of air an individual can inhale or exhale as a function of time.,SpiroMed-Basic,SpiroMed-7877X,SLA - Tamil Nadu,,"Legal Manufacturing Site : Spark Peripheral Technologies Unit, New Delhi",Measures the volume of air an individual can inhale or exhale as a function of time.,26000,Dimensions: 30 x 20 x 15 cm | Weight: ~2-10 kg | Power: 110V/220V AC or Battery
587,"Astra Medical Supplies, Ring Road, Surat, Gujarat",Licence no: MFG/MD/2024/00507 Issued on: 02-SEP-2024,"Spirometer, class type: Class B",Measures the volume of air an individual can inhale or exhale as a function of time.,SpiroMed-Pro,SpiroMed-8604X,SLA - Gujarat,,"Legal Manufacturing Site : Astra Medical Supplies Unit, Gujarat",Measures the volume of air an individual can inhale or exhale as a function of time.,6200,Dimensions: 30 x 20 x 15 cm | Weight: ~2-10 kg | Power: 110V/220V AC or Battery
588,"Zenith Medical Devices, Tower B, BKC, Bandra East, Mumbai, Maharashtra",Licence no: MFG/MD/2024/00999 Issued on: 27-AUG-2024,"Spirometer, class type: Class B",Measures the volume of air an individual can inhale or exhale as a function of time.,SpiroMed-Advance,SpiroMed-8851X,CLA - CDSCO,,"Legal Manufacturing Site : Zenith Medical Devices Unit, Maharashtra",Measures the volume of air an individual can inhale or exhale as a function of time.,9100,Dimensions: 30 x 20 x 15 cm | Weight: ~2-10 kg | Power: 110V/220V AC or Battery
589,"NovaBio Tech, Phase 8, Industrial Area, Mohali, Punjab",Licence no: MFG/MD/2018/00292 Issued on: 21-SEP-2018,"Spirometer, class type: Class B",Measures the volume of air an individual can inhale or exhale as a function of time.,SpiroMed-Advance,SpiroMed-6579X,SLA - Delhi,,"Legal Manufacturing Site : NovaBio Tech Unit, Punjab",Measures the volume of air an individual can inhale or exhale as a function of time.,30000,Dimensions: 30 x 20 x 15 cm | Weight: ~2-10 kg | Power: 110V/220V AC or Battery
590,"Apex Surgical Imports, 12, GIDC, Makarpura, Vadodara, Gujarat",Licence no: IMP/MD/2019/00876 Issued on: 02-JUL-2019,"Surgical Microscope, class type: Class C",Provides high magnification and bright illumination for microsurgical procedures.,MicroSurg-Max,MicroSurg-5177A,SLA - Gujarat,,"Legal Manufacturing Site : Apex Surgical Imports Unit, Gujarat",Provides high magnification and bright illumination for microsurgical procedures.,1530000,Dimensions: 30 x 20 x 15 cm | Weight: ~2-10 kg | Power: 110V/220V AC or Battery
591,"LifeCare Innovations, Tech Park, OMR, Chennai, Tamil Nadu",Licence no: MFG/MD/2018/00888 Issued on: 24-JUL-2018,"Surgical Microscope, class type: Class C",Provides high magnification and bright illumination for microsurgical procedures.,MicroSurg-Elite,MicroSurg-8798B,SLA - Delhi,,"Legal Manufacturing Site : LifeCare Innovations Unit, Tamil Nadu",Provides high magnification and bright illumination for microsurgical procedures.,2030000,Dimensions: 30 x 20 x 15 cm | Weight: ~2-10 kg | Power: 110V/220V AC or Battery
592,"Apex Surgical Imports, 12, GIDC, Makarpura, Vadodara, Gujarat",Licence no: MFG/MD/2023/00451 Issued on: 08-JUL-2023,"Surgical Microscope, class type: Class C",Provides high magnification and bright illumination for microsurgical procedures.,MicroSurg-Plus,MicroSurg-6877B,SLA - Gujarat,,"Legal Manufacturing Site : Apex Surgical Imports Unit, Gujarat",Provides high magnification and bright illumination for microsurgical procedures.,2240000,Dimensions: 30 x 20 x 15 cm | Weight: ~2-10 kg | Power: 110V/220V AC or Battery
593,"LifeCare Innovations, Tech Park, OMR, Chennai, Tamil Nadu",Licence no: MFG/MD/2024/00818 Issued on: 20-SEP-2024,"Syringe Pump, class type: Class B",Delivers precise amounts of fluids or medications at highly controlled rates.,SyringeFlow-Advance,SyringeFlow-8461X,SLA - Delhi,,"Legal Manufacturing Site : LifeCare Innovations Unit, Tamil Nadu",Delivers precise amounts of fluids or medications at highly controlled rates.,50000,Dimensions: 30 x 20 x 15 cm | Weight: ~2-10 kg | Power: 110V/220V AC or Battery
594,"Global Health Solutions, Plot 45, Industrial Area, Peenya, Bangalore",Licence no: IMP/MD/2021/00980 Issued on: 07-JAN-2021,"Syringe Pump, class type: Class B",Delivers precise amounts of fluids or medications at highly controlled rates.,SyringeFlow-Plus,SyringeFlow-5937X,SLA - Karnataka,,"Legal Manufacturing Site : Global Health Solutions Unit, Bangalore",Delivers precise amounts of fluids or medications at highly controlled rates.,26000,Dimensions: 30 x 20 x 15 cm | Weight: ~2-10 kg | Power: 110V/220V AC or Battery
595,"Quantum Care Co., Jubilee Hills, Hyderabad, Telangana",Licence no: MFG/MD/2019/00261 Issued on: 08-DEC-2019,"Syringe Pump, class type: Class B",Delivers precise amounts of fluids or medications at highly controlled rates.,SyringeFlow-X,SyringeFlow-2230,SLA - Karnataka,,"Legal Manufacturing Site : Quantum Care Co. Unit, Telangana",Delivers precise amounts of fluids or medications at highly controlled rates.,49000,Dimensions: 30 x 20 x 15 cm | Weight: ~2-10 kg | Power: 110V/220V AC or Battery
596,"Apex Surgical Imports, 12, GIDC, Makarpura, Vadodara, Gujarat",Licence no: MFG/MD/2024/00275 Issued on: 03-SEP-2024,"Syringe Pump, class type: Class B",Delivers precise amounts of fluids or medications at highly controlled rates.,SyringeFlow-Elite,SyringeFlow-4126X,SLA - Karnataka,,"Legal Manufacturing Site : Apex Surgical Imports Unit, Gujarat",Delivers precise amounts of fluids or medications at highly controlled rates.,37000,Dimensions: 30 x 20 x 15 cm | Weight: ~2-10 kg | Power: 110V/220V AC or Battery
597,"Quantum Care Co., Jubilee Hills, Hyderabad, Telangana",Licence no: MFG/MD/2019/00177 Issued on: 01-MAR-2019,"Syringe Pump, class type: Class B",Delivers precise amounts of fluids or medications at highly controlled rates.,SyringeFlow-Ultra,SyringeFlow-9441X,CLA - CDSCO,,"Legal Manufacturing Site : Quantum Care Co. Unit, Telangana",Delivers precise amounts of fluids or medications at highly controlled rates.,25000,Dimensions: 30 x 20 x 15 cm | Weight: ~2-10 kg | Power: 110V/220V AC or Battery
598,"NovaBio Tech, Phase 8, Industrial Area, Mohali, Punjab",Licence no: IMP/MD/2020/00525 Issued on: 15-JAN-2020,"Syringe Pump, class type: Class B",Delivers precise amounts of fluids or medications at highly controlled rates.,SyringeFlow-Elite,SyringeFlow-8142A,SLA - Karnataka,,"Legal Manufacturing Site : NovaBio Tech Unit, Punjab",Delivers precise amounts of fluids or medications at highly controlled rates.,28000,Dimensions: 30 x 20 x 15 cm | Weight: ~2-10 kg | Power: 110V/220V AC or Battery
599,"Zenith Medical Devices, Tower B, BKC, Bandra East, Mumbai, Maharashtra",Licence no: MFG/MD/2019/00511 Issued on: 04-MAY-2019,"Syringe Pump, class type: Class B",Delivers precise amounts of fluids or medications at highly controlled rates.,SyringeFlow-Plus,SyringeFlow-4213X,SLA - Tamil Nadu,,"Legal Manufacturing Site : Zenith Medical Devices Unit, Maharashtra",Delivers precise amounts of fluids or medications at highly controlled rates.,49000,Dimensions: 30 x 20 x 15 cm | Weight: ~2-10 kg | Power: 110V/220V AC or Battery
600,"NovaBio Tech, Phase 8, Industrial Area, Mohali, Punjab",Licence no: IMP/MD/2024/00735 Issued on: 12-MAR-2024,"Syringe Pump, class type: Class B",Delivers precise amounts of fluids or medications at highly controlled rates.,SyringeFlow-Pro,SyringeFlow-6408B,SLA - Tamil Nadu,,"Legal Manufacturing Site : NovaBio Tech Unit, Punjab",Delivers precise amounts of fluids or medications at highly controlled rates.,22000,Dimensions: 30 x 20 x 15 cm | Weight: ~2-10 kg | Power: 110V/220V AC or Battery
601,"Zenith Medical Devices, Tower B, BKC, Bandra East, Mumbai, Maharashtra",Licence no: MFG/MD/2023/00791 Issued on: 26-NOV-2023,"Anesthesia Machine, class type: Class C",Used to generate and mix a fresh gas flow of medical gases and inhalational anaesthetic agents for the purpose of inducing and maintaining anaesthesia.,Anesth-X,Anesth-8680A,SLA - Maharashtra,,"Legal Manufacturing Site : Zenith Medical Devices Unit, Maharashtra",Used to generate and mix a fresh gas flow of medical gases and inhalational anaesthetic agents for the purpose of inducing and maintaining anaesthesia.,1490000,Dimensions: 120 x 80 x 150 cm | Weight: ~80-150 kg | Power: 220V AC
602,"MediCorp India Pvt Ltd, Cyber City, Phase 2, Gurgaon, Haryana",Licence no: IMP/MD/2021/00476 Issued on: 20-FEB-2021,"Anesthesia Machine, class type: Class C",Used to generate and mix a fresh gas flow of medical gases and inhalational anaesthetic agents for the purpose of inducing and maintaining anaesthesia.,Anesth-Advance,Anesth-2910X,SLA - Tamil Nadu,,"Legal Manufacturing Site : MediCorp India Pvt Ltd Unit, Haryana",Used to generate and mix a fresh gas flow of medical gases and inhalational anaesthetic agents for the purpose of inducing and maintaining anaesthesia.,1440000,Dimensions: 120 x 80 x 150 cm | Weight: ~80-150 kg | Power: 220V AC
603,"LifeCare Innovations, Tech Park, OMR, Chennai, Tamil Nadu",Licence no: MFG/MD/2020/00738 Issued on: 04-MAR-2020,"Anesthesia Machine, class type: Class C",Used to generate and mix a fresh gas flow of medical gases and inhalational anaesthetic agents for the purpose of inducing and maintaining anaesthesia.,Anesth-Basic,Anesth-4239B,SLA - Tamil Nadu,,"Legal Manufacturing Site : LifeCare Innovations Unit, Tamil Nadu",Used to generate and mix a fresh gas flow of medical gases and inhalational anaesthetic agents for the purpose of inducing and maintaining anaesthesia.,550000,Dimensions: 120 x 80 x 150 cm | Weight: ~80-150 kg | Power: 220V AC
604,"Pioneer Health Systems, Sector V, Salt Lake, Kolkata, West Bengal",Licence no: MFG/MD/2019/00221 Issued on: 16-OCT-2019,"Anesthesia Machine, class type: Class C",Used to generate and mix a fresh gas flow of medical gases and inhalational anaesthetic agents for the purpose of inducing and maintaining anaesthesia.,Anesth-Max,Anesth-3116B,SLA - Karnataka,,"Legal Manufacturing Site : Pioneer Health Systems Unit, West Bengal",Used to generate and mix a fresh gas flow of medical gases and inhalational anaesthetic agents for the purpose of inducing and maintaining anaesthesia.,1180000,Dimensions: 120 x 80 x 150 cm | Weight: ~80-150 kg | Power: 220V AC
605,"Apex Surgical Imports, 12, GIDC, Makarpura, Vadodara, Gujarat",Licence no: IMP/MD/2023/00134 Issued on: 28-JUN-2023,"Anesthesia Machine, class type: Class C",Used to generate and mix a fresh gas flow of medical gases and inhalational anaesthetic agents for the purpose of inducing and maintaining anaesthesia.,Anesth-Plus,Anesth-9134A,SLA - Karnataka,,"Legal Manufacturing Site : Apex Surgical Imports Unit, Gujarat",Used to generate and mix a fresh gas flow of medical gases and inhalational anaesthetic agents for the purpose of inducing and maintaining anaesthesia.,1390000,Dimensions: 120 x 80 x 150 cm | Weight: ~80-150 kg | Power: 220V AC
606,"MediCorp India Pvt Ltd, Cyber City, Phase 2, Gurgaon, Haryana",Licence no: MFG/MD/2024/00720 Issued on: 18-FEB-2024,"Anesthesia Machine, class type: Class C",Used to generate and mix a fresh gas flow of medical gases and inhalational anaesthetic agents for the purpose of inducing and maintaining anaesthesia.,Anesth-Plus,Anesth-8858,SLA - Telangana,,"Legal Manufacturing Site : MediCorp India Pvt Ltd Unit, Haryana",Used to generate and mix a fresh gas flow of medical gases and inhalational anaesthetic agents for the purpose of inducing and maintaining anaesthesia.,1410000,Dimensions: 120 x 80 x 150 cm | Weight: ~80-150 kg | Power: 220V AC
607,"Zenith Medical Devices, Tower B, BKC, Bandra East, Mumbai, Maharashtra",Licence no: IMP/MD/2024/00192 Issued on: 12-MAR-2024,"Anesthesia Machine, class type: Class C",Used to generate and mix a fresh gas flow of medical gases and inhalational anaesthetic agents for the purpose of inducing and maintaining anaesthesia.,Anesth-Plus,Anesth-1889,SLA - Maharashtra,,"Legal Manufacturing Site : Zenith Medical Devices Unit, Maharashtra",Used to generate and mix a fresh gas flow of medical gases and inhalational anaesthetic agents for the purpose of inducing and maintaining anaesthesia.,850000,Dimensions: 120 x 80 x 150 cm | Weight: ~80-150 kg | Power: 220V AC
608,"Spark Peripheral Technologies, Shop 1, Moolchand Market, New Delhi",Licence no: MFG/MD/2020/00300 Issued on: 06-MAR-2020,"CPAP Machine, class type: Class B",Applies mild air pressure on a continuous basis to keep the airways continuously open in people who are not able to breathe spontaneously on their own.,Breathe-Pro,Breathe-6727B,SLA - Karnataka,,"Legal Manufacturing Site : Spark Peripheral Technologies Unit, New Delhi",Applies mild air pressure on a continuous basis to keep the airways continuously open in people who are not able to breathe spontaneously on their own.,68000,Dimensions: 120 x 80 x 150 cm | Weight: ~80-150 kg | Power: 220V AC
609,"Quantum Care Co., Jubilee Hills, Hyderabad, Telangana",Licence no: MFG/MD/2018/00638 Issued on: 11-OCT-2018,"CPAP Machine, class type: Class B",Applies mild air pressure on a continuous basis to keep the airways continuously open in people who are not able to breathe spontaneously on their own.,Breathe-Basic,Breathe-3038A,CLA - CDSCO,,"Legal Manufacturing Site : Quantum Care Co. Unit, Telangana",Applies mild air pressure on a continuous basis to keep the airways continuously open in people who are not able to breathe spontaneously on their own.,53000,Dimensions: 120 x 80 x 150 cm | Weight: ~80-150 kg | Power: 220V AC
610,"Apex Surgical Imports, 12, GIDC, Makarpura, Vadodara, Gujarat",Licence no: IMP/MD/2023/00502 Issued on: 21-APR-2023,"CPAP Machine, class type: Class B",Applies mild air pressure on a continuous basis to keep the airways continuously open in people who are not able to breathe spontaneously on their own.,Breathe-Pro,Breathe-4090X,SLA - Karnataka,,"Legal Manufacturing Site : Apex Surgical Imports Unit, Gujarat",Applies mild air pressure on a continuous basis to keep the airways continuously open in people who are not able to breathe spontaneously on their own.,34000,Dimensions: 120 x 80 x 150 cm | Weight: ~80-150 kg | Power: 220V AC
611,"LifeCare Innovations, Tech Park, OMR, Chennai, Tamil Nadu",Licence no: IMP/MD/2020/00205 Issued on: 11-JUL-2020,"CPAP Machine, class type: Class B",Applies mild air pressure on a continuous basis to keep the airways continuously open in people who are not able to breathe spontaneously on their own.,Breathe-Ultra,Breathe-6691X,SLA - Tamil Nadu,,"Legal Manufacturing Site : LifeCare Innovations Unit, Tamil Nadu",Applies mild air pressure on a continuous basis to keep the airways continuously open in people who are not able to breathe spontaneously on their own.,42000,Dimensions: 120 x 80 x 150 cm | Weight: ~80-150 kg | Power: 220V AC
612,"Astra Medical Supplies, Ring Road, Surat, Gujarat",Licence no: IMP/MD/2018/00556 Issued on: 28-MAR-2018,"CPAP Machine, class type: Class B",Applies mild air pressure on a continuous basis to keep the airways continuously open in people who are not able to breathe spontaneously on their own.,Breathe-X,Breathe-3363B,SLA - Tamil Nadu,,"Legal Manufacturing Site : Astra Medical Supplies Unit, Gujarat",Applies mild air pressure on a continuous basis to keep the airways continuously open in people who are not able to breathe spontaneously on their own.,27000,Dimensions: 120 x 80 x 150 cm | Weight: ~80-150 kg | Power: 220V AC
613,"MediCorp India Pvt Ltd, Cyber City, Phase 2, Gurgaon, Haryana",Licence no: IMP/MD/2024/00429 Issued on: 21-JUL-2024,"CPAP Machine, class type: Class B",Applies mild air pressure on a continuous basis to keep the airways continuously open in people who are not able to breathe spontaneously on their own.,Breathe-Pro,Breathe-1127A,SLA - Maharashtra,,"Legal Manufacturing Site : MediCorp India Pvt Ltd Unit, Haryana",Applies mild air pressure on a continuous basis to keep the airways continuously open in people who are not able to breathe spontaneously on their own.,27000,Dimensions: 120 x 80 x 150 cm | Weight: ~80-150 kg | Power: 220V AC
614,"NovaBio Tech, Phase 8, Industrial Area, Mohali, Punjab",Licence no: MFG/MD/2022/00694 Issued on: 15-JUN-2022,"CPAP Machine, class type: Class B",Applies mild air pressure on a continuous basis to keep the airways continuously open in people who are not able to breathe spontaneously on their own.,Breathe-Elite,Breathe-3280B,SLA - Tamil Nadu,,"Legal Manufacturing Site : NovaBio Tech Unit, Punjab",Applies mild air pressure on a continuous basis to keep the airways continuously open in people who are not able to breathe spontaneously on their own.,53000,Dimensions: 120 x 80 x 150 cm | Weight: ~80-150 kg | Power: 220V AC
615,"MediCorp India Pvt Ltd, Cyber City, Phase 2, Gurgaon, Haryana",Licence no: MFG/MD/2022/00452 Issued on: 15-NOV-2022,"CPAP Machine, class type: Class B",Applies mild air pressure on a continuous basis to keep the airways continuously open in people who are not able to breathe spontaneously on their own.,Breathe-X,Breathe-6494A,SLA - Delhi,,"Legal Manufacturing Site : MediCorp India Pvt Ltd Unit, Haryana",Applies mild air pressure on a continuous basis to keep the airways continuously open in people who are not able to breathe spontaneously on their own.,77000,Dimensions: 120 x 80 x 150 cm | Weight: ~80-150 kg | Power: 220V AC
616,"Global Health Solutions, Plot 45, Industrial Area, Peenya, Bangalore",Licence no: MFG/MD/2022/00665 Issued on: 20-OCT-2022,"CT Scanner, class type: Class C","Combines a series of X-ray images taken from different angles to create cross-sectional images of bones, blood vessels and soft tissues.",CT-Scan-Max,CT-Scan-2624X,SLA - Maharashtra,,"Legal Manufacturing Site : Global Health Solutions Unit, Bangalore","Combines a series of X-ray images taken from different angles to create cross-sectional images of bones, blood vessels and soft tissues.",37530000,Dimensions: 120 x 80 x 150 cm | Weight: ~80-150 kg | Power: 220V AC
617,"Pioneer Health Systems, Sector V, Salt Lake, Kolkata, West Bengal",Licence no: MFG/MD/2020/00390 Issued on: 09-AUG-2020,"CT Scanner, class type: Class C","Combines a series of X-ray images taken from different angles to create cross-sectional images of bones, blood vessels and soft tissues.",CT-Scan-Basic,CT-Scan-5077A,SLA - Karnataka,,"Legal Manufacturing Site : Pioneer Health Systems Unit, West Bengal","Combines a series of X-ray images taken from different angles to create cross-sectional images of bones, blood vessels and soft tissues.",22220000,Dimensions: 120 x 80 x 150 cm | Weight: ~80-150 kg | Power: 220V AC
618,"Astra Medical Supplies, Ring Road, Surat, Gujarat",Licence no: MFG/MD/2021/00948 Issued on: 24-NOV-2021,"CT Scanner, class type: Class C","Combines a series of X-ray images taken from different angles to create cross-sectional images of bones, blood vessels and soft tissues.",CT-Scan-Max,CT-Scan-5427,SLA - Karnataka,,"Legal Manufacturing Site : Astra Medical Supplies Unit, Gujarat","Combines a series of X-ray images taken from different angles to create cross-sectional images of bones, blood vessels and soft tissues.",26910000,Dimensions: 120 x 80 x 150 cm | Weight: ~80-150 kg | Power: 220V AC
619,"Spark Peripheral Technologies, Shop 1, Moolchand Market, New Delhi",Licence no: IMP/MD/2020/00854 Issued on: 25-JUL-2020,"CT Scanner, class type: Class C","Combines a series of X-ray images taken from different angles to create cross-sectional images of bones, blood vessels and soft tissues.",CT-Scan-Max,CT-Scan-8254A,SLA - Telangana,,"Legal Manufacturing Site : Spark Peripheral Technologies Unit, New Delhi","Combines a series of X-ray images taken from different angles to create cross-sectional images of bones, blood vessels and soft tissues.",27310000,Dimensions: 120 x 80 x 150 cm | Weight: ~80-150 kg | Power: 220V AC
620,"Pioneer Health Systems, Sector V, Salt Lake, Kolkata, West Bengal",Licence no: IMP/MD/2022/00563 Issued on: 10-MAR-2022,"CT Scanner, class type: Class C","Combines a series of X-ray images taken from different angles to create cross-sectional images of bones, blood vessels and soft tissues.",CT-Scan-Advance,CT-Scan-3550A,SLA - Delhi,,"Legal Manufacturing Site : Pioneer Health Systems Unit, West Bengal","Combines a series of X-ray images taken from different angles to create cross-sectional images of bones, blood vessels and soft tissues.",28070000,Dimensions: 120 x 80 x 150 cm | Weight: ~80-150 kg | Power: 220V AC
621,"Global Health Solutions, Plot 45, Industrial Area, Peenya, Bangalore",Licence no: IMP/MD/2022/00686 Issued on: 28-JAN-2022,"CT Scanner, class type: Class C","Combines a series of X-ray images taken from different angles to create cross-sectional images of bones, blood vessels and soft tissues.",CT-Scan-Basic,CT-Scan-4133B,SLA - Tamil Nadu,,"Legal Manufacturing Site : Global Health Solutions Unit, Bangalore","Combines a series of X-ray images taken from different angles to create cross-sectional images of bones, blood vessels and soft tissues.",25600000,Dimensions: 120 x 80 x 150 cm | Weight: ~80-150 kg | Power: 220V AC
622,"Pioneer Health Systems, Sector V, Salt Lake, Kolkata, West Bengal",Licence no: MFG/MD/2020/00518 Issued on: 18-DEC-2020,"CT Scanner, class type: Class C","Combines a series of X-ray images taken from different angles to create cross-sectional images of bones, blood vessels and soft tissues.",CT-Scan-Plus,CT-Scan-1203,SLA - Gujarat,,"Legal Manufacturing Site : Pioneer Health Systems Unit, West Bengal","Combines a series of X-ray images taken from different angles to create cross-sectional images of bones, blood vessels and soft tissues.",30190000,Dimensions: 120 x 80 x 150 cm | Weight: ~80-150 kg | Power: 220V AC
623,"NovaBio Tech, Phase 8, Industrial Area, Mohali, Punjab",Licence no: MFG/MD/2023/00844 Issued on: 01-JAN-2023,"Dental X-Ray Machine, class type: Class C",Used to diagnose diseases of the teeth and bones.,DentRay-Pro,DentRay-8360B,CLA - CDSCO,,"Legal Manufacturing Site : NovaBio Tech Unit, Punjab",Used to diagnose diseases of the teeth and bones.,160000,Dimensions: 120 x 80 x 150 cm | Weight: ~80-150 kg | Power: 220V AC
624,"NovaBio Tech, Phase 8, Industrial Area, Mohali, Punjab",Licence no: MFG/MD/2021/00305 Issued on: 21-DEC-2021,"Dental X-Ray Machine, class type: Class C",Used to diagnose diseases of the teeth and bones.,DentRay-Pro,DentRay-7917B,SLA - Karnataka,,"Legal Manufacturing Site : NovaBio Tech Unit, Punjab",Used to diagnose diseases of the teeth and bones.,230000,Dimensions: 120 x 80 x 150 cm | Weight: ~80-150 kg | Power: 220V AC
625,"Astra Medical Supplies, Ring Road, Surat, Gujarat",Licence no: MFG/MD/2018/00931 Issued on: 09-MAR-2018,"Dental X-Ray Machine, class type: Class C",Used to diagnose diseases of the teeth and bones.,DentRay-Ultra,DentRay-7584A,SLA - Maharashtra,,"Legal Manufacturing Site : Astra Medical Supplies Unit, Gujarat",Used to diagnose diseases of the teeth and bones.,120000,Dimensions: 120 x 80 x 150 cm | Weight: ~80-150 kg | Power: 220V AC
626,"NovaBio Tech, Phase 8, Industrial Area, Mohali, Punjab",Licence no: IMP/MD/2018/00205 Issued on: 01-JUL-2018,"Dental X-Ray Machine, class type: Class C",Used to diagnose diseases of the teeth and bones.,DentRay-Basic,DentRay-4272,SLA - Tamil Nadu,,"Legal Manufacturing Site : NovaBio Tech Unit, Punjab",Used to diagnose diseases of the teeth and bones.,190000,Dimensions: 120 x 80 x 150 cm | Weight: ~80-150 kg | Power: 220V AC
627,"NovaBio Tech, Phase 8, Industrial Area, Mohali, Punjab",Licence no: MFG/MD/2021/00458 Issued on: 17-OCT-2021,"Dental X-Ray Machine, class type: Class C",Used to diagnose diseases of the teeth and bones.,DentRay-Basic,DentRay-1239,SLA - Gujarat,,"Legal Manufacturing Site : NovaBio Tech Unit, Punjab",Used to diagnose diseases of the teeth and bones.,200000,Dimensions: 120 x 80 x 150 cm | Weight: ~80-150 kg | Power: 220V AC
628,"MediCorp India Pvt Ltd, Cyber City, Phase 2, Gurgaon, Haryana",Licence no: MFG/MD/2021/00466 Issued on: 20-JUN-2021,"Dental X-Ray Machine, class type: Class C",Used to diagnose diseases of the teeth and bones.,DentRay-X,DentRay-4988,SLA - Karnataka,,"Legal Manufacturing Site : MediCorp India Pvt Ltd Unit, Haryana",Used to diagnose diseases of the teeth and bones.,140000,Dimensions: 120 x 80 x 150 cm | Weight: ~80-150 kg | Power: 220V AC
629,"Zenith Medical Devices, Tower B, BKC, Bandra East, Mumbai, Maharashtra",Licence no: IMP/MD/2023/00347 Issued on: 15-JAN-2023,"Dialyzer, class type: Class C",Acts as an artificial kidney to filter out wastes and fluid from blood.,FilterPro-Ultra,FilterPro-1152A,SLA - Maharashtra,,"Legal Manufacturing Site : Zenith Medical Devices Unit, Maharashtra",Acts as an artificial kidney to filter out wastes and fluid from blood.,2100,Dimensions: Standard | Weight: Varies | Refer to manual for specs
630,"Global Health Solutions, Plot 45, Industrial Area, Peenya, Bangalore",Licence no: IMP/MD/2021/00658 Issued on: 25-MAR-2021,"Dialyzer, class type: Class C",Acts as an artificial kidney to filter out wastes and fluid from blood.,FilterPro-Plus,FilterPro-2710B,SLA - Gujarat,,"Legal Manufacturing Site : Global Health Solutions Unit, Bangalore",Acts as an artificial kidney to filter out wastes and fluid from blood.,2100,Dimensions: Standard | Weight: Varies | Refer to manual for specs
631,"Apex Surgical Imports, 12, GIDC, Makarpura, Vadodara, Gujarat",Licence no: IMP/MD/2020/00550 Issued on: 24-JUN-2020,"Dialyzer, class type: Class C",Acts as an artificial kidney to filter out wastes and fluid from blood.,FilterPro-Elite,FilterPro-9057,SLA - Telangana,,"Legal Manufacturing Site : Apex Surgical Imports Unit, Gujarat",Acts as an artificial kidney to filter out wastes and fluid from blood.,2600,Dimensions: Standard | Weight: Varies | Refer to manual for specs
632,"LifeCare Innovations, Tech Park, OMR, Chennai, Tamil Nadu",Licence no: IMP/MD/2023/00606 Issued on: 10-JAN-2023,"Dialyzer, class type: Class C",Acts as an artificial kidney to filter out wastes and fluid from blood.,FilterPro-Pro,FilterPro-5731B,SLA - Delhi,,"Legal Manufacturing Site : LifeCare Innovations Unit, Tamil Nadu",Acts as an artificial kidney to filter out wastes and fluid from blood.,1000,Dimensions: Standard | Weight: Varies | Refer to manual for specs
633,"Astra Medical Supplies, Ring Road, Surat, Gujarat",Licence no: MFG/MD/2023/00579 Issued on: 12-JAN-2023,"Dialyzer, class type: Class C",Acts as an artificial kidney to filter out wastes and fluid from blood.,FilterPro-Pro,FilterPro-5051B,SLA - Telangana,,"Legal Manufacturing Site : Astra Medical Supplies Unit, Gujarat",Acts as an artificial kidney to filter out wastes and fluid from blood.,2500,Dimensions: Standard | Weight: Varies | Refer to manual for specs
634,"NovaBio Tech, Phase 8, Industrial Area, Mohali, Punjab",Licence no: MFG/MD/2021/00930 Issued on: 25-JAN-2021,"Dialyzer, class type: Class C",Acts as an artificial kidney to filter out wastes and fluid from blood.,FilterPro-Advance,FilterPro-1529X,SLA - Gujarat,,"Legal Manufacturing Site : NovaBio Tech Unit, Punjab",Acts as an artificial kidney to filter out wastes and fluid from blood.,1000,Dimensions: Standard | Weight: Varies | Refer to manual for specs
635,"LifeCare Innovations, Tech Park, OMR, Chennai, Tamil Nadu",Licence no: MFG/MD/2019/00452 Issued on: 04-JUL-2019,"Dialyzer, class type: Class C",Acts as an artificial kidney to filter out wastes and fluid from blood.,FilterPro-Ultra,FilterPro-7952X,SLA - Telangana,,"Legal Manufacturing Site : LifeCare Innovations Unit, Tamil Nadu",Acts as an artificial kidney to filter out wastes and fluid from blood.,2900,Dimensions: Standard | Weight: Varies | Refer to manual for specs
636,"Astra Medical Supplies, Ring Road, Surat, Gujarat",Licence no: MFG/MD/2022/00817 Issued on: 14-DEC-2022,"Electrosurgical Unit, class type: Class C",Uses high-frequency electrical current to cut tissue and coagulate bleeding during surgery.,SurgiElec-X,SurgiElec-5345,SLA - Gujarat,,"Legal Manufacturing Site : Astra Medical Supplies Unit, Gujarat",Uses high-frequency electrical current to cut tissue and coagulate bleeding during surgery.,370000,Dimensions: 120 x 80 x 150 cm | Weight: ~80-150 kg | Power: 220V AC
637,"NovaBio Tech, Phase 8, Industrial Area, Mohali, Punjab",Licence no: IMP/MD/2020/00730 Issued on: 03-JUL-2020,"Electrosurgical Unit, class type: Class C",Uses high-frequency electrical current to cut tissue and coagulate bleeding during surgery.,SurgiElec-Pro,SurgiElec-6062A,CLA - CDSCO,,"Legal Manufacturing Site : NovaBio Tech Unit, Punjab",Uses high-frequency electrical current to cut tissue and coagulate bleeding during surgery.,190000,Dimensions: 120 x 80 x 150 cm | Weight: ~80-150 kg | Power: 220V AC
638,"Quantum Care Co., Jubilee Hills, Hyderabad, Telangana",Licence no: MFG/MD/2020/00946 Issued on: 19-DEC-2020,"Electrosurgical Unit, class type: Class C",Uses high-frequency electrical current to cut tissue and coagulate bleeding during surgery.,SurgiElec-Basic,SurgiElec-6338X,SLA - Tamil Nadu,,"Legal Manufacturing Site : Quantum Care Co. Unit, Telangana",Uses high-frequency electrical current to cut tissue and coagulate bleeding during surgery.,360000,Dimensions: 120 x 80 x 150 cm | Weight: ~80-150 kg | Power: 220V AC
639,"Pioneer Health Systems, Sector V, Salt Lake, Kolkata, West Bengal",Licence no: IMP/MD/2019/00955 Issued on: 15-SEP-2019,"Electrosurgical Unit, class type: Class C",Uses high-frequency electrical current to cut tissue and coagulate bleeding during surgery.,SurgiElec-Elite,SurgiElec-3994B,SLA - Gujarat,,"Legal Manufacturing Site : Pioneer Health Systems Unit, West Bengal",Uses high-frequency electrical current to cut tissue and coagulate bleeding during surgery.,210000,Dimensions: 120 x 80 x 150 cm | Weight: ~80-150 kg | Power: 220V AC
640,"Pioneer Health Systems, Sector V, Salt Lake, Kolkata, West Bengal",Licence no: MFG/MD/2023/00923 Issued on: 01-OCT-2023,"Electrosurgical Unit, class type: Class C",Uses high-frequency electrical current to cut tissue and coagulate bleeding during surgery.,SurgiElec-Advance,SurgiElec-2255,SLA - Tamil Nadu,,"Legal Manufacturing Site : Pioneer Health Systems Unit, West Bengal",Uses high-frequency electrical current to cut tissue and coagulate bleeding during surgery.,200000,Dimensions: 120 x 80 x 150 cm | Weight: ~80-150 kg | Power: 220V AC
641,"MediCorp India Pvt Ltd, Cyber City, Phase 2, Gurgaon, Haryana",Licence no: IMP/MD/2018/00590 Issued on: 16-DEC-2018,"Electrosurgical Unit, class type: Class C",Uses high-frequency electrical current to cut tissue and coagulate bleeding during surgery.,SurgiElec-X,SurgiElec-1782X,SLA - Maharashtra,,"Legal Manufacturing Site : MediCorp India Pvt Ltd Unit, Haryana",Uses high-frequency electrical current to cut tissue and coagulate bleeding during surgery.,320000,Dimensions: 120 x 80 x 150 cm | Weight: ~80-150 kg | Power: 220V AC
642,"Spark Peripheral Technologies, Shop 1, Moolchand Market, New Delhi",Licence no: MFG/MD/2022/00868 Issued on: 15-NOV-2022,"Endoscope, class type: Class B","An illuminated optical, typically slender and tubular instrument used to look deep into the body.",Scope-Max,Scope-9734A,SLA - Delhi,,"Legal Manufacturing Site : Spark Peripheral Technologies Unit, New Delhi","An illuminated optical, typically slender and tubular instrument used to look deep into the body.",890000,Dimensions: Standard | Weight: Varies | Refer to manual for specs
643,"MediCorp India Pvt Ltd, Cyber City, Phase 2, Gurgaon, Haryana",Licence no: MFG/MD/2020/00348 Issued on: 20-JUN-2020,"Endoscope, class type: Class B","An illuminated optical, typically slender and tubular instrument used to look deep into the body.",Scope-Elite,Scope-9957A,SLA - Delhi,,"Legal Manufacturing Site : MediCorp India Pvt Ltd Unit, Haryana","An illuminated optical, typically slender and tubular instrument used to look deep into the body.",400000,Dimensions: Standard | Weight: Varies | Refer to manual for specs
644,"Apex Surgical Imports, 12, GIDC, Makarpura, Vadodara, Gujarat",Licence no: MFG/MD/2022/00598 Issued on: 24-MAR-2022,"Endoscope, class type: Class B","An illuminated optical, typically slender and tubular instrument used to look deep into the body.",Scope-Plus,Scope-1918B,SLA - Delhi,,"Legal Manufacturing Site : Apex Surgical Imports Unit, Gujarat","An illuminated optical, typically slender and tubular instrument used to look deep into the body.",610000,Dimensions: Standard | Weight: Varies | Refer to manual for specs
645,"Zenith Medical Devices, Tower B, BKC, Bandra East, Mumbai, Maharashtra",Licence no: IMP/MD/2019/00107 Issued on: 07-NOV-2019,"Endoscope, class type: Class B","An illuminated optical, typically slender and tubular instrument used to look deep into the body.",Scope-Pro,Scope-4295,SLA - Karnataka,,"Legal Manufacturing Site : Zenith Medical Devices Unit, Maharashtra","An illuminated optical, typically slender and tubular instrument used to look deep into the body.",1450000,Dimensions: Standard | Weight: Varies | Refer to manual for specs
646,"Zenith Medical Devices, Tower B, BKC, Bandra East, Mumbai, Maharashtra",Licence no: MFG/MD/2021/00951 Issued on: 14-JUN-2021,"Endoscope, class type: Class B","An illuminated optical, typically slender and tubular instrument used to look deep into the body.",Scope-Plus,Scope-2572B,SLA - Maharashtra,,"Legal Manufacturing Site : Zenith Medical Devices Unit, Maharashtra","An illuminated optical, typically slender and tubular instrument used to look deep into the body.",1090000,Dimensions: Standard | Weight: Varies | Refer to manual for specs
647,"Astra Medical Supplies, Ring Road, Surat, Gujarat",Licence no: IMP/MD/2023/00154 Issued on: 10-MAR-2023,"Fetal Doppler, class type: Class B",A handheld ultrasound transducer used to detect the fetal heartbeat for prenatal care.,Fetal-Elite,Fetal-3983B,SLA - Tamil Nadu,,"Legal Manufacturing Site : Astra Medical Supplies Unit, Gujarat",A handheld ultrasound transducer used to detect the fetal heartbeat for prenatal care.,2200,Dimensions: 30 x 20 x 15 cm | Weight: ~2-10 kg | Power: 110V/220V AC or Battery
648,"Zenith Medical Devices, Tower B, BKC, Bandra East, Mumbai, Maharashtra",Licence no: IMP/MD/2020/00554 Issued on: 28-JUN-2020,"Fetal Doppler, class type: Class B",A handheld ultrasound transducer used to detect the fetal heartbeat for prenatal care.,Fetal-Plus,Fetal-9687,SLA - Telangana,,"Legal Manufacturing Site : Zenith Medical Devices Unit, Maharashtra",A handheld ultrasound transducer used to detect the fetal heartbeat for prenatal care.,6800,Dimensions: 30 x 20 x 15 cm | Weight: ~2-10 kg | Power: 110V/220V AC or Battery
649,"Spark Peripheral Technologies, Shop 1, Moolchand Market, New Delhi",Licence no: MFG/MD/2020/00132 Issued on: 09-DEC-2020,"Fetal Doppler, class type: Class B",A handheld ultrasound transducer used to detect the fetal heartbeat for prenatal care.,Fetal-X,Fetal-4975,CLA - CDSCO,,"Legal Manufacturing Site : Spark Peripheral Technologies Unit, New Delhi",A handheld ultrasound transducer used to detect the fetal heartbeat for prenatal care.,8300,Dimensions: 30 x 20 x 15 cm | Weight: ~2-10 kg | Power: 110V/220V AC or Battery
650,"Zenith Medical Devices, Tower B, BKC, Bandra East, Mumbai, Maharashtra",Licence no: IMP/MD/2023/00877 Issued on: 15-JUL-2023,"Fetal Doppler, class type: Class B",A handheld ultrasound transducer used to detect the fetal heartbeat for prenatal care.,Fetal-Plus,Fetal-3509A,SLA - Karnataka,,"Legal Manufacturing Site : Zenith Medical Devices Unit, Maharashtra",A handheld ultrasound transducer used to detect the fetal heartbeat for prenatal care.,2100,Dimensions: 30 x 20 x 15 cm | Weight: ~2-10 kg | Power: 110V/220V AC or Battery
651,"Astra Medical Supplies, Ring Road, Surat, Gujarat",Licence no: MFG/MD/2022/00573 Issued on: 07-MAR-2022,"Fetal Doppler, class type: Class B",A handheld ultrasound transducer used to detect the fetal heartbeat for prenatal care.,Fetal-Advance,Fetal-4145,CLA - CDSCO,,"Legal Manufacturing Site : Astra Medical Supplies Unit, Gujarat",A handheld ultrasound transducer used to detect the fetal heartbeat for prenatal care.,4000,Dimensions: 30 x 20 x 15 cm | Weight: ~2-10 kg | Power: 110V/220V AC or Battery
652,"Quantum Care Co., Jubilee Hills, Hyderabad, Telangana",Licence no: MFG/MD/2021/00475 Issued on: 03-MAY-2021,"Fetal Doppler, class type: Class B",A handheld ultrasound transducer used to detect the fetal heartbeat for prenatal care.,Fetal-Plus,Fetal-2821,SLA - Karnataka,,"Legal Manufacturing Site : Quantum Care Co. Unit, Telangana",A handheld ultrasound transducer used to detect the fetal heartbeat for prenatal care.,5900,Dimensions: 30 x 20 x 15 cm | Weight: ~2-10 kg | Power: 110V/220V AC or Battery
653,"Global Health Solutions, Plot 45, Industrial Area, Peenya, Bangalore",Licence no: MFG/MD/2022/00994 Issued on: 26-NOV-2022,"Fetal Doppler, class type: Class B",A handheld ultrasound transducer used to detect the fetal heartbeat for prenatal care.,Fetal-X,Fetal-6683A,CLA - CDSCO,,"Legal Manufacturing Site : Global Health Solutions Unit, Bangalore",A handheld ultrasound transducer used to detect the fetal heartbeat for prenatal care.,6100,Dimensions: 30 x 20 x 15 cm | Weight: ~2-10 kg | Power: 110V/220V AC or Battery
654,"Apex Surgical Imports, 12, GIDC, Makarpura, Vadodara, Gujarat",Licence no: MFG/MD/2020/00335 Issued on: 28-AUG-2020,"Glucometer, class type: Class B",Determines the approximate concentration of glucose in the blood.,Gluc-Advance,Gluc-2159,SLA - Tamil Nadu,,"Legal Manufacturing Site : Apex Surgical Imports Unit, Gujarat",Determines the approximate concentration of glucose in the blood.,1600,Dimensions: 30 x 20 x 15 cm | Weight: ~2-10 kg | Power: 110V/220V AC or Battery
655,"Quantum Care Co., Jubilee Hills, Hyderabad, Telangana",Licence no: MFG/MD/2018/00495 Issued on: 22-JAN-2018,"Glucometer, class type: Class B",Determines the approximate concentration of glucose in the blood.,Gluc-Max,Gluc-9836B,CLA - CDSCO,,"Legal Manufacturing Site : Quantum Care Co. Unit, Telangana",Determines the approximate concentration of glucose in the blood.,630,Dimensions: 30 x 20 x 15 cm | Weight: ~2-10 kg | Power: 110V/220V AC or Battery
656,"LifeCare Innovations, Tech Park, OMR, Chennai, Tamil Nadu",Licence no: MFG/MD/2021/00282 Issued on: 28-APR-2021,"Glucometer, class type: Class B",Determines the approximate concentration of glucose in the blood.,Gluc-Ultra,Gluc-6837B,SLA - Telangana,,"Legal Manufacturing Site : LifeCare Innovations Unit, Tamil Nadu",Determines the approximate concentration of glucose in the blood.,1300,Dimensions: 30 x 20 x 15 cm | Weight: ~2-10 kg | Power: 110V/220V AC or Battery
657,"NovaBio Tech, Phase 8, Industrial Area, Mohali, Punjab",Licence no: MFG/MD/2020/00165 Issued on: 10-FEB-2020,"Glucometer, class type: Class B",Determines the approximate concentration of glucose in the blood.,Gluc-Max,Gluc-7159A,SLA - Gujarat,,"Legal Manufacturing Site : NovaBio Tech Unit, Punjab",Determines the approximate concentration of glucose in the blood.,1300,Dimensions: 30 x 20 x 15 cm | Weight: ~2-10 kg | Power: 110V/220V AC or Battery
658,"NovaBio Tech, Phase 8, Industrial Area, Mohali, Punjab",Licence no: IMP/MD/2021/00528 Issued on: 03-JAN-2021,"Glucometer, class type: Class B",Determines the approximate concentration of glucose in the blood.,Gluc-Max,Gluc-5592A,SLA - Maharashtra,,"Legal Manufacturing Site : NovaBio Tech Unit, Punjab",Determines the approximate concentration of glucose in the blood.,2000,Dimensions: 30 x 20 x 15 cm | Weight: ~2-10 kg | Power: 110V/220V AC or Battery
659,"Global Health Solutions, Plot 45, Industrial Area, Peenya, Bangalore",Licence no: MFG/MD/2020/00525 Issued on: 01-AUG-2020,"Glucometer, class type: Class B",Determines the approximate concentration of glucose in the blood.,Gluc-Pro,Gluc-6352A,SLA - Delhi,,"Legal Manufacturing Site : Global Health Solutions Unit, Bangalore",Determines the approximate concentration of glucose in the blood.,830,Dimensions: 30 x 20 x 15 cm | Weight: ~2-10 kg | Power: 110V/220V AC or Battery
660,"MediCorp India Pvt Ltd, Cyber City, Phase 2, Gurgaon, Haryana",Licence no: IMP/MD/2018/00703 Issued on: 05-NOV-2018,"Glucometer, class type: Class B",Determines the approximate concentration of glucose in the blood.,Gluc-Advance,Gluc-1715X,SLA - Telangana,,"Legal Manufacturing Site : MediCorp India Pvt Ltd Unit, Haryana",Determines the approximate concentration of glucose in the blood.,1500,Dimensions: 30 x 20 x 15 cm | Weight: ~2-10 kg | Power: 110V/220V AC or Battery
661,"Global Health Solutions, Plot 45, Industrial Area, Peenya, Bangalore",Licence no: MFG/MD/2024/00398 Issued on: 25-FEB-2024,"Glucometer, class type: Class B",Determines the approximate concentration of glucose in the blood.,Gluc-Basic,Gluc-6354B,SLA - Maharashtra,,"Legal Manufacturing Site : Global Health Solutions Unit, Bangalore",Determines the approximate concentration of glucose in the blood.,2000,Dimensions: 30 x 20 x 15 cm | Weight: ~2-10 kg | Power: 110V/220V AC or Battery
662,"Zenith Medical Devices, Tower B, BKC, Bandra East, Mumbai, Maharashtra",Licence no: IMP/MD/2021/00307 Issued on: 01-MAR-2021,"Glucometer, class type: Class B",Determines the approximate concentration of glucose in the blood.,Gluc-Advance,Gluc-1208,SLA - Delhi,,"Legal Manufacturing Site : Zenith Medical Devices Unit, Maharashtra",Determines the approximate concentration of glucose in the blood.,1400,Dimensions: 30 x 20 x 15 cm | Weight: ~2-10 kg | Power: 110V/220V AC or Battery
663,"Apex Surgical Imports, 12, GIDC, Makarpura, Vadodara, Gujarat",Licence no: IMP/MD/2020/00518 Issued on: 25-SEP-2020,"Glucometer, class type: Class B",Determines the approximate concentration of glucose in the blood.,Gluc-Basic,Gluc-3419A,SLA - Tamil Nadu,,"Legal Manufacturing Site : Apex Surgical Imports Unit, Gujarat",Determines the approximate concentration of glucose in the blood.,1300,Dimensions: 30 x 20 x 15 cm | Weight: ~2-10 kg | Power: 110V/220V AC or Battery
664,"Spark Peripheral Technologies, Shop 1, Moolchand Market, New Delhi",Licence no: IMP/MD/2021/00583 Issued on: 11-JUL-2021,"Ophthalmoscope, class type: Class A","Used to inspect the fundus of the eye, which is the back portion of the interior of the eyeball.",Ophtha-X,Ophtha-2769A,SLA - Tamil Nadu,,"Legal Manufacturing Site : Spark Peripheral Technologies Unit, New Delhi","Used to inspect the fundus of the eye, which is the back portion of the interior of the eyeball.",19000,Dimensions: Standard | Weight: Varies | Refer to manual for specs
665,"Global Health Solutions, Plot 45, Industrial Area, Peenya, Bangalore",Licence no: MFG/MD/2023/00736 Issued on: 03-FEB-2023,"Ophthalmoscope, class type: Class A","Used to inspect the fundus of the eye, which is the back portion of the interior of the eyeball.",Ophtha-Elite,Ophtha-3974A,CLA - CDSCO,,"Legal Manufacturing Site : Global Health Solutions Unit, Bangalore","Used to inspect the fundus of the eye, which is the back portion of the interior of the eyeball.",6700,Dimensions: Standard | Weight: Varies | Refer to manual for specs
666,"Astra Medical Supplies, Ring Road, Surat, Gujarat",Licence no: MFG/MD/2021/00775 Issued on: 25-APR-2021,"Ophthalmoscope, class type: Class A","Used to inspect the fundus of the eye, which is the back portion of the interior of the eyeball.",Ophtha-Pro,Ophtha-3901A,SLA - Telangana,,"Legal Manufacturing Site : Astra Medical Supplies Unit, Gujarat","Used to inspect the fundus of the eye, which is the back portion of the interior of the eyeball.",15000,Dimensions: Standard | Weight: Varies | Refer to manual for specs
667,"Zenith Medical Devices, Tower B, BKC, Bandra East, Mumbai, Maharashtra",Licence no: IMP/MD/2023/00121 Issued on: 26-SEP-2023,"Ophthalmoscope, class type: Class A","Used to inspect the fundus of the eye, which is the back portion of the interior of the eyeball.",Ophtha-Basic,Ophtha-7930X,SLA - Telangana,,"Legal Manufacturing Site : Zenith Medical Devices Unit, Maharashtra","Used to inspect the fundus of the eye, which is the back portion of the interior of the eyeball.",11000,Dimensions: Standard | Weight: Varies | Refer to manual for specs
668,"NovaBio Tech, Phase 8, Industrial Area, Mohali, Punjab",Licence no: MFG/MD/2024/00610 Issued on: 17-DEC-2024,"Ophthalmoscope, class type: Class A","Used to inspect the fundus of the eye, which is the back portion of the interior of the eyeball.",Ophtha-Elite,Ophtha-2653X,SLA - Maharashtra,,"Legal Manufacturing Site : NovaBio Tech Unit, Punjab","Used to inspect the fundus of the eye, which is the back portion of the interior of the eyeball.",13000,Dimensions: Standard | Weight: Varies | Refer to manual for specs
669,"Pioneer Health Systems, Sector V, Salt Lake, Kolkata, West Bengal",Licence no: IMP/MD/2024/00562 Issued on: 23-FEB-2024,"Ophthalmoscope, class type: Class A","Used to inspect the fundus of the eye, which is the back portion of the interior of the eyeball.",Ophtha-Elite,Ophtha-1142X,SLA - Maharashtra,,"Legal Manufacturing Site : Pioneer Health Systems Unit, West Bengal","Used to inspect the fundus of the eye, which is the back portion of the interior of the eyeball.",12000,Dimensions: Standard | Weight: Varies | Refer to manual for specs
670,"Global Health Solutions, Plot 45, Industrial Area, Peenya, Bangalore",Licence no: IMP/MD/2020/00221 Issued on: 19-JUL-2020,"Ophthalmoscope, class type: Class A","Used to inspect the fundus of the eye, which is the back portion of the interior of the eyeball.",Ophtha-Ultra,Ophtha-8554B,SLA - Karnataka,,"Legal Manufacturing Site : Global Health Solutions Unit, Bangalore","Used to inspect the fundus of the eye, which is the back portion of the interior of the eyeball.",19000,Dimensions: Standard | Weight: Varies | Refer to manual for specs
671,"NovaBio Tech, Phase 8, Industrial Area, Mohali, Punjab",Licence no: MFG/MD/2020/00353 Issued on: 21-JAN-2020,"Ophthalmoscope, class type: Class A","Used to inspect the fundus of the eye, which is the back portion of the interior of the eyeball.",Ophtha-Max,Ophtha-8800,SLA - Maharashtra,,"Legal Manufacturing Site : NovaBio Tech Unit, Punjab","Used to inspect the fundus of the eye, which is the back portion of the interior of the eyeball.",8800,Dimensions: Standard | Weight: Varies | Refer to manual for specs
672,"MediCorp India Pvt Ltd, Cyber City, Phase 2, Gurgaon, Haryana",Licence no: IMP/MD/2023/00662 Issued on: 26-NOV-2023,"Oxygen Concentrator, class type: Class B",Concentrates the oxygen from a gas supply (typically ambient air) to supply an oxygen-enriched gas mixture.,O2Flow-Advance,O2Flow-5852X,SLA - Karnataka,,"Legal Manufacturing Site : MediCorp India Pvt Ltd Unit, Haryana",Concentrates the oxygen from a gas supply (typically ambient air) to supply an oxygen-enriched gas mixture.,51000,Dimensions: 30 x 20 x 15 cm | Weight: ~2-10 kg | Power: 110V/220V AC or Battery
673,"Pioneer Health Systems, Sector V, Salt Lake, Kolkata, West Bengal",Licence no: MFG/MD/2023/00340 Issued on: 13-JAN-2023,"Oxygen Concentrator, class type: Class B",Concentrates the oxygen from a gas supply (typically ambient air) to supply an oxygen-enriched gas mixture.,O2Flow-Pro,O2Flow-4009,SLA - Maharashtra,,"Legal Manufacturing Site : Pioneer Health Systems Unit, West Bengal",Concentrates the oxygen from a gas supply (typically ambient air) to supply an oxygen-enriched gas mixture.,87000,Dimensions: 30 x 20 x 15 cm | Weight: ~2-10 kg | Power: 110V/220V AC or Battery
674,"Spark Peripheral Technologies, Shop 1, Moolchand Market, New Delhi",Licence no: MFG/MD/2022/00670 Issued on: 27-DEC-2022,"Oxygen Concentrator, class type: Class B",Concentrates the oxygen from a gas supply (typically ambient air) to supply an oxygen-enriched gas mixture.,O2Flow-Elite,O2Flow-3940,SLA - Maharashtra,,"Legal Manufacturing Site : Spark Peripheral Technologies Unit, New Delhi",Concentrates the oxygen from a gas supply (typically ambient air) to supply an oxygen-enriched gas mixture.,41000,Dimensions: 30 x 20 x 15 cm | Weight: ~2-10 kg | Power: 110V/220V AC or Battery
675,"Astra Medical Supplies, Ring Road, Surat, Gujarat",Licence no: IMP/MD/2024/00790 Issued on: 19-SEP-2024,"Oxygen Concentrator, class type: Class B",Concentrates the oxygen from a gas supply (typically ambient air) to supply an oxygen-enriched gas mixture.,O2Flow-Ultra,O2Flow-8196A,SLA - Maharashtra,,"Legal Manufacturing Site : Astra Medical Supplies Unit, Gujarat",Concentrates the oxygen from a gas supply (typically ambient air) to supply an oxygen-enriched gas mixture.,52000,Dimensions: 30 x 20 x 15 cm | Weight: ~2-10 kg | Power: 110V/220V AC or Battery
676,"Zenith Medical Devices, Tower B, BKC, Bandra East, Mumbai, Maharashtra",Licence no: IMP/MD/2024/00999 Issued on: 27-OCT-2024,"Oxygen Concentrator, class type: Class B",Concentrates the oxygen from a gas supply (typically ambient air) to supply an oxygen-enriched gas mixture.,O2Flow-Plus,O2Flow-6512X,SLA - Delhi,,"Legal Manufacturing Site : Zenith Medical Devices Unit, Maharashtra",Concentrates the oxygen from a gas supply (typically ambient air) to supply an oxygen-enriched gas mixture.,40000,Dimensions: 30 x 20 x 15 cm | Weight: ~2-10 kg | Power: 110V/220V AC or Battery
677,"Astra Medical Supplies, Ring Road, Surat, Gujarat",Licence no: IMP/MD/2022/00371 Issued on: 02-OCT-2022,"Oxygen Concentrator, class type: Class B",Concentrates the oxygen from a gas supply (typically ambient air) to supply an oxygen-enriched gas mixture.,O2Flow-Basic,O2Flow-7882X,CLA - CDSCO,,"Legal Manufacturing Site : Astra Medical Supplies Unit, Gujarat",Concentrates the oxygen from a gas supply (typically ambient air) to supply an oxygen-enriched gas mixture.,51000,Dimensions: 30 x 20 x 15 cm | Weight: ~2-10 kg | Power: 110V/220V AC or Battery
678,"LifeCare Innovations, Tech Park, OMR, Chennai, Tamil Nadu",Licence no: IMP/MD/2023/00647 Issued on: 10-AUG-2023,"Oxygen Concentrator, class type: Class B",Concentrates the oxygen from a gas supply (typically ambient air) to supply an oxygen-enriched gas mixture.,O2Flow-Elite,O2Flow-6796,SLA - Delhi,,"Legal Manufacturing Site : LifeCare Innovations Unit, Tamil Nadu",Concentrates the oxygen from a gas supply (typically ambient air) to supply an oxygen-enriched gas mixture.,35000,Dimensions: 30 x 20 x 15 cm | Weight: ~2-10 kg | Power: 110V/220V AC or Battery
679,"LifeCare Innovations, Tech Park, OMR, Chennai, Tamil Nadu",Licence no: IMP/MD/2020/00925 Issued on: 02-AUG-2020,"Pacemaker, class type: Class C",Implanted to generate electrical impulses delivered by electrodes to cause the heart muscle chambers to contract.,Pace-Pro,Pace-9940,SLA - Maharashtra,,"Legal Manufacturing Site : LifeCare Innovations Unit, Tamil Nadu",Implanted to generate electrical impulses delivered by electrodes to cause the heart muscle chambers to contract.,160000,Dimensions: Standard | Weight: Varies | Refer to manual for specs
680,"Global Health Solutions, Plot 45, Industrial Area, Peenya, Bangalore",Licence no: IMP/MD/2018/00643 Issued on: 08-AUG-2018,"Pacemaker, class type: Class C",Implanted to generate electrical impulses delivered by electrodes to cause the heart muscle chambers to contract.,Pace-Basic,Pace-4626,SLA - Karnataka,,"Legal Manufacturing Site : Global Health Solutions Unit, Bangalore",Implanted to generate electrical impulses delivered by electrodes to cause the heart muscle chambers to contract.,310000,Dimensions: Standard | Weight: Varies | Refer to manual for specs
681,"Spark Peripheral Technologies, Shop 1, Moolchand Market, New Delhi",Licence no: IMP/MD/2021/00199 Issued on: 15-JAN-2021,"Pacemaker, class type: Class C",Implanted to generate electrical impulses delivered by electrodes to cause the heart muscle chambers to contract.,Pace-Ultra,Pace-8690X,SLA - Karnataka,,"Legal Manufacturing Site : Spark Peripheral Technologies Unit, New Delhi",Implanted to generate electrical impulses delivered by electrodes to cause the heart muscle chambers to contract.,110000,Dimensions: Standard | Weight: Varies | Refer to manual for specs
682,"NovaBio Tech, Phase 8, Industrial Area, Mohali, Punjab",Licence no: MFG/MD/2024/00456 Issued on: 01-AUG-2024,"Pacemaker, class type: Class C",Implanted to generate electrical impulses delivered by electrodes to cause the heart muscle chambers to contract.,Pace-X,Pace-1940X,SLA - Delhi,,"Legal Manufacturing Site : NovaBio Tech Unit, Punjab",Implanted to generate electrical impulses delivered by electrodes to cause the heart muscle chambers to contract.,240000,Dimensions: Standard | Weight: Varies | Refer to manual for specs
683,"Global Health Solutions, Plot 45, Industrial Area, Peenya, Bangalore",Licence no: MFG/MD/2024/00780 Issued on: 19-JUL-2024,"Pacemaker, class type: Class C",Implanted to generate electrical impulses delivered by electrodes to cause the heart muscle chambers to contract.,Pace-X,Pace-9260,SLA - Gujarat,,"Legal Manufacturing Site : Global Health Solutions Unit, Bangalore",Implanted to generate electrical impulses delivered by electrodes to cause the heart muscle chambers to contract.,270000,Dimensions: Standard | Weight: Varies | Refer to manual for specs
684,"MediCorp India Pvt Ltd, Cyber City, Phase 2, Gurgaon, Haryana",Licence no: MFG/MD/2021/00342 Issued on: 14-APR-2021,"Pacemaker, class type: Class C",Implanted to generate electrical impulses delivered by electrodes to cause the heart muscle chambers to contract.,Pace-X,Pace-1963X,SLA - Karnataka,,"Legal Manufacturing Site : MediCorp India Pvt Ltd Unit, Haryana",Implanted to generate electrical impulses delivered by electrodes to cause the heart muscle chambers to contract.,200000,Dimensions: Standard | Weight: Varies | Refer to manual for specs
685,"Spark Peripheral Technologies, Shop 1, Moolchand Market, New Delhi",Licence no: IMP/MD/2023/00899 Issued on: 01-JUL-2023,"Pacemaker, class type: Class C",Implanted to generate electrical impulses delivered by electrodes to cause the heart muscle chambers to contract.,Pace-Ultra,Pace-1561X,SLA - Telangana,,"Legal Manufacturing Site : Spark Peripheral Technologies Unit, New Delhi",Implanted to generate electrical impulses delivered by electrodes to cause the heart muscle chambers to contract.,150000,Dimensions: Standard | Weight: Varies | Refer to manual for specs
686,"Pioneer Health Systems, Sector V, Salt Lake, Kolkata, West Bengal",Licence no: IMP/MD/2023/00869 Issued on: 26-DEC-2023,"Pacemaker, class type: Class C",Implanted to generate electrical impulses delivered by electrodes to cause the heart muscle chambers to contract.,Pace-Basic,Pace-1786A,CLA - CDSCO,,"Legal Manufacturing Site : Pioneer Health Systems Unit, West Bengal",Implanted to generate electrical impulses delivered by electrodes to cause the heart muscle chambers to contract.,250000,Dimensions: Standard | Weight: Varies | Refer to manual for specs
687,"MediCorp India Pvt Ltd, Cyber City, Phase 2, Gurgaon, Haryana",Licence no: IMP/MD/2018/00739 Issued on: 16-MAR-2018,"Phototherapy Unit, class type: Class B",Uses light to treat neonatal jaundice.,Photo-Basic,Photo-2135A,SLA - Maharashtra,,"Legal Manufacturing Site : MediCorp India Pvt Ltd Unit, Haryana",Uses light to treat neonatal jaundice.,39000,Dimensions: 120 x 80 x 150 cm | Weight: ~80-150 kg | Power: 220V AC
688,"Spark Peripheral Technologies, Shop 1, Moolchand Market, New Delhi",Licence no: MFG/MD/2022/00952 Issued on: 08-JUN-2022,"Phototherapy Unit, class type: Class B",Uses light to treat neonatal jaundice.,Photo-Elite,Photo-6815A,CLA - CDSCO,,"Legal Manufacturing Site : Spark Peripheral Technologies Unit, New Delhi",Uses light to treat neonatal jaundice.,36000,Dimensions: 120 x 80 x 150 cm | Weight: ~80-150 kg | Power: 220V AC
689,"Pioneer Health Systems, Sector V, Salt Lake, Kolkata, West Bengal",Licence no: MFG/MD/2020/00890 Issued on: 14-AUG-2020,"Phototherapy Unit, class type: Class B",Uses light to treat neonatal jaundice.,Photo-Basic,Photo-6685A,SLA - Karnataka,,"Legal Manufacturing Site : Pioneer Health Systems Unit, West Bengal",Uses light to treat neonatal jaundice.,24000,Dimensions: 120 x 80 x 150 cm | Weight: ~80-150 kg | Power: 220V AC
690,"Apex Surgical Imports, 12, GIDC, Makarpura, Vadodara, Gujarat",Licence no: MFG/MD/2019/00811 Issued on: 10-JUL-2019,"Phototherapy Unit, class type: Class B",Uses light to treat neonatal jaundice.,Photo-Max,Photo-9130A,CLA - CDSCO,,"Legal Manufacturing Site : Apex Surgical Imports Unit, Gujarat",Uses light to treat neonatal jaundice.,23000,Dimensions: 120 x 80 x 150 cm | Weight: ~80-150 kg | Power: 220V AC
691,"Astra Medical Supplies, Ring Road, Surat, Gujarat",Licence no: MFG/MD/2021/00770 Issued on: 22-FEB-2021,"Suction Pump, class type: Class B","Removes bodily secretions, such as mucus or saliva, from the respiratory tract.",Suct-Pro,Suct-5868,SLA - Gujarat,,"Legal Manufacturing Site : Astra Medical Supplies Unit, Gujarat","Removes bodily secretions, such as mucus or saliva, from the respiratory tract.",25000,Dimensions: 30 x 20 x 15 cm | Weight: ~2-10 kg | Power: 110V/220V AC or Battery
692,"Astra Medical Supplies, Ring Road, Surat, Gujarat",Licence no: MFG/MD/2018/00897 Issued on: 16-AUG-2018,"Suction Pump, class type: Class B","Removes bodily secretions, such as mucus or saliva, from the respiratory tract.",Suct-Ultra,Suct-3836B,SLA - Karnataka,,"Legal Manufacturing Site : Astra Medical Supplies Unit, Gujarat","Removes bodily secretions, such as mucus or saliva, from the respiratory tract.",12000,Dimensions: 30 x 20 x 15 cm | Weight: ~2-10 kg | Power: 110V/220V AC or Battery
693,"MediCorp India Pvt Ltd, Cyber City, Phase 2, Gurgaon, Haryana",Licence no: IMP/MD/2022/00623 Issued on: 17-JUL-2022,"Suction Pump, class type: Class B","Removes bodily secretions, such as mucus or saliva, from the respiratory tract.",Suct-X,Suct-1439X,SLA - Delhi,,"Legal Manufacturing Site : MediCorp India Pvt Ltd Unit, Haryana","Removes bodily secretions, such as mucus or saliva, from the respiratory tract.",15000,Dimensions: 30 x 20 x 15 cm | Weight: ~2-10 kg | Power: 110V/220V AC or Battery
694,"Quantum Care Co., Jubilee Hills, Hyderabad, Telangana",Licence no: MFG/MD/2018/00202 Issued on: 27-OCT-2018,"Suction Pump, class type: Class B","Removes bodily secretions, such as mucus or saliva, from the respiratory tract.",Suct-Advance,Suct-9723A,SLA - Gujarat,,"Legal Manufacturing Site : Quantum Care Co. Unit, Telangana","Removes bodily secretions, such as mucus or saliva, from the respiratory tract.",7500,Dimensions: 30 x 20 x 15 cm | Weight: ~2-10 kg | Power: 110V/220V AC or Battery
695,"Spark Peripheral Technologies, Shop 1, Moolchand Market, New Delhi",Licence no: MFG/MD/2018/00612 Issued on: 26-OCT-2018,"Suction Pump, class type: Class B","Removes bodily secretions, such as mucus or saliva, from the respiratory tract.",Suct-Max,Suct-2502,SLA - Gujarat,,"Legal Manufacturing Site : Spark Peripheral Technologies Unit, New Delhi","Removes bodily secretions, such as mucus or saliva, from the respiratory tract.",6300,Dimensions: 30 x 20 x 15 cm | Weight: ~2-10 kg | Power: 110V/220V AC or Battery
696,"NovaBio Tech, Phase 8, Industrial Area, Mohali, Punjab",Licence no: MFG/MD/2020/00203 Issued on: 01-NOV-2020,"Suction Pump, class type: Class B","Removes bodily secretions, such as mucus or saliva, from the respiratory tract.",Suct-Advance,Suct-9014A,SLA - Telangana,,"Legal Manufacturing Site : NovaBio Tech Unit, Punjab","Removes bodily secretions, such as mucus or saliva, from the respiratory tract.",8900,Dimensions: 30 x 20 x 15 cm | Weight: ~2-10 kg | Power: 110V/220V AC or Battery
697,"Apex Surgical Imports, 12, GIDC, Makarpura, Vadodara, Gujarat",Licence no: IMP/MD/2019/00409 Issued on: 05-SEP-2019,"Surgical Laser, class type: Class C",Emits a highly concentrated beam of light to perform surgical procedures like cutting tissue.,LaserCut-Plus,LaserCut-3774X,SLA - Tamil Nadu,,"Legal Manufacturing Site : Apex Surgical Imports Unit, Gujarat",Emits a highly concentrated beam of light to perform surgical procedures like cutting tissue.,4210000,Dimensions: 120 x 80 x 150 cm | Weight: ~80-150 kg | Power: 220V AC
698,"NovaBio Tech, Phase 8, Industrial Area, Mohali, Punjab",Licence no: IMP/MD/2018/00119 Issued on: 01-JAN-2018,"Surgical Laser, class type: Class C",Emits a highly concentrated beam of light to perform surgical procedures like cutting tissue.,LaserCut-X,LaserCut-3142B,CLA - CDSCO,,"Legal Manufacturing Site : NovaBio Tech Unit, Punjab",Emits a highly concentrated beam of light to perform surgical procedures like cutting tissue.,2460000,Dimensions: 120 x 80 x 150 cm | Weight: ~80-150 kg | Power: 220V AC
699,"Quantum Care Co., Jubilee Hills, Hyderabad, Telangana",Licence no: IMP/MD/2019/00846 Issued on: 26-APR-2019,"Surgical Laser, class type: Class C",Emits a highly concentrated beam of light to perform surgical procedures like cutting tissue.,LaserCut-Elite,LaserCut-1039A,CLA - CDSCO,,"Legal Manufacturing Site : Quantum Care Co. Unit, Telangana",Emits a highly concentrated beam of light to perform surgical procedures like cutting tissue.,4820000,Dimensions: 120 x 80 x 150 cm | Weight: ~80-150 kg | Power: 220V AC
700,"LifeCare Innovations, Tech Park, OMR, Chennai, Tamil Nadu",Licence no: IMP/MD/2021/00585 Issued on: 03-JUN-2021,"Surgical Laser, class type: Class C",Emits a highly concentrated beam of light to perform surgical procedures like cutting tissue.,LaserCut-X,LaserCut-5539,SLA - Tamil Nadu,,"Legal Manufacturing Site : LifeCare Innovations Unit, Tamil Nadu",Emits a highly concentrated beam of light to perform surgical procedures like cutting tissue.,4360000,Dimensions: 120 x 80 x 150 cm | Weight: ~80-150 kg | Power: 220V AC
701,"MediCorp India Pvt Ltd, Cyber City, Phase 2, Gurgaon, Haryana",Licence no: IMP/MD/2024/00270 Issued on: 15-DEC-2024,"Arthroscopy Tower System, class type: Class C",A complete video and illumination system used for minimally invasive joint surgery (arthroscopy).,ArthroVision-X,ArthroVision-2433A,SLA - Delhi,,"Legal Manufacturing Site : MediCorp India Pvt Ltd Unit, Haryana",A complete video and illumination system used for minimally invasive joint surgery (arthroscopy).,2170000,Dimensions: 120 x 80 x 150 cm | Weight: ~80-150 kg | Power: 220V AC
702,"Spark Peripheral Technologies, Shop 1, Moolchand Market, New Delhi",Licence no: IMP/MD/2020/00627 Issued on: 20-MAR-2020,"Arthroscopy Tower System, class type: Class C",A complete video and illumination system used for minimally invasive joint surgery (arthroscopy).,ArthroVision-Ultra,ArthroVision-9931X,SLA - Karnataka,,"Legal Manufacturing Site : Spark Peripheral Technologies Unit, New Delhi",A complete video and illumination system used for minimally invasive joint surgery (arthroscopy).,1750000,Dimensions: 120 x 80 x 150 cm | Weight: ~80-150 kg | Power: 220V AC
703,"LifeCare Innovations, Tech Park, OMR, Chennai, Tamil Nadu",Licence no: IMP/MD/2024/00814 Issued on: 04-SEP-2024,"Arthroscopy Tower System, class type: Class C",A complete video and illumination system used for minimally invasive joint surgery (arthroscopy).,ArthroVision-Ultra,ArthroVision-7519,SLA - Delhi,,"Legal Manufacturing Site : LifeCare Innovations Unit, Tamil Nadu",A complete video and illumination system used for minimally invasive joint surgery (arthroscopy).,1590000,Dimensions: 120 x 80 x 150 cm | Weight: ~80-150 kg | Power: 220V AC
704,"Zenith Medical Devices, Tower B, BKC, Bandra East, Mumbai, Maharashtra",Licence no: IMP/MD/2018/00640 Issued on: 26-OCT-2018,"Arthroscopy Tower System, class type: Class C",A complete video and illumination system used for minimally invasive joint surgery (arthroscopy).,ArthroVision-Advance,ArthroVision-9389A,SLA - Telangana,,"Legal Manufacturing Site : Zenith Medical Devices Unit, Maharashtra",A complete video and illumination system used for minimally invasive joint surgery (arthroscopy).,2480000,Dimensions: 120 x 80 x 150 cm | Weight: ~80-150 kg | Power: 220V AC
705,"Zenith Medical Devices, Tower B, BKC, Bandra East, Mumbai, Maharashtra",Licence no: MFG/MD/2018/00547 Issued on: 22-AUG-2018,"Arthroscopy Tower System, class type: Class C",A complete video and illumination system used for minimally invasive joint surgery (arthroscopy).,ArthroVision-Plus,ArthroVision-8450X,CLA - CDSCO,,"Legal Manufacturing Site : Zenith Medical Devices Unit, Maharashtra",A complete video and illumination system used for minimally invasive joint surgery (arthroscopy).,2900000,Dimensions: 120 x 80 x 150 cm | Weight: ~80-150 kg | Power: 220V AC
706,"Spark Peripheral Technologies, Shop 1, Moolchand Market, New Delhi",Licence no: MFG/MD/2019/00365 Issued on: 27-DEC-2019,"Arthroscopy Tower System, class type: Class C",A complete video and illumination system used for minimally invasive joint surgery (arthroscopy).,ArthroVision-Basic,ArthroVision-3615A,CLA - CDSCO,,"Legal Manufacturing Site : Spark Peripheral Technologies Unit, New Delhi",A complete video and illumination system used for minimally invasive joint surgery (arthroscopy).,2120000,Dimensions: 120 x 80 x 150 cm | Weight: ~80-150 kg | Power: 220V AC
707,"Apex Surgical Imports, 12, GIDC, Makarpura, Vadodara, Gujarat",Licence no: MFG/MD/2022/00765 Issued on: 02-JUN-2022,"Arthroscopy Tower System, class type: Class C",A complete video and illumination system used for minimally invasive joint surgery (arthroscopy).,ArthroVision-Basic,ArthroVision-6012X,SLA - Karnataka,,"Legal Manufacturing Site : Apex Surgical Imports Unit, Gujarat",A complete video and illumination system used for minimally invasive joint surgery (arthroscopy).,2240000,Dimensions: 120 x 80 x 150 cm | Weight: ~80-150 kg | Power: 220V AC
708,"Spark Peripheral Technologies, Shop 1, Moolchand Market, New Delhi",Licence no: MFG/MD/2022/00757 Issued on: 17-APR-2022,"Arthroscopy Tower System, class type: Class C",A complete video and illumination system used for minimally invasive joint surgery (arthroscopy).,ArthroVision-Pro,ArthroVision-5562A,SLA - Maharashtra,,"Legal Manufacturing Site : Spark Peripheral Technologies Unit, New Delhi",A complete video and illumination system used for minimally invasive joint surgery (arthroscopy).,2440000,Dimensions: 120 x 80 x 150 cm | Weight: ~80-150 kg | Power: 220V AC
709,"Zenith Medical Devices, Tower B, BKC, Bandra East, Mumbai, Maharashtra",Licence no: MFG/MD/2021/00579 Issued on: 02-JUL-2021,"C-Arm Fluoroscopy System, class type: Class C",Provides real-time high-resolution X-ray images to guide surgeons during orthopedic procedures.,OrthoView-Elite,OrthoView-6321,SLA - Delhi,,"Legal Manufacturing Site : Zenith Medical Devices Unit, Maharashtra",Provides real-time high-resolution X-ray images to guide surgeons during orthopedic procedures.,1900000,Dimensions: 120 x 80 x 150 cm | Weight: ~80-150 kg | Power: 220V AC
710,"Quantum Care Co., Jubilee Hills, Hyderabad, Telangana",Licence no: MFG/MD/2022/00205 Issued on: 17-MAR-2022,"C-Arm Fluoroscopy System, class type: Class C",Provides real-time high-resolution X-ray images to guide surgeons during orthopedic procedures.,OrthoView-Elite,OrthoView-2678B,CLA - CDSCO,,"Legal Manufacturing Site : Quantum Care Co. Unit, Telangana",Provides real-time high-resolution X-ray images to guide surgeons during orthopedic procedures.,3470000,Dimensions: 120 x 80 x 150 cm | Weight: ~80-150 kg | Power: 220V AC
711,"Apex Surgical Imports, 12, GIDC, Makarpura, Vadodara, Gujarat",Licence no: MFG/MD/2023/00372 Issued on: 03-FEB-2023,"C-Arm Fluoroscopy System, class type: Class C",Provides real-time high-resolution X-ray images to guide surgeons during orthopedic procedures.,OrthoView-X,OrthoView-1597B,SLA - Telangana,,"Legal Manufacturing Site : Apex Surgical Imports Unit, Gujarat",Provides real-time high-resolution X-ray images to guide surgeons during orthopedic procedures.,2870000,Dimensions: 120 x 80 x 150 cm | Weight: ~80-150 kg | Power: 220V AC
712,"Pioneer Health Systems, Sector V, Salt Lake, Kolkata, West Bengal",Licence no: MFG/MD/2024/00478 Issued on: 08-NOV-2024,"C-Arm Fluoroscopy System, class type: Class C",Provides real-time high-resolution X-ray images to guide surgeons during orthopedic procedures.,OrthoView-Ultra,OrthoView-1913X,SLA - Karnataka,,"Legal Manufacturing Site : Pioneer Health Systems Unit, West Bengal",Provides real-time high-resolution X-ray images to guide surgeons during orthopedic procedures.,2540000,Dimensions: 120 x 80 x 150 cm | Weight: ~80-150 kg | Power: 220V AC
713,"Global Health Solutions, Plot 45, Industrial Area, Peenya, Bangalore",Licence no: MFG/MD/2021/00757 Issued on: 21-NOV-2021,"C-Arm Fluoroscopy System, class type: Class C",Provides real-time high-resolution X-ray images to guide surgeons during orthopedic procedures.,OrthoView-Basic,OrthoView-2788X,CLA - CDSCO,,"Legal Manufacturing Site : Global Health Solutions Unit, Bangalore",Provides real-time high-resolution X-ray images to guide surgeons during orthopedic procedures.,3080000,Dimensions: 120 x 80 x 150 cm | Weight: ~80-150 kg | Power: 220V AC
714,"Astra Medical Supplies, Ring Road, Surat, Gujarat",Licence no: MFG/MD/2022/00845 Issued on: 11-FEB-2022,"C-Arm Fluoroscopy System, class type: Class C",Provides real-time high-resolution X-ray images to guide surgeons during orthopedic procedures.,OrthoView-Basic,OrthoView-4784X,SLA - Tamil Nadu,,"Legal Manufacturing Site : Astra Medical Supplies Unit, Gujarat",Provides real-time high-resolution X-ray images to guide surgeons during orthopedic procedures.,3240000,Dimensions: 120 x 80 x 150 cm | Weight: ~80-150 kg | Power: 220V AC
715,"Spark Peripheral Technologies, Shop 1, Moolchand Market, New Delhi",Licence no: IMP/MD/2022/00573 Issued on: 25-FEB-2022,"Cervical Collar (Rigid), class type: Class A",An orthopedic medical device used to support the patient's neck and spinal cord.,SpineAlign-Basic,SpineAlign-8980,SLA - Maharashtra,,"Legal Manufacturing Site : Spark Peripheral Technologies Unit, New Delhi",An orthopedic medical device used to support the patient's neck and spinal cord.,870,Dimensions: Standard | Weight: Varies | Refer to manual for specs
716,"Global Health Solutions, Plot 45, Industrial Area, Peenya, Bangalore",Licence no: MFG/MD/2021/00849 Issued on: 21-JUL-2021,"Cervical Collar (Rigid), class type: Class A",An orthopedic medical device used to support the patient's neck and spinal cord.,SpineAlign-Basic,SpineAlign-7491,SLA - Gujarat,,"Legal Manufacturing Site : Global Health Solutions Unit, Bangalore",An orthopedic medical device used to support the patient's neck and spinal cord.,530,Dimensions: Standard | Weight: Varies | Refer to manual for specs
717,"MediCorp India Pvt Ltd, Cyber City, Phase 2, Gurgaon, Haryana",Licence no: MFG/MD/2018/00726 Issued on: 01-JUN-2018,"Cervical Collar (Rigid), class type: Class A",An orthopedic medical device used to support the patient's neck and spinal cord.,SpineAlign-X,SpineAlign-3340,SLA - Tamil Nadu,,"Legal Manufacturing Site : MediCorp India Pvt Ltd Unit, Haryana",An orthopedic medical device used to support the patient's neck and spinal cord.,1900,Dimensions: Standard | Weight: Varies | Refer to manual for specs
718,"Spark Peripheral Technologies, Shop 1, Moolchand Market, New Delhi",Licence no: IMP/MD/2018/00672 Issued on: 26-AUG-2018,"Cervical Collar (Rigid), class type: Class A",An orthopedic medical device used to support the patient's neck and spinal cord.,SpineAlign-X,SpineAlign-1027X,SLA - Karnataka,,"Legal Manufacturing Site : Spark Peripheral Technologies Unit, New Delhi",An orthopedic medical device used to support the patient's neck and spinal cord.,2400,Dimensions: Standard | Weight: Varies | Refer to manual for specs
719,"Global Health Solutions, Plot 45, Industrial Area, Peenya, Bangalore",Licence no: MFG/MD/2023/00942 Issued on: 04-AUG-2023,"Cervical Collar (Rigid), class type: Class A",An orthopedic medical device used to support the patient's neck and spinal cord.,SpineAlign-Pro,SpineAlign-3252,SLA - Karnataka,,"Legal Manufacturing Site : Global Health Solutions Unit, Bangalore",An orthopedic medical device used to support the patient's neck and spinal cord.,1700,Dimensions: Standard | Weight: Varies | Refer to manual for specs
720,"Astra Medical Supplies, Ring Road, Surat, Gujarat",Licence no: MFG/MD/2023/00463 Issued on: 14-MAY-2023,"Cervical Collar (Rigid), class type: Class A",An orthopedic medical device used to support the patient's neck and spinal cord.,SpineAlign-Pro,SpineAlign-6382X,CLA - CDSCO,,"Legal Manufacturing Site : Astra Medical Supplies Unit, Gujarat",An orthopedic medical device used to support the patient's neck and spinal cord.,1600,Dimensions: Standard | Weight: Varies | Refer to manual for specs
721,"Pioneer Health Systems, Sector V, Salt Lake, Kolkata, West Bengal",Licence no: MFG/MD/2020/00482 Issued on: 28-NOV-2020,"Cortical Bone Screw, class type: Class C",Used independently or alongside bone plates for internal fixation of bone fractures.,CortiScrew-Max,CortiScrew-8163A,CLA - CDSCO,,"Legal Manufacturing Site : Pioneer Health Systems Unit, West Bengal",Used independently or alongside bone plates for internal fixation of bone fractures.,530,Dimensions: Varied (Small/Compact) | Weight: < 1 kg | Material: Medical Grade
722,"MediCorp India Pvt Ltd, Cyber City, Phase 2, Gurgaon, Haryana",Licence no: IMP/MD/2019/00109 Issued on: 11-AUG-2019,"Cortical Bone Screw, class type: Class C",Used independently or alongside bone plates for internal fixation of bone fractures.,CortiScrew-Ultra,CortiScrew-4675X,SLA - Maharashtra,,"Legal Manufacturing Site : MediCorp India Pvt Ltd Unit, Haryana",Used independently or alongside bone plates for internal fixation of bone fractures.,1700,Dimensions: Varied (Small/Compact) | Weight: < 1 kg | Material: Medical Grade
723,"Pioneer Health Systems, Sector V, Salt Lake, Kolkata, West Bengal",Licence no: IMP/MD/2024/00144 Issued on: 07-MAY-2024,"Cortical Bone Screw, class type: Class C",Used independently or alongside bone plates for internal fixation of bone fractures.,CortiScrew-Pro,CortiScrew-5943A,SLA - Karnataka,,"Legal Manufacturing Site : Pioneer Health Systems Unit, West Bengal",Used independently or alongside bone plates for internal fixation of bone fractures.,2900,Dimensions: Varied (Small/Compact) | Weight: < 1 kg | Material: Medical Grade
724,"Global Health Solutions, Plot 45, Industrial Area, Peenya, Bangalore",Licence no: MFG/MD/2019/00128 Issued on: 11-JAN-2019,"Cortical Bone Screw, class type: Class C",Used independently or alongside bone plates for internal fixation of bone fractures.,CortiScrew-Advance,CortiScrew-1033,SLA - Maharashtra,,"Legal Manufacturing Site : Global Health Solutions Unit, Bangalore",Used independently or alongside bone plates for internal fixation of bone fractures.,2700,Dimensions: Varied (Small/Compact) | Weight: < 1 kg | Material: Medical Grade
725,"NovaBio Tech, Phase 8, Industrial Area, Mohali, Punjab",Licence no: IMP/MD/2019/00893 Issued on: 01-DEC-2019,"Cortical Bone Screw, class type: Class C",Used independently or alongside bone plates for internal fixation of bone fractures.,CortiScrew-Advance,CortiScrew-6293A,SLA - Tamil Nadu,,"Legal Manufacturing Site : NovaBio Tech Unit, Punjab",Used independently or alongside bone plates for internal fixation of bone fractures.,1300,Dimensions: Varied (Small/Compact) | Weight: < 1 kg | Material: Medical Grade
726,"Spark Peripheral Technologies, Shop 1, Moolchand Market, New Delhi",Licence no: IMP/MD/2023/00805 Issued on: 10-MAY-2023,"Cortical Bone Screw, class type: Class C",Used independently or alongside bone plates for internal fixation of bone fractures.,CortiScrew-Ultra,CortiScrew-6414X,SLA - Telangana,,"Legal Manufacturing Site : Spark Peripheral Technologies Unit, New Delhi",Used independently or alongside bone plates for internal fixation of bone fractures.,2000,Dimensions: Varied (Small/Compact) | Weight: < 1 kg | Material: Medical Grade
727,"Apex Surgical Imports, 12, GIDC, Makarpura, Vadodara, Gujarat",Licence no: IMP/MD/2019/00564 Issued on: 16-SEP-2019,"Cortical Bone Screw, class type: Class C",Used independently or alongside bone plates for internal fixation of bone fractures.,CortiScrew-Max,CortiScrew-1157,SLA - Tamil Nadu,,"Legal Manufacturing Site : Apex Surgical Imports Unit, Gujarat",Used independently or alongside bone plates for internal fixation of bone fractures.,3000,Dimensions: Varied (Small/Compact) | Weight: < 1 kg | Material: Medical Grade
728,"Global Health Solutions, Plot 45, Industrial Area, Peenya, Bangalore",Licence no: IMP/MD/2020/00616 Issued on: 05-AUG-2020,"Cortical Bone Screw, class type: Class C",Used independently or alongside bone plates for internal fixation of bone fractures.,CortiScrew-X,CortiScrew-1553A,CLA - CDSCO,,"Legal Manufacturing Site : Global Health Solutions Unit, Bangalore",Used independently or alongside bone plates for internal fixation of bone fractures.,2300,Dimensions: Varied (Small/Compact) | Weight: < 1 kg | Material: Medical Grade
729,"Pioneer Health Systems, Sector V, Salt Lake, Kolkata, West Bengal",Licence no: MFG/MD/2023/00966 Issued on: 09-JUN-2023,"Electric Bone Saw, class type: Class B",A surgical power tool used to cut through bones during joint replacements or amputations.,SurgiSaw-Plus,SurgiSaw-3031A,SLA - Telangana,,"Legal Manufacturing Site : Pioneer Health Systems Unit, West Bengal",A surgical power tool used to cut through bones during joint replacements or amputations.,120000,Dimensions: 15-20 cm length | Weight: ~100-500 g | Material: Stainless Steel/Alloy
730,"Zenith Medical Devices, Tower B, BKC, Bandra East, Mumbai, Maharashtra",Licence no: MFG/MD/2019/00834 Issued on: 16-NOV-2019,"Electric Bone Saw, class type: Class B",A surgical power tool used to cut through bones during joint replacements or amputations.,SurgiSaw-X,SurgiSaw-9221,SLA - Maharashtra,,"Legal Manufacturing Site : Zenith Medical Devices Unit, Maharashtra",A surgical power tool used to cut through bones during joint replacements or amputations.,220000,Dimensions: 15-20 cm length | Weight: ~100-500 g | Material: Stainless Steel/Alloy
731,"Zenith Medical Devices, Tower B, BKC, Bandra East, Mumbai, Maharashtra",Licence no: MFG/MD/2021/00270 Issued on: 26-JAN-2021,"Electric Bone Saw, class type: Class B",A surgical power tool used to cut through bones during joint replacements or amputations.,SurgiSaw-Pro,SurgiSaw-5332B,CLA - CDSCO,,"Legal Manufacturing Site : Zenith Medical Devices Unit, Maharashtra",A surgical power tool used to cut through bones during joint replacements or amputations.,240000,Dimensions: 15-20 cm length | Weight: ~100-500 g | Material: Stainless Steel/Alloy
732,"Global Health Solutions, Plot 45, Industrial Area, Peenya, Bangalore",Licence no: MFG/MD/2023/00842 Issued on: 23-MAY-2023,"Electric Bone Saw, class type: Class B",A surgical power tool used to cut through bones during joint replacements or amputations.,SurgiSaw-Elite,SurgiSaw-3116B,SLA - Maharashtra,,"Legal Manufacturing Site : Global Health Solutions Unit, Bangalore",A surgical power tool used to cut through bones during joint replacements or amputations.,230000,Dimensions: 15-20 cm length | Weight: ~100-500 g | Material: Stainless Steel/Alloy
733,"Spark Peripheral Technologies, Shop 1, Moolchand Market, New Delhi",Licence no: IMP/MD/2021/00337 Issued on: 27-AUG-2021,"Electric Bone Saw, class type: Class B",A surgical power tool used to cut through bones during joint replacements or amputations.,SurgiSaw-Advance,SurgiSaw-9935X,SLA - Delhi,,"Legal Manufacturing Site : Spark Peripheral Technologies Unit, New Delhi",A surgical power tool used to cut through bones during joint replacements or amputations.,200000,Dimensions: 15-20 cm length | Weight: ~100-500 g | Material: Stainless Steel/Alloy
734,"Apex Surgical Imports, 12, GIDC, Makarpura, Vadodara, Gujarat",Licence no: IMP/MD/2023/00612 Issued on: 26-OCT-2023,"Electric Bone Saw, class type: Class B",A surgical power tool used to cut through bones during joint replacements or amputations.,SurgiSaw-Pro,SurgiSaw-6042A,CLA - CDSCO,,"Legal Manufacturing Site : Apex Surgical Imports Unit, Gujarat",A surgical power tool used to cut through bones during joint replacements or amputations.,130000,Dimensions: 15-20 cm length | Weight: ~100-500 g | Material: Stainless Steel/Alloy
735,"Pioneer Health Systems, Sector V, Salt Lake, Kolkata, West Bengal",Licence no: IMP/MD/2020/00146 Issued on: 07-SEP-2020,"Electric Bone Saw, class type: Class B",A surgical power tool used to cut through bones during joint replacements or amputations.,SurgiSaw-Pro,SurgiSaw-7194A,SLA - Tamil Nadu,,"Legal Manufacturing Site : Pioneer Health Systems Unit, West Bengal",A surgical power tool used to cut through bones during joint replacements or amputations.,240000,Dimensions: 15-20 cm length | Weight: ~100-500 g | Material: Stainless Steel/Alloy
736,"Apex Surgical Imports, 12, GIDC, Makarpura, Vadodara, Gujarat",Licence no: MFG/MD/2024/00804 Issued on: 28-AUG-2024,"Electric Bone Saw, class type: Class B",A surgical power tool used to cut through bones during joint replacements or amputations.,SurgiSaw-Pro,SurgiSaw-4850,CLA - CDSCO,,"Legal Manufacturing Site : Apex Surgical Imports Unit, Gujarat",A surgical power tool used to cut through bones during joint replacements or amputations.,220000,Dimensions: 15-20 cm length | Weight: ~100-500 g | Material: Stainless Steel/Alloy
737,"Pioneer Health Systems, Sector V, Salt Lake, Kolkata, West Bengal",Licence no: IMP/MD/2019/00589 Issued on: 20-JUL-2019,"Electric Bone Saw, class type: Class B",A surgical power tool used to cut through bones during joint replacements or amputations.,SurgiSaw-Max,SurgiSaw-6615B,SLA - Delhi,,"Legal Manufacturing Site : Pioneer Health Systems Unit, West Bengal",A surgical power tool used to cut through bones during joint replacements or amputations.,150000,Dimensions: 15-20 cm length | Weight: ~100-500 g | Material: Stainless Steel/Alloy
738,"Quantum Care Co., Jubilee Hills, Hyderabad, Telangana",Licence no: IMP/MD/2023/00386 Issued on: 05-APR-2023,"External Fixator System, class type: Class C",A stabilizing frame placed on the outside of a limb to hold broken bones in proper alignment.,ExoFix-Basic,ExoFix-6989,SLA - Delhi,,"Legal Manufacturing Site : Quantum Care Co. Unit, Telangana",A stabilizing frame placed on the outside of a limb to hold broken bones in proper alignment.,36000,Dimensions: 120 x 80 x 150 cm | Weight: ~80-150 kg | Power: 220V AC
739,"Quantum Care Co., Jubilee Hills, Hyderabad, Telangana",Licence no: MFG/MD/2020/00822 Issued on: 05-MAR-2020,"External Fixator System, class type: Class C",A stabilizing frame placed on the outside of a limb to hold broken bones in proper alignment.,ExoFix-X,ExoFix-8489A,SLA - Gujarat,,"Legal Manufacturing Site : Quantum Care Co. Unit, Telangana",A stabilizing frame placed on the outside of a limb to hold broken bones in proper alignment.,37000,Dimensions: 120 x 80 x 150 cm | Weight: ~80-150 kg | Power: 220V AC
740,"NovaBio Tech, Phase 8, Industrial Area, Mohali, Punjab",Licence no: MFG/MD/2018/00170 Issued on: 06-FEB-2018,"External Fixator System, class type: Class C",A stabilizing frame placed on the outside of a limb to hold broken bones in proper alignment.,ExoFix-Plus,ExoFix-4149X,SLA - Maharashtra,,"Legal Manufacturing Site : NovaBio Tech Unit, Punjab",A stabilizing frame placed on the outside of a limb to hold broken bones in proper alignment.,13000,Dimensions: 120 x 80 x 150 cm | Weight: ~80-150 kg | Power: 220V AC
741,"Astra Medical Supplies, Ring Road, Surat, Gujarat",Licence no: MFG/MD/2020/00994 Issued on: 24-NOV-2020,"External Fixator System, class type: Class C",A stabilizing frame placed on the outside of a limb to hold broken bones in proper alignment.,ExoFix-Elite,ExoFix-4862,SLA - Telangana,,"Legal Manufacturing Site : Astra Medical Supplies Unit, Gujarat",A stabilizing frame placed on the outside of a limb to hold broken bones in proper alignment.,18000,Dimensions: 120 x 80 x 150 cm | Weight: ~80-150 kg | Power: 220V AC
742,"LifeCare Innovations, Tech Park, OMR, Chennai, Tamil Nadu",Licence no: IMP/MD/2022/00934 Issued on: 18-AUG-2022,"External Fixator System, class type: Class C",A stabilizing frame placed on the outside of a limb to hold broken bones in proper alignment.,ExoFix-Advance,ExoFix-6036,SLA - Karnataka,,"Legal Manufacturing Site : LifeCare Innovations Unit, Tamil Nadu",A stabilizing frame placed on the outside of a limb to hold broken bones in proper alignment.,15000,Dimensions: 120 x 80 x 150 cm | Weight: ~80-150 kg | Power: 220V AC
743,"Zenith Medical Devices, Tower B, BKC, Bandra East, Mumbai, Maharashtra",Licence no: IMP/MD/2021/00182 Issued on: 04-SEP-2021,"External Fixator System, class type: Class C",A stabilizing frame placed on the outside of a limb to hold broken bones in proper alignment.,ExoFix-Plus,ExoFix-5926B,SLA - Karnataka,,"Legal Manufacturing Site : Zenith Medical Devices Unit, Maharashtra",A stabilizing frame placed on the outside of a limb to hold broken bones in proper alignment.,15000,Dimensions: 120 x 80 x 150 cm | Weight: ~80-150 kg | Power: 220V AC
744,"Pioneer Health Systems, Sector V, Salt Lake, Kolkata, West Bengal",Licence no: MFG/MD/2023/00305 Issued on: 16-OCT-2023,"External Fixator System, class type: Class C",A stabilizing frame placed on the outside of a limb to hold broken bones in proper alignment.,ExoFix-X,ExoFix-2066X,SLA - Delhi,,"Legal Manufacturing Site : Pioneer Health Systems Unit, West Bengal",A stabilizing frame placed on the outside of a limb to hold broken bones in proper alignment.,38000,Dimensions: 120 x 80 x 150 cm | Weight: ~80-150 kg | Power: 220V AC
745,"Pioneer Health Systems, Sector V, Salt Lake, Kolkata, West Bengal",Licence no: MFG/MD/2022/00312 Issued on: 06-JUL-2022,"External Fixator System, class type: Class C",A stabilizing frame placed on the outside of a limb to hold broken bones in proper alignment.,ExoFix-X,ExoFix-2413X,SLA - Tamil Nadu,,"Legal Manufacturing Site : Pioneer Health Systems Unit, West Bengal",A stabilizing frame placed on the outside of a limb to hold broken bones in proper alignment.,38000,Dimensions: 120 x 80 x 150 cm | Weight: ~80-150 kg | Power: 220V AC
746,"MediCorp India Pvt Ltd, Cyber City, Phase 2, Gurgaon, Haryana",Licence no: MFG/MD/2023/00547 Issued on: 01-FEB-2023,"External Fixator System, class type: Class C",A stabilizing frame placed on the outside of a limb to hold broken bones in proper alignment.,ExoFix-Ultra,ExoFix-4244X,SLA - Karnataka,,"Legal Manufacturing Site : MediCorp India Pvt Ltd Unit, Haryana",A stabilizing frame placed on the outside of a limb to hold broken bones in proper alignment.,17000,Dimensions: 120 x 80 x 150 cm | Weight: ~80-150 kg | Power: 220V AC
747,"MediCorp India Pvt Ltd, Cyber City, Phase 2, Gurgaon, Haryana",Licence no: IMP/MD/2021/00983 Issued on: 22-JAN-2021,"Intramedullary Nail, class type: Class C",A metal rod forced into the medullary cavity of a bone to treat fractures of long bones.,IM-Nail-Plus,IM-Nail-7699B,SLA - Gujarat,,"Legal Manufacturing Site : MediCorp India Pvt Ltd Unit, Haryana",A metal rod forced into the medullary cavity of a bone to treat fractures of long bones.,14000,Dimensions: Varied (Small/Compact) | Weight: < 1 kg | Material: Medical Grade
748,"Zenith Medical Devices, Tower B, BKC, Bandra East, Mumbai, Maharashtra",Licence no: IMP/MD/2019/00916 Issued on: 07-OCT-2019,"Intramedullary Nail, class type: Class C",A metal rod forced into the medullary cavity of a bone to treat fractures of long bones.,IM-Nail-Max,IM-Nail-4816B,SLA - Telangana,,"Legal Manufacturing Site : Zenith Medical Devices Unit, Maharashtra",A metal rod forced into the medullary cavity of a bone to treat fractures of long bones.,19000,Dimensions: Varied (Small/Compact) | Weight: < 1 kg | Material: Medical Grade
749,"Global Health Solutions, Plot 45, Industrial Area, Peenya, Bangalore",Licence no: IMP/MD/2020/00822 Issued on: 12-SEP-2020,"Intramedullary Nail, class type: Class C",A metal rod forced into the medullary cavity of a bone to treat fractures of long bones.,IM-Nail-Plus,IM-Nail-8166X,SLA - Maharashtra,,"Legal Manufacturing Site : Global Health Solutions Unit, Bangalore",A metal rod forced into the medullary cavity of a bone to treat fractures of long bones.,19000,Dimensions: Varied (Small/Compact) | Weight: < 1 kg | Material: Medical Grade
750,"LifeCare Innovations, Tech Park, OMR, Chennai, Tamil Nadu",Licence no: MFG/MD/2022/00177 Issued on: 24-JAN-2022,"Intramedullary Nail, class type: Class C",A metal rod forced into the medullary cavity of a bone to treat fractures of long bones.,IM-Nail-X,IM-Nail-8154B,SLA - Maharashtra,,"Legal Manufacturing Site : LifeCare Innovations Unit, Tamil Nadu",A metal rod forced into the medullary cavity of a bone to treat fractures of long bones.,29000,Dimensions: Varied (Small/Compact) | Weight: < 1 kg | Material: Medical Grade
751,"Quantum Care Co., Jubilee Hills, Hyderabad, Telangana",Licence no: MFG/MD/2024/00549 Issued on: 24-FEB-2024,"Intramedullary Nail, class type: Class C",A metal rod forced into the medullary cavity of a bone to treat fractures of long bones.,IM-Nail-Max,IM-Nail-8337A,SLA - Karnataka,,"Legal Manufacturing Site : Quantum Care Co. Unit, Telangana",A metal rod forced into the medullary cavity of a bone to treat fractures of long bones.,20000,Dimensions: Varied (Small/Compact) | Weight: < 1 kg | Material: Medical Grade
752,"NovaBio Tech, Phase 8, Industrial Area, Mohali, Punjab",Licence no: MFG/MD/2020/00800 Issued on: 09-APR-2020,"Intramedullary Nail, class type: Class C",A metal rod forced into the medullary cavity of a bone to treat fractures of long bones.,IM-Nail-Max,IM-Nail-4887,SLA - Delhi,,"Legal Manufacturing Site : NovaBio Tech Unit, Punjab",A metal rod forced into the medullary cavity of a bone to treat fractures of long bones.,13000,Dimensions: Varied (Small/Compact) | Weight: < 1 kg | Material: Medical Grade
753,"Spark Peripheral Technologies, Shop 1, Moolchand Market, New Delhi",Licence no: MFG/MD/2021/00324 Issued on: 26-APR-2021,"Intramedullary Nail, class type: Class C",A metal rod forced into the medullary cavity of a bone to treat fractures of long bones.,IM-Nail-Advance,IM-Nail-4750B,SLA - Karnataka,,"Legal Manufacturing Site : Spark Peripheral Technologies Unit, New Delhi",A metal rod forced into the medullary cavity of a bone to treat fractures of long bones.,15000,Dimensions: Varied (Small/Compact) | Weight: < 1 kg | Material: Medical Grade
754,"NovaBio Tech, Phase 8, Industrial Area, Mohali, Punjab",Licence no: MFG/MD/2019/00899 Issued on: 10-AUG-2019,"Orthopedic Surgical Drill, class type: Class B","A power tool used to drill holes in bone for the placement of screws, wires, or pins.",BoneDrill-X,BoneDrill-5151,SLA - Karnataka,,"Legal Manufacturing Site : NovaBio Tech Unit, Punjab","A power tool used to drill holes in bone for the placement of screws, wires, or pins.",220000,Dimensions: 15-20 cm length | Weight: ~100-500 g | Material: Stainless Steel/Alloy
755,"LifeCare Innovations, Tech Park, OMR, Chennai, Tamil Nadu",Licence no: IMP/MD/2024/00625 Issued on: 11-FEB-2024,"Orthopedic Surgical Drill, class type: Class B","A power tool used to drill holes in bone for the placement of screws, wires, or pins.",BoneDrill-Ultra,BoneDrill-9081A,SLA - Karnataka,,"Legal Manufacturing Site : LifeCare Innovations Unit, Tamil Nadu","A power tool used to drill holes in bone for the placement of screws, wires, or pins.",150000,Dimensions: 15-20 cm length | Weight: ~100-500 g | Material: Stainless Steel/Alloy
756,"Spark Peripheral Technologies, Shop 1, Moolchand Market, New Delhi",Licence no: MFG/MD/2019/00486 Issued on: 27-AUG-2019,"Orthopedic Surgical Drill, class type: Class B","A power tool used to drill holes in bone for the placement of screws, wires, or pins.",BoneDrill-Advance,BoneDrill-7550A,SLA - Maharashtra,,"Legal Manufacturing Site : Spark Peripheral Technologies Unit, New Delhi","A power tool used to drill holes in bone for the placement of screws, wires, or pins.",220000,Dimensions: 15-20 cm length | Weight: ~100-500 g | Material: Stainless Steel/Alloy
757,"LifeCare Innovations, Tech Park, OMR, Chennai, Tamil Nadu",Licence no: IMP/MD/2018/00415 Issued on: 14-OCT-2018,"Orthopedic Surgical Drill, class type: Class B","A power tool used to drill holes in bone for the placement of screws, wires, or pins.",BoneDrill-Ultra,BoneDrill-2343X,SLA - Tamil Nadu,,"Legal Manufacturing Site : LifeCare Innovations Unit, Tamil Nadu","A power tool used to drill holes in bone for the placement of screws, wires, or pins.",160000,Dimensions: 15-20 cm length | Weight: ~100-500 g | Material: Stainless Steel/Alloy
758,"NovaBio Tech, Phase 8, Industrial Area, Mohali, Punjab",Licence no: MFG/MD/2024/00254 Issued on: 24-JAN-2024,"Orthopedic Surgical Drill, class type: Class B","A power tool used to drill holes in bone for the placement of screws, wires, or pins.",BoneDrill-Pro,BoneDrill-4732,SLA - Delhi,,"Legal Manufacturing Site : NovaBio Tech Unit, Punjab","A power tool used to drill holes in bone for the placement of screws, wires, or pins.",330000,Dimensions: 15-20 cm length | Weight: ~100-500 g | Material: Stainless Steel/Alloy
759,"MediCorp India Pvt Ltd, Cyber City, Phase 2, Gurgaon, Haryana",Licence no: MFG/MD/2022/00279 Issued on: 08-MAR-2022,"Orthopedic Traction Bed, class type: Class B",A specialized hospital bed equipped with pulleys and weights to apply traction to fractured limbs.,TractoBed-Pro,TractoBed-4048,SLA - Maharashtra,,"Legal Manufacturing Site : MediCorp India Pvt Ltd Unit, Haryana",A specialized hospital bed equipped with pulleys and weights to apply traction to fractured limbs.,98000,Dimensions: 120 x 80 x 150 cm | Weight: ~80-150 kg | Power: 220V AC
760,"Apex Surgical Imports, 12, GIDC, Makarpura, Vadodara, Gujarat",Licence no: MFG/MD/2021/00643 Issued on: 22-NOV-2021,"Orthopedic Traction Bed, class type: Class B",A specialized hospital bed equipped with pulleys and weights to apply traction to fractured limbs.,TractoBed-Elite,TractoBed-6028A,SLA - Delhi,,"Legal Manufacturing Site : Apex Surgical Imports Unit, Gujarat",A specialized hospital bed equipped with pulleys and weights to apply traction to fractured limbs.,61000,Dimensions: 120 x 80 x 150 cm | Weight: ~80-150 kg | Power: 220V AC
761,"Apex Surgical Imports, 12, GIDC, Makarpura, Vadodara, Gujarat",Licence no: MFG/MD/2019/00479 Issued on: 24-SEP-2019,"Pneumatic Tourniquet System, class type: Class B","Applies pressure to a limb to temporarily arrest blood flow, creating a bloodless surgical field.",TourniSafe-Ultra,TourniSafe-1144A,SLA - Maharashtra,,"Legal Manufacturing Site : Apex Surgical Imports Unit, Gujarat","Applies pressure to a limb to temporarily arrest blood flow, creating a bloodless surgical field.",180000,Dimensions: 120 x 80 x 150 cm | Weight: ~80-150 kg | Power: 220V AC
762,"Quantum Care Co., Jubilee Hills, Hyderabad, Telangana",Licence no: IMP/MD/2023/00313 Issued on: 04-FEB-2023,"Pneumatic Tourniquet System, class type: Class B","Applies pressure to a limb to temporarily arrest blood flow, creating a bloodless surgical field.",TourniSafe-Advance,TourniSafe-3622A,SLA - Gujarat,,"Legal Manufacturing Site : Quantum Care Co. Unit, Telangana","Applies pressure to a limb to temporarily arrest blood flow, creating a bloodless surgical field.",130000,Dimensions: 120 x 80 x 150 cm | Weight: ~80-150 kg | Power: 220V AC
763,"Spark Peripheral Technologies, Shop 1, Moolchand Market, New Delhi",Licence no: IMP/MD/2018/00484 Issued on: 17-NOV-2018,"Spinal Pedicle Screw System, class type: Class C",Provides stabilization and immobilization of spinal segments as an adjunct to spinal fusion.,SpineLock-Elite,SpineLock-8416B,SLA - Gujarat,,"Legal Manufacturing Site : Spark Peripheral Technologies Unit, New Delhi",Provides stabilization and immobilization of spinal segments as an adjunct to spinal fusion.,22000,Dimensions: 120 x 80 x 150 cm | Weight: ~80-150 kg | Power: 220V AC
764,"Spark Peripheral Technologies, Shop 1, Moolchand Market, New Delhi",Licence no: MFG/MD/2022/00796 Issued on: 22-FEB-2022,"Spinal Pedicle Screw System, class type: Class C",Provides stabilization and immobilization of spinal segments as an adjunct to spinal fusion.,SpineLock-Pro,SpineLock-4106,SLA - Karnataka,,"Legal Manufacturing Site : Spark Peripheral Technologies Unit, New Delhi",Provides stabilization and immobilization of spinal segments as an adjunct to spinal fusion.,11000,Dimensions: 120 x 80 x 150 cm | Weight: ~80-150 kg | Power: 220V AC
765,"Astra Medical Supplies, Ring Road, Surat, Gujarat",Licence no: MFG/MD/2021/00361 Issued on: 28-APR-2021,"Spinal Pedicle Screw System, class type: Class C",Provides stabilization and immobilization of spinal segments as an adjunct to spinal fusion.,SpineLock-Elite,SpineLock-2417X,SLA - Telangana,,"Legal Manufacturing Site : Astra Medical Supplies Unit, Gujarat",Provides stabilization and immobilization of spinal segments as an adjunct to spinal fusion.,8900,Dimensions: 120 x 80 x 150 cm | Weight: ~80-150 kg | Power: 220V AC
766,"NovaBio Tech, Phase 8, Industrial Area, Mohali, Punjab",Licence no: IMP/MD/2018/00164 Issued on: 06-JUL-2018,"Surgical Bone Cement, class type: Class C",An acrylic resin used to secure artificial joints (like hip and knee replacements) to the patient's bone.,CemOrtho-X,CemOrtho-2868,SLA - Tamil Nadu,,"Legal Manufacturing Site : NovaBio Tech Unit, Punjab",An acrylic resin used to secure artificial joints (like hip and knee replacements) to the patient's bone.,3100,Dimensions: Varied (Small/Compact) | Weight: < 1 kg | Material: Medical Grade
767,"Global Health Solutions, Plot 45, Industrial Area, Peenya, Bangalore",Licence no: MFG/MD/2021/00955 Issued on: 13-MAY-2021,"Surgical Bone Cement, class type: Class C",An acrylic resin used to secure artificial joints (like hip and knee replacements) to the patient's bone.,CemOrtho-Ultra,CemOrtho-7893B,CLA - CDSCO,,"Legal Manufacturing Site : Global Health Solutions Unit, Bangalore",An acrylic resin used to secure artificial joints (like hip and knee replacements) to the patient's bone.,7800,Dimensions: Varied (Small/Compact) | Weight: < 1 kg | Material: Medical Grade
768,"Zenith Medical Devices, Tower B, BKC, Bandra East, Mumbai, Maharashtra",Licence no: MFG/MD/2019/00909 Issued on: 04-SEP-2019,"Surgical Bone Cement, class type: Class C",An acrylic resin used to secure artificial joints (like hip and knee replacements) to the patient's bone.,CemOrtho-Elite,CemOrtho-8073,SLA - Karnataka,,"Legal Manufacturing Site : Zenith Medical Devices Unit, Maharashtra",An acrylic resin used to secure artificial joints (like hip and knee replacements) to the patient's bone.,3800,Dimensions: Varied (Small/Compact) | Weight: < 1 kg | Material: Medical Grade
769,"Global Health Solutions, Plot 45, Industrial Area, Peenya, Bangalore",Licence no: IMP/MD/2018/00651 Issued on: 06-NOV-2018,"Surgical Bone Cement, class type: Class C",An acrylic resin used to secure artificial joints (like hip and knee replacements) to the patient's bone.,CemOrtho-Elite,CemOrtho-1674,SLA - Gujarat,,"Legal Manufacturing Site : Global Health Solutions Unit, Bangalore",An acrylic resin used to secure artificial joints (like hip and knee replacements) to the patient's bone.,3100,Dimensions: Varied (Small/Compact) | Weight: < 1 kg | Material: Medical Grade
770,"NovaBio Tech, Phase 8, Industrial Area, Mohali, Punjab",Licence no: MFG/MD/2020/00401 Issued on: 11-JUN-2020,"Surgical Bone Cement, class type: Class C",An acrylic resin used to secure artificial joints (like hip and knee replacements) to the patient's bone.,CemOrtho-Advance,CemOrtho-4040,SLA - Tamil Nadu,,"Legal Manufacturing Site : NovaBio Tech Unit, Punjab",An acrylic resin used to secure artificial joints (like hip and knee replacements) to the patient's bone.,7600,Dimensions: Varied (Small/Compact) | Weight: < 1 kg | Material: Medical Grade
771,"Global Health Solutions, Plot 45, Industrial Area, Peenya, Bangalore",Licence no: IMP/MD/2019/00630 Issued on: 25-JAN-2019,"Surgical Bone Cement, class type: Class C",An acrylic resin used to secure artificial joints (like hip and knee replacements) to the patient's bone.,CemOrtho-X,CemOrtho-9764A,SLA - Delhi,,"Legal Manufacturing Site : Global Health Solutions Unit, Bangalore",An acrylic resin used to secure artificial joints (like hip and knee replacements) to the patient's bone.,5700,Dimensions: Varied (Small/Compact) | Weight: < 1 kg | Material: Medical Grade
772,"Apex Surgical Imports, 12, GIDC, Makarpura, Vadodara, Gujarat",Licence no: IMP/MD/2024/00207 Issued on: 19-MAY-2024,"Surgical Bone Cement, class type: Class C",An acrylic resin used to secure artificial joints (like hip and knee replacements) to the patient's bone.,CemOrtho-Elite,CemOrtho-3523,SLA - Delhi,,"Legal Manufacturing Site : Apex Surgical Imports Unit, Gujarat",An acrylic resin used to secure artificial joints (like hip and knee replacements) to the patient's bone.,9300,Dimensions: Varied (Small/Compact) | Weight: < 1 kg | Material: Medical Grade
773,"Apex Surgical Imports, 12, GIDC, Makarpura, Vadodara, Gujarat",Licence no: MFG/MD/2024/00599 Issued on: 25-OCT-2024,"Titanium Bone Plate, class type: Class C",Implanted to hold broken pieces of bone together during the healing process.,TitaFix-Plus,TitaFix-3414A,SLA - Tamil Nadu,,"Legal Manufacturing Site : Apex Surgical Imports Unit, Gujarat",Implanted to hold broken pieces of bone together during the healing process.,7400,Dimensions: Varied (Small/Compact) | Weight: < 1 kg | Material: Medical Grade
774,"MediCorp India Pvt Ltd, Cyber City, Phase 2, Gurgaon, Haryana",Licence no: MFG/MD/2018/00903 Issued on: 08-JUL-2018,"Titanium Bone Plate, class type: Class C",Implanted to hold broken pieces of bone together during the healing process.,TitaFix-Max,TitaFix-7007B,SLA - Karnataka,,"Legal Manufacturing Site : MediCorp India Pvt Ltd Unit, Haryana",Implanted to hold broken pieces of bone together during the healing process.,8800,Dimensions: Varied (Small/Compact) | Weight: < 1 kg | Material: Medical Grade
775,"Global Health Solutions, Plot 45, Industrial Area, Peenya, Bangalore",Licence no: IMP/MD/2019/00189 Issued on: 24-MAR-2019,"Titanium Bone Plate, class type: Class C",Implanted to hold broken pieces of bone together during the healing process.,TitaFix-X,TitaFix-8884,SLA - Karnataka,,"Legal Manufacturing Site : Global Health Solutions Unit, Bangalore",Implanted to hold broken pieces of bone together during the healing process.,4600,Dimensions: Varied (Small/Compact) | Weight: < 1 kg | Material: Medical Grade
776,"NovaBio Tech, Phase 8, Industrial Area, Mohali, Punjab",Licence no: IMP/MD/2018/00736 Issued on: 06-FEB-2018,"Titanium Bone Plate, class type: Class C",Implanted to hold broken pieces of bone together during the healing process.,TitaFix-Plus,TitaFix-9223A,SLA - Telangana,,"Legal Manufacturing Site : NovaBio Tech Unit, Punjab",Implanted to hold broken pieces of bone together during the healing process.,14000,Dimensions: Varied (Small/Compact) | Weight: < 1 kg | Material: Medical Grade
777,"Global Health Solutions, Plot 45, Industrial Area, Peenya, Bangalore",Licence no: MFG/MD/2018/00365 Issued on: 20-MAY-2018,"Total Hip Replacement Prosthesis, class type: Class C",An artificial ball and socket joint implanted to restore hip function and relieve pain.,HipGlide-Plus,HipGlide-3704X,SLA - Maharashtra,,"Legal Manufacturing Site : Global Health Solutions Unit, Bangalore",An artificial ball and socket joint implanted to restore hip function and relieve pain.,150000,Dimensions: Varied (Small/Compact) | Weight: < 1 kg | Material: Medical Grade
778,"Spark Peripheral Technologies, Shop 1, Moolchand Market, New Delhi",Licence no: IMP/MD/2024/00957 Issued on: 12-OCT-2024,"Total Hip Replacement Prosthesis, class type: Class C",An artificial ball and socket joint implanted to restore hip function and relieve pain.,HipGlide-Pro,HipGlide-3867A,SLA - Maharashtra,,"Legal Manufacturing Site : Spark Peripheral Technologies Unit, New Delhi",An artificial ball and socket joint implanted to restore hip function and relieve pain.,200000,Dimensions: Varied (Small/Compact) | Weight: < 1 kg | Material: Medical Grade
779,"Astra Medical Supplies, Ring Road, Surat, Gujarat",Licence no: MFG/MD/2020/00950 Issued on: 15-SEP-2020,"Total Hip Replacement Prosthesis, class type: Class C",An artificial ball and socket joint implanted to restore hip function and relieve pain.,HipGlide-Advance,HipGlide-6695X,SLA - Gujarat,,"Legal Manufacturing Site : Astra Medical Supplies Unit, Gujarat",An artificial ball and socket joint implanted to restore hip function and relieve pain.,190000,Dimensions: Varied (Small/Compact) | Weight: < 1 kg | Material: Medical Grade
780,"Quantum Care Co., Jubilee Hills, Hyderabad, Telangana",Licence no: IMP/MD/2024/00560 Issued on: 03-FEB-2024,"Total Hip Replacement Prosthesis, class type: Class C",An artificial ball and socket joint implanted to restore hip function and relieve pain.,HipGlide-X,HipGlide-4040,SLA - Telangana,,"Legal Manufacturing Site : Quantum Care Co. Unit, Telangana",An artificial ball and socket joint implanted to restore hip function and relieve pain.,170000,Dimensions: Varied (Small/Compact) | Weight: < 1 kg | Material: Medical Grade
781,"Pioneer Health Systems, Sector V, Salt Lake, Kolkata, West Bengal",Licence no: IMP/MD/2022/00880 Issued on: 21-MAY-2022,"Total Hip Replacement Prosthesis, class type: Class C",An artificial ball and socket joint implanted to restore hip function and relieve pain.,HipGlide-Plus,HipGlide-6134,SLA - Tamil Nadu,,"Legal Manufacturing Site : Pioneer Health Systems Unit, West Bengal",An artificial ball and socket joint implanted to restore hip function and relieve pain.,210000,Dimensions: Varied (Small/Compact) | Weight: < 1 kg | Material: Medical Grade
782,"Astra Medical Supplies, Ring Road, Surat, Gujarat",Licence no: IMP/MD/2018/00519 Issued on: 08-MAR-2018,"Total Hip Replacement Prosthesis, class type: Class C",An artificial ball and socket joint implanted to restore hip function and relieve pain.,HipGlide-Plus,HipGlide-7164,SLA - Telangana,,"Legal Manufacturing Site : Astra Medical Supplies Unit, Gujarat",An artificial ball and socket joint implanted to restore hip function and relieve pain.,210000,Dimensions: Varied (Small/Compact) | Weight: < 1 kg | Material: Medical Grade
783,"Global Health Solutions, Plot 45, Industrial Area, Peenya, Bangalore",Licence no: MFG/MD/2020/00602 Issued on: 10-JUL-2020,"Total Hip Replacement Prosthesis, class type: Class C",An artificial ball and socket joint implanted to restore hip function and relieve pain.,HipGlide-Ultra,HipGlide-3552A,CLA - CDSCO,,"Legal Manufacturing Site : Global Health Solutions Unit, Bangalore",An artificial ball and socket joint implanted to restore hip function and relieve pain.,71000,Dimensions: Varied (Small/Compact) | Weight: < 1 kg | Material: Medical Grade
784,"Apex Surgical Imports, 12, GIDC, Makarpura, Vadodara, Gujarat",Licence no: IMP/MD/2024/00783 Issued on: 01-AUG-2024,"Total Hip Replacement Prosthesis, class type: Class C",An artificial ball and socket joint implanted to restore hip function and relieve pain.,HipGlide-Pro,HipGlide-3166,SLA - Telangana,,"Legal Manufacturing Site : Apex Surgical Imports Unit, Gujarat",An artificial ball and socket joint implanted to restore hip function and relieve pain.,100000,Dimensions: Varied (Small/Compact) | Weight: < 1 kg | Material: Medical Grade
785,"Global Health Solutions, Plot 45, Industrial Area, Peenya, Bangalore",Licence no: MFG/MD/2018/00897 Issued on: 03-SEP-2018,"Total Hip Replacement Prosthesis, class type: Class C",An artificial ball and socket joint implanted to restore hip function and relieve pain.,HipGlide-Advance,HipGlide-3671B,CLA - CDSCO,,"Legal Manufacturing Site : Global Health Solutions Unit, Bangalore",An artificial ball and socket joint implanted to restore hip function and relieve pain.,170000,Dimensions: Varied (Small/Compact) | Weight: < 1 kg | Material: Medical Grade
786,"Zenith Medical Devices, Tower B, BKC, Bandra East, Mumbai, Maharashtra",Licence no: IMP/MD/2020/00236 Issued on: 12-JUN-2020,"Total Hip Replacement Prosthesis, class type: Class C",An artificial ball and socket joint implanted to restore hip function and relieve pain.,HipGlide-Max,HipGlide-1215A,SLA - Telangana,,"Legal Manufacturing Site : Zenith Medical Devices Unit, Maharashtra",An artificial ball and socket joint implanted to restore hip function and relieve pain.,210000,Dimensions: Varied (Small/Compact) | Weight: < 1 kg | Material: Medical Grade
787,"MediCorp India Pvt Ltd, Cyber City, Phase 2, Gurgaon, Haryana",Licence no: MFG/MD/2022/00539 Issued on: 28-JUL-2022,"Total Hip Replacement Prosthesis, class type: Class C",An artificial ball and socket joint implanted to restore hip function and relieve pain.,HipGlide-Max,HipGlide-1341B,CLA - CDSCO,,"Legal Manufacturing Site : MediCorp India Pvt Ltd Unit, Haryana",An artificial ball and socket joint implanted to restore hip function and relieve pain.,82000,Dimensions: Varied (Small/Compact) | Weight: < 1 kg | Material: Medical Grade
788,"NovaBio Tech, Phase 8, Industrial Area, Mohali, Punjab",Licence no: IMP/MD/2020/00713 Issued on: 17-MAR-2020,"Total Hip Replacement Prosthesis, class type: Class C",An artificial ball and socket joint implanted to restore hip function and relieve pain.,HipGlide-Advance,HipGlide-5370B,SLA - Gujarat,,"Legal Manufacturing Site : NovaBio Tech Unit, Punjab",An artificial ball and socket joint implanted to restore hip function and relieve pain.,150000,Dimensions: Varied (Small/Compact) | Weight: < 1 kg | Material: Medical Grade
789,"NovaBio Tech, Phase 8, Industrial Area, Mohali, Punjab",Licence no: IMP/MD/2019/00542 Issued on: 15-JAN-2019,"Total Knee Replacement Prosthesis, class type: Class C","An artificial joint implanted to replace a damaged, worn, or diseased knee joint.",KneeFlex-Basic,KneeFlex-4842,SLA - Delhi,,"Legal Manufacturing Site : NovaBio Tech Unit, Punjab","An artificial joint implanted to replace a damaged, worn, or diseased knee joint.",120000,Dimensions: Varied (Small/Compact) | Weight: < 1 kg | Material: Medical Grade
790,"Pioneer Health Systems, Sector V, Salt Lake, Kolkata, West Bengal",Licence no: MFG/MD/2018/00893 Issued on: 14-JUL-2018,"Total Knee Replacement Prosthesis, class type: Class C","An artificial joint implanted to replace a damaged, worn, or diseased knee joint.",KneeFlex-X,KneeFlex-1212A,SLA - Telangana,,"Legal Manufacturing Site : Pioneer Health Systems Unit, West Bengal","An artificial joint implanted to replace a damaged, worn, or diseased knee joint.",150000,Dimensions: Varied (Small/Compact) | Weight: < 1 kg | Material: Medical Grade
791,"LifeCare Innovations, Tech Park, OMR, Chennai, Tamil Nadu",Licence no: IMP/MD/2018/00429 Issued on: 20-MAY-2018,"Total Knee Replacement Prosthesis, class type: Class C","An artificial joint implanted to replace a damaged, worn, or diseased knee joint.",KneeFlex-Elite,KneeFlex-6345,SLA - Telangana,,"Legal Manufacturing Site : LifeCare Innovations Unit, Tamil Nadu","An artificial joint implanted to replace a damaged, worn, or diseased knee joint.",76000,Dimensions: Varied (Small/Compact) | Weight: < 1 kg | Material: Medical Grade
792,"Spark Peripheral Technologies, Shop 1, Moolchand Market, New Delhi",Licence no: MFG/MD/2022/00377 Issued on: 28-MAR-2022,"Total Knee Replacement Prosthesis, class type: Class C","An artificial joint implanted to replace a damaged, worn, or diseased knee joint.",KneeFlex-Plus,KneeFlex-6647X,SLA - Tamil Nadu,,"Legal Manufacturing Site : Spark Peripheral Technologies Unit, New Delhi","An artificial joint implanted to replace a damaged, worn, or diseased knee joint.",130000,Dimensions: Varied (Small/Compact) | Weight: < 1 kg | Material: Medical Grade
793,"LifeCare Innovations, Tech Park, OMR, Chennai, Tamil Nadu",Licence no: IMP/MD/2020/00183 Issued on: 07-JUN-2020,"Total Knee Replacement Prosthesis, class type: Class C","An artificial joint implanted to replace a damaged, worn, or diseased knee joint.",KneeFlex-X,KneeFlex-7867B,SLA - Gujarat,,"Legal Manufacturing Site : LifeCare Innovations Unit, Tamil Nadu","An artificial joint implanted to replace a damaged, worn, or diseased knee joint.",140000,Dimensions: Varied (Small/Compact) | Weight: < 1 kg | Material: Medical Grade
794,"MediCorp India Pvt Ltd, Cyber City, Phase 2, Gurgaon, Haryana",Licence no: MFG/MD/2023/00636 Issued on: 20-JUN-2023,"Total Knee Replacement Prosthesis, class type: Class C","An artificial joint implanted to replace a damaged, worn, or diseased knee joint.",KneeFlex-Elite,KneeFlex-9624B,SLA - Gujarat,,"Legal Manufacturing Site : MediCorp India Pvt Ltd Unit, Haryana","An artificial joint implanted to replace a damaged, worn, or diseased knee joint.",110000,Dimensions: Varied (Small/Compact) | Weight: < 1 kg | Material: Medical Grade
795,"Pioneer Health Systems, Sector V, Salt Lake, Kolkata, West Bengal",Licence no: MFG/MD/2019/00594 Issued on: 03-NOV-2019,"Total Knee Replacement Prosthesis, class type: Class C","An artificial joint implanted to replace a damaged, worn, or diseased knee joint.",KneeFlex-Ultra,KneeFlex-6092B,SLA - Tamil Nadu,,"Legal Manufacturing Site : Pioneer Health Systems Unit, West Bengal","An artificial joint implanted to replace a damaged, worn, or diseased knee joint.",150000,Dimensions: Varied (Small/Compact) | Weight: < 1 kg | Material: Medical Grade
796,"Global Health Solutions, Plot 45, Industrial Area, Peenya, Bangalore",Licence no: IMP/MD/2018/00398 Issued on: 10-OCT-2018,"Total Knee Replacement Prosthesis, class type: Class C","An artificial joint implanted to replace a damaged, worn, or diseased knee joint.",KneeFlex-Ultra,KneeFlex-6070B,SLA - Maharashtra,,"Legal Manufacturing Site : Global Health Solutions Unit, Bangalore","An artificial joint implanted to replace a damaged, worn, or diseased knee joint.",190000,Dimensions: Varied (Small/Compact) | Weight: < 1 kg | Material: Medical Grade
797,"MediCorp India Pvt Ltd, Cyber City, Phase 2, Gurgaon, Haryana",Licence no: MFG/MD/2024/00441 Issued on: 09-NOV-2024,"Total Knee Replacement Prosthesis, class type: Class C","An artificial joint implanted to replace a damaged, worn, or diseased knee joint.",KneeFlex-Elite,KneeFlex-6955X,SLA - Tamil Nadu,,"Legal Manufacturing Site : MediCorp India Pvt Ltd Unit, Haryana","An artificial joint implanted to replace a damaged, worn, or diseased knee joint.",91000,Dimensions: Varied (Small/Compact) | Weight: < 1 kg | Material: Medical Grade
798,"Astra Medical Supplies, Ring Road, Surat, Gujarat",Licence no: IMP/MD/2021/00554 Issued on: 21-FEB-2021,"Total Knee Replacement Prosthesis, class type: Class C","An artificial joint implanted to replace a damaged, worn, or diseased knee joint.",KneeFlex-Ultra,KneeFlex-4142A,SLA - Tamil Nadu,,"Legal Manufacturing Site : Astra Medical Supplies Unit, Gujarat","An artificial joint implanted to replace a damaged, worn, or diseased knee joint.",98000,Dimensions: Varied (Small/Compact) | Weight: < 1 kg | Material: Medical Grade
799,"MediCorp India Pvt Ltd, Cyber City, Phase 2, Gurgaon, Haryana",Licence no: MFG/MD/2020/00431 Issued on: 11-JAN-2020,"Total Knee Replacement Prosthesis, class type: Class C","An artificial joint implanted to replace a damaged, worn, or diseased knee joint.",KneeFlex-Elite,KneeFlex-9873,SLA - Karnataka,,"Legal Manufacturing Site : MediCorp India Pvt Ltd Unit, Haryana","An artificial joint implanted to replace a damaged, worn, or diseased knee joint.",150000,Dimensions: Varied (Small/Compact) | Weight: < 1 kg | Material: Medical Grade
800,"Quantum Care Co., Jubilee Hills, Hyderabad, Telangana",Licence no: MFG/MD/2019/00696 Issued on: 20-OCT-2019,"Total Knee Replacement Prosthesis, class type: Class C","An artificial joint implanted to replace a damaged, worn, or diseased knee joint.",KneeFlex-Max,KneeFlex-8525A,SLA - Tamil Nadu,,"Legal Manufacturing Site : Quantum Care Co. Unit, Telangana","An artificial joint implanted to replace a damaged, worn, or diseased knee joint.",92000,Dimensions: Varied (Small/Compact) | Weight: < 1 kg | Material: Medical Grade
801,"MediCorp India Pvt Ltd, Cyber City, Phase 2, Gurgaon, Haryana",Licence no: MFG/MD/2022/00305 Issued on: 25-SEP-2022,"Auto Refractometer, class type: Class B",A computer-controlled machine used during an eye examination to provide an objective measurement of a person's refractive error.,RefractoPro-Pro,RefractoPro-8268A,SLA - Maharashtra,,"Legal Manufacturing Site : MediCorp India Pvt Ltd Unit, Haryana",A computer-controlled machine used during an eye examination to provide an objective measurement of a person's refractive error.,400000,Dimensions: Standard | Weight: Varies | Refer to manual for specs
802,"LifeCare Innovations, Tech Park, OMR, Chennai, Tamil Nadu",Licence no: IMP/MD/2019/00962 Issued on: 19-NOV-2019,"Auto Refractometer, class type: Class B",A computer-controlled machine used during an eye examination to provide an objective measurement of a person's refractive error.,RefractoPro-Plus,RefractoPro-9662B,SLA - Gujarat,,"Legal Manufacturing Site : LifeCare Innovations Unit, Tamil Nadu",A computer-controlled machine used during an eye examination to provide an objective measurement of a person's refractive error.,360000,Dimensions: Standard | Weight: Varies | Refer to manual for specs
803,"Apex Surgical Imports, 12, GIDC, Makarpura, Vadodara, Gujarat",Licence no: MFG/MD/2023/00573 Issued on: 04-OCT-2023,"Auto Refractometer, class type: Class B",A computer-controlled machine used during an eye examination to provide an objective measurement of a person's refractive error.,RefractoPro-Plus,RefractoPro-7163,SLA - Maharashtra,,"Legal Manufacturing Site : Apex Surgical Imports Unit, Gujarat",A computer-controlled machine used during an eye examination to provide an objective measurement of a person's refractive error.,310000,Dimensions: Standard | Weight: Varies | Refer to manual for specs
804,"Apex Surgical Imports, 12, GIDC, Makarpura, Vadodara, Gujarat",Licence no: IMP/MD/2023/00862 Issued on: 18-OCT-2023,"Auto Refractometer, class type: Class B",A computer-controlled machine used during an eye examination to provide an objective measurement of a person's refractive error.,RefractoPro-Basic,RefractoPro-1569B,SLA - Karnataka,,"Legal Manufacturing Site : Apex Surgical Imports Unit, Gujarat",A computer-controlled machine used during an eye examination to provide an objective measurement of a person's refractive error.,270000,Dimensions: Standard | Weight: Varies | Refer to manual for specs
805,"LifeCare Innovations, Tech Park, OMR, Chennai, Tamil Nadu",Licence no: IMP/MD/2019/00269 Issued on: 07-AUG-2019,"Auto Refractometer, class type: Class B",A computer-controlled machine used during an eye examination to provide an objective measurement of a person's refractive error.,RefractoPro-Advance,RefractoPro-9619B,SLA - Telangana,,"Legal Manufacturing Site : LifeCare Innovations Unit, Tamil Nadu",A computer-controlled machine used during an eye examination to provide an objective measurement of a person's refractive error.,390000,Dimensions: Standard | Weight: Varies | Refer to manual for specs
806,"Zenith Medical Devices, Tower B, BKC, Bandra East, Mumbai, Maharashtra",Licence no: IMP/MD/2023/00806 Issued on: 21-MAR-2023,"Auto Refractometer, class type: Class B",A computer-controlled machine used during an eye examination to provide an objective measurement of a person's refractive error.,RefractoPro-Pro,RefractoPro-3133A,SLA - Delhi,,"Legal Manufacturing Site : Zenith Medical Devices Unit, Maharashtra",A computer-controlled machine used during an eye examination to provide an objective measurement of a person's refractive error.,470000,Dimensions: Standard | Weight: Varies | Refer to manual for specs
807,"Astra Medical Supplies, Ring Road, Surat, Gujarat",Licence no: MFG/MD/2020/00454 Issued on: 07-DEC-2020,"Auto Refractometer, class type: Class B",A computer-controlled machine used during an eye examination to provide an objective measurement of a person's refractive error.,RefractoPro-Advance,RefractoPro-5845X,SLA - Gujarat,,"Legal Manufacturing Site : Astra Medical Supplies Unit, Gujarat",A computer-controlled machine used during an eye examination to provide an objective measurement of a person's refractive error.,360000,Dimensions: Standard | Weight: Varies | Refer to manual for specs
808,"LifeCare Innovations, Tech Park, OMR, Chennai, Tamil Nadu",Licence no: MFG/MD/2020/00598 Issued on: 03-FEB-2020,"Corneal Topographer, class type: Class B",A non-invasive medical imaging technique for mapping the surface curvature of the cornea.,TopoMap-Pro,TopoMap-4781,SLA - Maharashtra,,"Legal Manufacturing Site : LifeCare Innovations Unit, Tamil Nadu",A non-invasive medical imaging technique for mapping the surface curvature of the cornea.,1010000,Dimensions: Standard | Weight: Varies | Refer to manual for specs
809,"Quantum Care Co., Jubilee Hills, Hyderabad, Telangana",Licence no: MFG/MD/2019/00354 Issued on: 06-JUL-2019,"Corneal Topographer, class type: Class B",A non-invasive medical imaging technique for mapping the surface curvature of the cornea.,TopoMap-Max,TopoMap-2682B,SLA - Maharashtra,,"Legal Manufacturing Site : Quantum Care Co. Unit, Telangana",A non-invasive medical imaging technique for mapping the surface curvature of the cornea.,1250000,Dimensions: Standard | Weight: Varies | Refer to manual for specs
810,"Apex Surgical Imports, 12, GIDC, Makarpura, Vadodara, Gujarat",Licence no: MFG/MD/2020/00896 Issued on: 25-JAN-2020,"Corneal Topographer, class type: Class B",A non-invasive medical imaging technique for mapping the surface curvature of the cornea.,TopoMap-Ultra,TopoMap-8920,SLA - Tamil Nadu,,"Legal Manufacturing Site : Apex Surgical Imports Unit, Gujarat",A non-invasive medical imaging technique for mapping the surface curvature of the cornea.,650000,Dimensions: Standard | Weight: Varies | Refer to manual for specs
811,"Global Health Solutions, Plot 45, Industrial Area, Peenya, Bangalore",Licence no: MFG/MD/2021/00603 Issued on: 25-AUG-2021,"Corneal Topographer, class type: Class B",A non-invasive medical imaging technique for mapping the surface curvature of the cornea.,TopoMap-Pro,TopoMap-4996,CLA - CDSCO,,"Legal Manufacturing Site : Global Health Solutions Unit, Bangalore",A non-invasive medical imaging technique for mapping the surface curvature of the cornea.,460000,Dimensions: Standard | Weight: Varies | Refer to manual for specs
812,"Pioneer Health Systems, Sector V, Salt Lake, Kolkata, West Bengal",Licence no: IMP/MD/2020/00263 Issued on: 05-OCT-2020,"Corneal Topographer, class type: Class B",A non-invasive medical imaging technique for mapping the surface curvature of the cornea.,TopoMap-Advance,TopoMap-1116X,SLA - Telangana,,"Legal Manufacturing Site : Pioneer Health Systems Unit, West Bengal",A non-invasive medical imaging technique for mapping the surface curvature of the cornea.,510000,Dimensions: Standard | Weight: Varies | Refer to manual for specs
813,"Global Health Solutions, Plot 45, Industrial Area, Peenya, Bangalore",Licence no: MFG/MD/2022/00621 Issued on: 11-JUL-2022,"Corneal Topographer, class type: Class B",A non-invasive medical imaging technique for mapping the surface curvature of the cornea.,TopoMap-Basic,TopoMap-8963A,SLA - Gujarat,,"Legal Manufacturing Site : Global Health Solutions Unit, Bangalore",A non-invasive medical imaging technique for mapping the surface curvature of the cornea.,880000,Dimensions: Standard | Weight: Varies | Refer to manual for specs
814,"Pioneer Health Systems, Sector V, Salt Lake, Kolkata, West Bengal",Licence no: MFG/MD/2022/00714 Issued on: 22-DEC-2022,"Corneal Topographer, class type: Class B",A non-invasive medical imaging technique for mapping the surface curvature of the cornea.,TopoMap-Ultra,TopoMap-5390,SLA - Gujarat,,"Legal Manufacturing Site : Pioneer Health Systems Unit, West Bengal",A non-invasive medical imaging technique for mapping the surface curvature of the cornea.,580000,Dimensions: Standard | Weight: Varies | Refer to manual for specs
815,"Global Health Solutions, Plot 45, Industrial Area, Peenya, Bangalore",Licence no: IMP/MD/2018/00137 Issued on: 18-JAN-2018,"Corneal Topographer, class type: Class B",A non-invasive medical imaging technique for mapping the surface curvature of the cornea.,TopoMap-Plus,TopoMap-2281,SLA - Delhi,,"Legal Manufacturing Site : Global Health Solutions Unit, Bangalore",A non-invasive medical imaging technique for mapping the surface curvature of the cornea.,1460000,Dimensions: Standard | Weight: Varies | Refer to manual for specs
816,"MediCorp India Pvt Ltd, Cyber City, Phase 2, Gurgaon, Haryana",Licence no: IMP/MD/2020/00301 Issued on: 26-JUL-2020,"Fundus Camera, class type: Class C","Used to capture photographs of the interior surface of the eye, including the retina, optic disc, and macula.",RetinaCam-Elite,RetinaCam-1048A,SLA - Telangana,,"Legal Manufacturing Site : MediCorp India Pvt Ltd Unit, Haryana","Used to capture photographs of the interior surface of the eye, including the retina, optic disc, and macula.",1330000,Dimensions: 30 x 20 x 15 cm | Weight: ~2-10 kg | Power: 110V/220V AC or Battery
817,"Spark Peripheral Technologies, Shop 1, Moolchand Market, New Delhi",Licence no: IMP/MD/2023/00962 Issued on: 05-MAY-2023,"Fundus Camera, class type: Class C","Used to capture photographs of the interior surface of the eye, including the retina, optic disc, and macula.",RetinaCam-X,RetinaCam-9879X,SLA - Maharashtra,,"Legal Manufacturing Site : Spark Peripheral Technologies Unit, New Delhi","Used to capture photographs of the interior surface of the eye, including the retina, optic disc, and macula.",530000,Dimensions: 30 x 20 x 15 cm | Weight: ~2-10 kg | Power: 110V/220V AC or Battery
818,"Spark Peripheral Technologies, Shop 1, Moolchand Market, New Delhi",Licence no: IMP/MD/2021/00244 Issued on: 19-JAN-2021,"Fundus Camera, class type: Class C","Used to capture photographs of the interior surface of the eye, including the retina, optic disc, and macula.",RetinaCam-Basic,RetinaCam-5639A,SLA - Telangana,,"Legal Manufacturing Site : Spark Peripheral Technologies Unit, New Delhi","Used to capture photographs of the interior surface of the eye, including the retina, optic disc, and macula.",1910000,Dimensions: 30 x 20 x 15 cm | Weight: ~2-10 kg | Power: 110V/220V AC or Battery
819,"MediCorp India Pvt Ltd, Cyber City, Phase 2, Gurgaon, Haryana",Licence no: MFG/MD/2018/00167 Issued on: 21-AUG-2018,"Fundus Camera, class type: Class C","Used to capture photographs of the interior surface of the eye, including the retina, optic disc, and macula.",RetinaCam-Pro,RetinaCam-9540B,CLA - CDSCO,,"Legal Manufacturing Site : MediCorp India Pvt Ltd Unit, Haryana","Used to capture photographs of the interior surface of the eye, including the retina, optic disc, and macula.",1880000,Dimensions: 30 x 20 x 15 cm | Weight: ~2-10 kg | Power: 110V/220V AC or Battery
820,"Apex Surgical Imports, 12, GIDC, Makarpura, Vadodara, Gujarat",Licence no: MFG/MD/2019/00230 Issued on: 14-SEP-2019,"Fundus Camera, class type: Class C","Used to capture photographs of the interior surface of the eye, including the retina, optic disc, and macula.",RetinaCam-Ultra,RetinaCam-7917A,SLA - Telangana,,"Legal Manufacturing Site : Apex Surgical Imports Unit, Gujarat","Used to capture photographs of the interior surface of the eye, including the retina, optic disc, and macula.",2480000,Dimensions: 30 x 20 x 15 cm | Weight: ~2-10 kg | Power: 110V/220V AC or Battery
821,"MediCorp India Pvt Ltd, Cyber City, Phase 2, Gurgaon, Haryana",Licence no: MFG/MD/2023/00948 Issued on: 09-SEP-2023,"Fundus Camera, class type: Class C","Used to capture photographs of the interior surface of the eye, including the retina, optic disc, and macula.",RetinaCam-X,RetinaCam-2524A,SLA - Telangana,,"Legal Manufacturing Site : MediCorp India Pvt Ltd Unit, Haryana","Used to capture photographs of the interior surface of the eye, including the retina, optic disc, and macula.",540000,Dimensions: 30 x 20 x 15 cm | Weight: ~2-10 kg | Power: 110V/220V AC or Battery
822,"Zenith Medical Devices, Tower B, BKC, Bandra East, Mumbai, Maharashtra",Licence no: IMP/MD/2018/00827 Issued on: 11-OCT-2018,"Fundus Camera, class type: Class C","Used to capture photographs of the interior surface of the eye, including the retina, optic disc, and macula.",RetinaCam-Basic,RetinaCam-7404A,SLA - Tamil Nadu,,"Legal Manufacturing Site : Zenith Medical Devices Unit, Maharashtra","Used to capture photographs of the interior surface of the eye, including the retina, optic disc, and macula.",1910000,Dimensions: 30 x 20 x 15 cm | Weight: ~2-10 kg | Power: 110V/220V AC or Battery
823,"Spark Peripheral Technologies, Shop 1, Moolchand Market, New Delhi",Licence no: IMP/MD/2024/00191 Issued on: 16-NOV-2024,"Indirect Ophthalmoscope, class type: Class A","Worn on the examiner's head, it provides a stereoscopic, wide-angle view of the retina.",BinocuEye-Elite,BinocuEye-2072A,CLA - CDSCO,,"Legal Manufacturing Site : Spark Peripheral Technologies Unit, New Delhi","Worn on the examiner's head, it provides a stereoscopic, wide-angle view of the retina.",70000,Dimensions: Standard | Weight: Varies | Refer to manual for specs
824,"Global Health Solutions, Plot 45, Industrial Area, Peenya, Bangalore",Licence no: IMP/MD/2022/00378 Issued on: 03-MAY-2022,"Indirect Ophthalmoscope, class type: Class A","Worn on the examiner's head, it provides a stereoscopic, wide-angle view of the retina.",BinocuEye-Elite,BinocuEye-4995,SLA - Maharashtra,,"Legal Manufacturing Site : Global Health Solutions Unit, Bangalore","Worn on the examiner's head, it provides a stereoscopic, wide-angle view of the retina.",57000,Dimensions: Standard | Weight: Varies | Refer to manual for specs
825,"NovaBio Tech, Phase 8, Industrial Area, Mohali, Punjab",Licence no: MFG/MD/2019/00519 Issued on: 11-FEB-2019,"Indirect Ophthalmoscope, class type: Class A","Worn on the examiner's head, it provides a stereoscopic, wide-angle view of the retina.",BinocuEye-Max,BinocuEye-8827B,SLA - Maharashtra,,"Legal Manufacturing Site : NovaBio Tech Unit, Punjab","Worn on the examiner's head, it provides a stereoscopic, wide-angle view of the retina.",43000,Dimensions: Standard | Weight: Varies | Refer to manual for specs
826,"Zenith Medical Devices, Tower B, BKC, Bandra East, Mumbai, Maharashtra",Licence no: IMP/MD/2024/00176 Issued on: 13-NOV-2024,"Indirect Ophthalmoscope, class type: Class A","Worn on the examiner's head, it provides a stereoscopic, wide-angle view of the retina.",BinocuEye-Pro,BinocuEye-4434B,SLA - Gujarat,,"Legal Manufacturing Site : Zenith Medical Devices Unit, Maharashtra","Worn on the examiner's head, it provides a stereoscopic, wide-angle view of the retina.",53000,Dimensions: Standard | Weight: Varies | Refer to manual for specs
827,"Pioneer Health Systems, Sector V, Salt Lake, Kolkata, West Bengal",Licence no: IMP/MD/2024/00755 Issued on: 21-JUN-2024,"Indirect Ophthalmoscope, class type: Class A","Worn on the examiner's head, it provides a stereoscopic, wide-angle view of the retina.",BinocuEye-Advance,BinocuEye-2200A,SLA - Tamil Nadu,,"Legal Manufacturing Site : Pioneer Health Systems Unit, West Bengal","Worn on the examiner's head, it provides a stereoscopic, wide-angle view of the retina.",48000,Dimensions: Standard | Weight: Varies | Refer to manual for specs
828,"NovaBio Tech, Phase 8, Industrial Area, Mohali, Punjab",Licence no: IMP/MD/2018/00200 Issued on: 02-SEP-2018,"Indirect Ophthalmoscope, class type: Class A","Worn on the examiner's head, it provides a stereoscopic, wide-angle view of the retina.",BinocuEye-Plus,BinocuEye-4032B,SLA - Gujarat,,"Legal Manufacturing Site : NovaBio Tech Unit, Punjab","Worn on the examiner's head, it provides a stereoscopic, wide-angle view of the retina.",68000,Dimensions: Standard | Weight: Varies | Refer to manual for specs
829,"Global Health Solutions, Plot 45, Industrial Area, Peenya, Bangalore",Licence no: MFG/MD/2024/00766 Issued on: 08-JUL-2024,"Indirect Ophthalmoscope, class type: Class A","Worn on the examiner's head, it provides a stereoscopic, wide-angle view of the retina.",BinocuEye-Max,BinocuEye-5627A,SLA - Karnataka,,"Legal Manufacturing Site : Global Health Solutions Unit, Bangalore","Worn on the examiner's head, it provides a stereoscopic, wide-angle view of the retina.",27000,Dimensions: Standard | Weight: Varies | Refer to manual for specs
830,"Pioneer Health Systems, Sector V, Salt Lake, Kolkata, West Bengal",Licence no: IMP/MD/2021/00408 Issued on: 18-APR-2021,"Indirect Ophthalmoscope, class type: Class A","Worn on the examiner's head, it provides a stereoscopic, wide-angle view of the retina.",BinocuEye-Plus,BinocuEye-4420X,SLA - Delhi,,"Legal Manufacturing Site : Pioneer Health Systems Unit, West Bengal","Worn on the examiner's head, it provides a stereoscopic, wide-angle view of the retina.",72000,Dimensions: Standard | Weight: Varies | Refer to manual for specs
831,"MediCorp India Pvt Ltd, Cyber City, Phase 2, Gurgaon, Haryana",Licence no: IMP/MD/2018/00834 Issued on: 15-DEC-2018,"Intraocular Lens (IOL), class type: Class C","A tiny, artificial lens for the eye, replacing the eye's natural lens that is removed during cataract surgery.",LensImplant-Pro,LensImplant-5613A,SLA - Karnataka,,"Legal Manufacturing Site : MediCorp India Pvt Ltd Unit, Haryana","A tiny, artificial lens for the eye, replacing the eye's natural lens that is removed during cataract surgery.",25000,Dimensions: Varied (Small/Compact) | Weight: < 1 kg | Material: Medical Grade
832,"LifeCare Innovations, Tech Park, OMR, Chennai, Tamil Nadu",Licence no: IMP/MD/2024/00519 Issued on: 26-MAR-2024,"Intraocular Lens (IOL), class type: Class C","A tiny, artificial lens for the eye, replacing the eye's natural lens that is removed during cataract surgery.",LensImplant-Ultra,LensImplant-3483B,SLA - Telangana,,"Legal Manufacturing Site : LifeCare Innovations Unit, Tamil Nadu","A tiny, artificial lens for the eye, replacing the eye's natural lens that is removed during cataract surgery.",17000,Dimensions: Varied (Small/Compact) | Weight: < 1 kg | Material: Medical Grade
833,"Quantum Care Co., Jubilee Hills, Hyderabad, Telangana",Licence no: IMP/MD/2019/00335 Issued on: 25-JAN-2019,"Intraocular Lens (IOL), class type: Class C","A tiny, artificial lens for the eye, replacing the eye's natural lens that is removed during cataract surgery.",LensImplant-Pro,LensImplant-5580X,SLA - Gujarat,,"Legal Manufacturing Site : Quantum Care Co. Unit, Telangana","A tiny, artificial lens for the eye, replacing the eye's natural lens that is removed during cataract surgery.",13000,Dimensions: Varied (Small/Compact) | Weight: < 1 kg | Material: Medical Grade
834,"LifeCare Innovations, Tech Park, OMR, Chennai, Tamil Nadu",Licence no: IMP/MD/2022/00639 Issued on: 28-APR-2022,"Intraocular Lens (IOL), class type: Class C","A tiny, artificial lens for the eye, replacing the eye's natural lens that is removed during cataract surgery.",LensImplant-Elite,LensImplant-4472,SLA - Gujarat,,"Legal Manufacturing Site : LifeCare Innovations Unit, Tamil Nadu","A tiny, artificial lens for the eye, replacing the eye's natural lens that is removed during cataract surgery.",16000,Dimensions: Varied (Small/Compact) | Weight: < 1 kg | Material: Medical Grade
835,"Astra Medical Supplies, Ring Road, Surat, Gujarat",Licence no: MFG/MD/2022/00105 Issued on: 10-MAY-2022,"Intraocular Lens (IOL), class type: Class C","A tiny, artificial lens for the eye, replacing the eye's natural lens that is removed during cataract surgery.",LensImplant-Elite,LensImplant-7257B,SLA - Tamil Nadu,,"Legal Manufacturing Site : Astra Medical Supplies Unit, Gujarat","A tiny, artificial lens for the eye, replacing the eye's natural lens that is removed during cataract surgery.",7200,Dimensions: Varied (Small/Compact) | Weight: < 1 kg | Material: Medical Grade
836,"LifeCare Innovations, Tech Park, OMR, Chennai, Tamil Nadu",Licence no: IMP/MD/2020/00974 Issued on: 06-JUL-2020,"Intraocular Lens (IOL), class type: Class C","A tiny, artificial lens for the eye, replacing the eye's natural lens that is removed during cataract surgery.",LensImplant-Basic,LensImplant-1903B,SLA - Telangana,,"Legal Manufacturing Site : LifeCare Innovations Unit, Tamil Nadu","A tiny, artificial lens for the eye, replacing the eye's natural lens that is removed during cataract surgery.",19000,Dimensions: Varied (Small/Compact) | Weight: < 1 kg | Material: Medical Grade
837,"Astra Medical Supplies, Ring Road, Surat, Gujarat",Licence no: IMP/MD/2022/00337 Issued on: 14-NOV-2022,"Intraocular Lens (IOL), class type: Class C","A tiny, artificial lens for the eye, replacing the eye's natural lens that is removed during cataract surgery.",LensImplant-Max,LensImplant-9007,SLA - Karnataka,,"Legal Manufacturing Site : Astra Medical Supplies Unit, Gujarat","A tiny, artificial lens for the eye, replacing the eye's natural lens that is removed during cataract surgery.",15000,Dimensions: Varied (Small/Compact) | Weight: < 1 kg | Material: Medical Grade
838,"Pioneer Health Systems, Sector V, Salt Lake, Kolkata, West Bengal",Licence no: MFG/MD/2019/00321 Issued on: 25-AUG-2019,"Intraocular Lens (IOL), class type: Class C","A tiny, artificial lens for the eye, replacing the eye's natural lens that is removed during cataract surgery.",LensImplant-X,LensImplant-8041B,SLA - Telangana,,"Legal Manufacturing Site : Pioneer Health Systems Unit, West Bengal","A tiny, artificial lens for the eye, replacing the eye's natural lens that is removed during cataract surgery.",2400,Dimensions: Varied (Small/Compact) | Weight: < 1 kg | Material: Medical Grade
839,"Pioneer Health Systems, Sector V, Salt Lake, Kolkata, West Bengal",Licence no: IMP/MD/2021/00333 Issued on: 06-MAY-2021,"Intraocular Lens (IOL), class type: Class C","A tiny, artificial lens for the eye, replacing the eye's natural lens that is removed during cataract surgery.",LensImplant-Ultra,LensImplant-2050X,SLA - Tamil Nadu,,"Legal Manufacturing Site : Pioneer Health Systems Unit, West Bengal","A tiny, artificial lens for the eye, replacing the eye's natural lens that is removed during cataract surgery.",5100,Dimensions: Varied (Small/Compact) | Weight: < 1 kg | Material: Medical Grade
840,"Pioneer Health Systems, Sector V, Salt Lake, Kolkata, West Bengal",Licence no: IMP/MD/2023/00432 Issued on: 14-MAY-2023,"Intraocular Lens (IOL), class type: Class C","A tiny, artificial lens for the eye, replacing the eye's natural lens that is removed during cataract surgery.",LensImplant-Advance,LensImplant-9043X,SLA - Delhi,,"Legal Manufacturing Site : Pioneer Health Systems Unit, West Bengal","A tiny, artificial lens for the eye, replacing the eye's natural lens that is removed during cataract surgery.",15000,Dimensions: Varied (Small/Compact) | Weight: < 1 kg | Material: Medical Grade
841,"Pioneer Health Systems, Sector V, Salt Lake, Kolkata, West Bengal",Licence no: IMP/MD/2018/00275 Issued on: 26-NOV-2018,"Nd:YAG Laser System, class type: Class C",Used in ophthalmology to perform capsulotomies and peripheral iridotomies.,YAG-Laser-Plus,YAG-Laser-2569,SLA - Telangana,,"Legal Manufacturing Site : Pioneer Health Systems Unit, West Bengal",Used in ophthalmology to perform capsulotomies and peripheral iridotomies.,1860000,Dimensions: 120 x 80 x 150 cm | Weight: ~80-150 kg | Power: 220V AC
842,"Global Health Solutions, Plot 45, Industrial Area, Peenya, Bangalore",Licence no: IMP/MD/2019/00794 Issued on: 13-OCT-2019,"Nd:YAG Laser System, class type: Class C",Used in ophthalmology to perform capsulotomies and peripheral iridotomies.,YAG-Laser-Pro,YAG-Laser-8542B,SLA - Telangana,,"Legal Manufacturing Site : Global Health Solutions Unit, Bangalore",Used in ophthalmology to perform capsulotomies and peripheral iridotomies.,2300000,Dimensions: 120 x 80 x 150 cm | Weight: ~80-150 kg | Power: 220V AC
843,"MediCorp India Pvt Ltd, Cyber City, Phase 2, Gurgaon, Haryana",Licence no: IMP/MD/2019/00224 Issued on: 04-DEC-2019,"Nd:YAG Laser System, class type: Class C",Used in ophthalmology to perform capsulotomies and peripheral iridotomies.,YAG-Laser-Advance,YAG-Laser-1737B,CLA - CDSCO,,"Legal Manufacturing Site : MediCorp India Pvt Ltd Unit, Haryana",Used in ophthalmology to perform capsulotomies and peripheral iridotomies.,2030000,Dimensions: 120 x 80 x 150 cm | Weight: ~80-150 kg | Power: 220V AC
844,"Spark Peripheral Technologies, Shop 1, Moolchand Market, New Delhi",Licence no: MFG/MD/2018/00160 Issued on: 11-MAY-2018,"Nd:YAG Laser System, class type: Class C",Used in ophthalmology to perform capsulotomies and peripheral iridotomies.,YAG-Laser-Pro,YAG-Laser-8579,SLA - Karnataka,,"Legal Manufacturing Site : Spark Peripheral Technologies Unit, New Delhi",Used in ophthalmology to perform capsulotomies and peripheral iridotomies.,2190000,Dimensions: 120 x 80 x 150 cm | Weight: ~80-150 kg | Power: 220V AC
845,"NovaBio Tech, Phase 8, Industrial Area, Mohali, Punjab",Licence no: IMP/MD/2024/00174 Issued on: 25-OCT-2024,"Nd:YAG Laser System, class type: Class C",Used in ophthalmology to perform capsulotomies and peripheral iridotomies.,YAG-Laser-Ultra,YAG-Laser-2215X,SLA - Gujarat,,"Legal Manufacturing Site : NovaBio Tech Unit, Punjab",Used in ophthalmology to perform capsulotomies and peripheral iridotomies.,2400000,Dimensions: 120 x 80 x 150 cm | Weight: ~80-150 kg | Power: 220V AC
846,"Pioneer Health Systems, Sector V, Salt Lake, Kolkata, West Bengal",Licence no: IMP/MD/2021/00326 Issued on: 02-MAY-2021,"Nd:YAG Laser System, class type: Class C",Used in ophthalmology to perform capsulotomies and peripheral iridotomies.,YAG-Laser-Basic,YAG-Laser-1624A,SLA - Delhi,,"Legal Manufacturing Site : Pioneer Health Systems Unit, West Bengal",Used in ophthalmology to perform capsulotomies and peripheral iridotomies.,1550000,Dimensions: 120 x 80 x 150 cm | Weight: ~80-150 kg | Power: 220V AC
847,"NovaBio Tech, Phase 8, Industrial Area, Mohali, Punjab",Licence no: MFG/MD/2020/00834 Issued on: 03-MAR-2020,"Nd:YAG Laser System, class type: Class C",Used in ophthalmology to perform capsulotomies and peripheral iridotomies.,YAG-Laser-Advance,YAG-Laser-3208A,SLA - Gujarat,,"Legal Manufacturing Site : NovaBio Tech Unit, Punjab",Used in ophthalmology to perform capsulotomies and peripheral iridotomies.,980000,Dimensions: 120 x 80 x 150 cm | Weight: ~80-150 kg | Power: 220V AC
848,"Quantum Care Co., Jubilee Hills, Hyderabad, Telangana",Licence no: IMP/MD/2020/00272 Issued on: 25-NOV-2020,"Non-Contact Tonometer, class type: Class B",Measures intraocular pressure by using a rapid air puff to flatten part of the cornea.,TonoPuff-Pro,TonoPuff-4283X,SLA - Maharashtra,,"Legal Manufacturing Site : Quantum Care Co. Unit, Telangana",Measures intraocular pressure by using a rapid air puff to flatten part of the cornea.,190000,Dimensions: Standard | Weight: Varies | Refer to manual for specs
849,"Spark Peripheral Technologies, Shop 1, Moolchand Market, New Delhi",Licence no: IMP/MD/2021/00435 Issued on: 02-JUL-2021,"Non-Contact Tonometer, class type: Class B",Measures intraocular pressure by using a rapid air puff to flatten part of the cornea.,TonoPuff-Basic,TonoPuff-8420B,SLA - Gujarat,,"Legal Manufacturing Site : Spark Peripheral Technologies Unit, New Delhi",Measures intraocular pressure by using a rapid air puff to flatten part of the cornea.,200000,Dimensions: Standard | Weight: Varies | Refer to manual for specs
850,"Zenith Medical Devices, Tower B, BKC, Bandra East, Mumbai, Maharashtra",Licence no: IMP/MD/2024/00462 Issued on: 05-MAY-2024,"Non-Contact Tonometer, class type: Class B",Measures intraocular pressure by using a rapid air puff to flatten part of the cornea.,TonoPuff-Advance,TonoPuff-3616,SLA - Maharashtra,,"Legal Manufacturing Site : Zenith Medical Devices Unit, Maharashtra",Measures intraocular pressure by using a rapid air puff to flatten part of the cornea.,330000,Dimensions: Standard | Weight: Varies | Refer to manual for specs
851,"Quantum Care Co., Jubilee Hills, Hyderabad, Telangana",Licence no: IMP/MD/2019/00974 Issued on: 10-JAN-2019,"Ophthalmic A/B Scan Ultrasound, class type: Class B","Used to visualize the interior of the eye and measure its dimensions, particularly before cataract surgery.",EchoEye-Basic,EchoEye-7764B,SLA - Tamil Nadu,,"Legal Manufacturing Site : Quantum Care Co. Unit, Telangana","Used to visualize the interior of the eye and measure its dimensions, particularly before cataract surgery.",670000,Dimensions: Standard | Weight: Varies | Refer to manual for specs
852,"Astra Medical Supplies, Ring Road, Surat, Gujarat",Licence no: IMP/MD/2024/00220 Issued on: 09-AUG-2024,"Ophthalmic A/B Scan Ultrasound, class type: Class B","Used to visualize the interior of the eye and measure its dimensions, particularly before cataract surgery.",EchoEye-Advance,EchoEye-1706X,SLA - Maharashtra,,"Legal Manufacturing Site : Astra Medical Supplies Unit, Gujarat","Used to visualize the interior of the eye and measure its dimensions, particularly before cataract surgery.",560000,Dimensions: Standard | Weight: Varies | Refer to manual for specs
853,"Zenith Medical Devices, Tower B, BKC, Bandra East, Mumbai, Maharashtra",Licence no: IMP/MD/2022/00263 Issued on: 02-SEP-2022,"Ophthalmic A/B Scan Ultrasound, class type: Class B","Used to visualize the interior of the eye and measure its dimensions, particularly before cataract surgery.",EchoEye-Ultra,EchoEye-2630B,CLA - CDSCO,,"Legal Manufacturing Site : Zenith Medical Devices Unit, Maharashtra","Used to visualize the interior of the eye and measure its dimensions, particularly before cataract surgery.",410000,Dimensions: Standard | Weight: Varies | Refer to manual for specs
854,"Astra Medical Supplies, Ring Road, Surat, Gujarat",Licence no: MFG/MD/2023/00708 Issued on: 13-NOV-2023,"Ophthalmic A/B Scan Ultrasound, class type: Class B","Used to visualize the interior of the eye and measure its dimensions, particularly before cataract surgery.",EchoEye-Elite,EchoEye-5633X,SLA - Karnataka,,"Legal Manufacturing Site : Astra Medical Supplies Unit, Gujarat","Used to visualize the interior of the eye and measure its dimensions, particularly before cataract surgery.",590000,Dimensions: Standard | Weight: Varies | Refer to manual for specs
855,"Zenith Medical Devices, Tower B, BKC, Bandra East, Mumbai, Maharashtra",Licence no: MFG/MD/2020/00732 Issued on: 06-SEP-2020,"Ophthalmic A/B Scan Ultrasound, class type: Class B","Used to visualize the interior of the eye and measure its dimensions, particularly before cataract surgery.",EchoEye-X,EchoEye-7752A,CLA - CDSCO,,"Legal Manufacturing Site : Zenith Medical Devices Unit, Maharashtra","Used to visualize the interior of the eye and measure its dimensions, particularly before cataract surgery.",620000,Dimensions: Standard | Weight: Varies | Refer to manual for specs
856,"Astra Medical Supplies, Ring Road, Surat, Gujarat",Licence no: MFG/MD/2024/00522 Issued on: 20-MAY-2024,"Ophthalmic Operating Microscope, class type: Class C",Provides high magnification and stereoscopic vision during delicate eye surgeries.,SurgiScope-Pro,SurgiScope-1354,SLA - Telangana,,"Legal Manufacturing Site : Astra Medical Supplies Unit, Gujarat",Provides high magnification and stereoscopic vision during delicate eye surgeries.,1560000,Dimensions: 30 x 20 x 15 cm | Weight: ~2-10 kg | Power: 110V/220V AC or Battery
857,"Spark Peripheral Technologies, Shop 1, Moolchand Market, New Delhi",Licence no: MFG/MD/2018/00219 Issued on: 28-FEB-2018,"Ophthalmic Operating Microscope, class type: Class C",Provides high magnification and stereoscopic vision during delicate eye surgeries.,SurgiScope-Max,SurgiScope-3337B,SLA - Tamil Nadu,,"Legal Manufacturing Site : Spark Peripheral Technologies Unit, New Delhi",Provides high magnification and stereoscopic vision during delicate eye surgeries.,2450000,Dimensions: 30 x 20 x 15 cm | Weight: ~2-10 kg | Power: 110V/220V AC or Battery
858,"NovaBio Tech, Phase 8, Industrial Area, Mohali, Punjab",Licence no: MFG/MD/2023/00230 Issued on: 07-DEC-2023,"Ophthalmic Operating Microscope, class type: Class C",Provides high magnification and stereoscopic vision during delicate eye surgeries.,SurgiScope-Elite,SurgiScope-9942X,SLA - Delhi,,"Legal Manufacturing Site : NovaBio Tech Unit, Punjab",Provides high magnification and stereoscopic vision during delicate eye surgeries.,4600000,Dimensions: 30 x 20 x 15 cm | Weight: ~2-10 kg | Power: 110V/220V AC or Battery
859,"Pioneer Health Systems, Sector V, Salt Lake, Kolkata, West Bengal",Licence no: MFG/MD/2019/00399 Issued on: 21-APR-2019,"Ophthalmic Operating Microscope, class type: Class C",Provides high magnification and stereoscopic vision during delicate eye surgeries.,SurgiScope-X,SurgiScope-5650X,SLA - Tamil Nadu,,"Legal Manufacturing Site : Pioneer Health Systems Unit, West Bengal",Provides high magnification and stereoscopic vision during delicate eye surgeries.,1970000,Dimensions: 30 x 20 x 15 cm | Weight: ~2-10 kg | Power: 110V/220V AC or Battery
860,"Zenith Medical Devices, Tower B, BKC, Bandra East, Mumbai, Maharashtra",Licence no: MFG/MD/2024/00216 Issued on: 02-MAR-2024,"Ophthalmic Operating Microscope, class type: Class C",Provides high magnification and stereoscopic vision during delicate eye surgeries.,SurgiScope-Advance,SurgiScope-3096X,CLA - CDSCO,,"Legal Manufacturing Site : Zenith Medical Devices Unit, Maharashtra",Provides high magnification and stereoscopic vision during delicate eye surgeries.,1680000,Dimensions: 30 x 20 x 15 cm | Weight: ~2-10 kg | Power: 110V/220V AC or Battery
861,"Astra Medical Supplies, Ring Road, Surat, Gujarat",Licence no: IMP/MD/2018/00113 Issued on: 23-OCT-2018,"Ophthalmic Operating Microscope, class type: Class C",Provides high magnification and stereoscopic vision during delicate eye surgeries.,SurgiScope-Advance,SurgiScope-7686A,SLA - Karnataka,,"Legal Manufacturing Site : Astra Medical Supplies Unit, Gujarat",Provides high magnification and stereoscopic vision during delicate eye surgeries.,3840000,Dimensions: 30 x 20 x 15 cm | Weight: ~2-10 kg | Power: 110V/220V AC or Battery
862,"Quantum Care Co., Jubilee Hills, Hyderabad, Telangana",Licence no: MFG/MD/2020/00931 Issued on: 27-DEC-2020,"Optical Coherence Tomography (OCT), class type: Class C",Uses light waves to take cross-section pictures of the retina.,OCT-Scan-Plus,OCT-Scan-1164B,SLA - Delhi,,"Legal Manufacturing Site : Quantum Care Co. Unit, Telangana",Uses light waves to take cross-section pictures of the retina.,5330000,Dimensions: Standard | Weight: Varies | Refer to manual for specs
863,"Quantum Care Co., Jubilee Hills, Hyderabad, Telangana",Licence no: MFG/MD/2022/00542 Issued on: 24-OCT-2022,"Optical Coherence Tomography (OCT), class type: Class C",Uses light waves to take cross-section pictures of the retina.,OCT-Scan-Basic,OCT-Scan-4466A,SLA - Gujarat,,"Legal Manufacturing Site : Quantum Care Co. Unit, Telangana",Uses light waves to take cross-section pictures of the retina.,3340000,Dimensions: Standard | Weight: Varies | Refer to manual for specs
864,"MediCorp India Pvt Ltd, Cyber City, Phase 2, Gurgaon, Haryana",Licence no: MFG/MD/2024/00876 Issued on: 28-APR-2024,"Optical Coherence Tomography (OCT), class type: Class C",Uses light waves to take cross-section pictures of the retina.,OCT-Scan-Advance,OCT-Scan-6627X,SLA - Maharashtra,,"Legal Manufacturing Site : MediCorp India Pvt Ltd Unit, Haryana",Uses light waves to take cross-section pictures of the retina.,5080000,Dimensions: Standard | Weight: Varies | Refer to manual for specs
865,"Spark Peripheral Technologies, Shop 1, Moolchand Market, New Delhi",Licence no: MFG/MD/2021/00837 Issued on: 27-JAN-2021,"Optical Coherence Tomography (OCT), class type: Class C",Uses light waves to take cross-section pictures of the retina.,OCT-Scan-Basic,OCT-Scan-3315A,SLA - Maharashtra,,"Legal Manufacturing Site : Spark Peripheral Technologies Unit, New Delhi",Uses light waves to take cross-section pictures of the retina.,5710000,Dimensions: Standard | Weight: Varies | Refer to manual for specs
866,"LifeCare Innovations, Tech Park, OMR, Chennai, Tamil Nadu",Licence no: MFG/MD/2023/00613 Issued on: 09-APR-2023,"Optical Coherence Tomography (OCT), class type: Class C",Uses light waves to take cross-section pictures of the retina.,OCT-Scan-Advance,OCT-Scan-6520,SLA - Karnataka,,"Legal Manufacturing Site : LifeCare Innovations Unit, Tamil Nadu",Uses light waves to take cross-section pictures of the retina.,2710000,Dimensions: Standard | Weight: Varies | Refer to manual for specs
867,"LifeCare Innovations, Tech Park, OMR, Chennai, Tamil Nadu",Licence no: IMP/MD/2020/00388 Issued on: 18-JAN-2020,"Optical Coherence Tomography (OCT), class type: Class C",Uses light waves to take cross-section pictures of the retina.,OCT-Scan-Ultra,OCT-Scan-9767B,SLA - Maharashtra,,"Legal Manufacturing Site : LifeCare Innovations Unit, Tamil Nadu",Uses light waves to take cross-section pictures of the retina.,4550000,Dimensions: Standard | Weight: Varies | Refer to manual for specs
868,"Astra Medical Supplies, Ring Road, Surat, Gujarat",Licence no: IMP/MD/2023/00475 Issued on: 12-MAR-2023,"Optical Coherence Tomography (OCT), class type: Class C",Uses light waves to take cross-section pictures of the retina.,OCT-Scan-Elite,OCT-Scan-1257X,SLA - Gujarat,,"Legal Manufacturing Site : Astra Medical Supplies Unit, Gujarat",Uses light waves to take cross-section pictures of the retina.,4170000,Dimensions: Standard | Weight: Varies | Refer to manual for specs
869,"Global Health Solutions, Plot 45, Industrial Area, Peenya, Bangalore",Licence no: IMP/MD/2018/00483 Issued on: 15-DEC-2018,"Optical Coherence Tomography (OCT), class type: Class C",Uses light waves to take cross-section pictures of the retina.,OCT-Scan-Plus,OCT-Scan-7553,SLA - Karnataka,,"Legal Manufacturing Site : Global Health Solutions Unit, Bangalore",Uses light waves to take cross-section pictures of the retina.,2630000,Dimensions: Standard | Weight: Varies | Refer to manual for specs
870,"Global Health Solutions, Plot 45, Industrial Area, Peenya, Bangalore",Licence no: MFG/MD/2019/00377 Issued on: 03-OCT-2019,"Phacoemulsification Machine, class type: Class C",Uses ultrasonic waves to break up and remove a cloudy lens (cataract) from the eye.,PhacoVision-Ultra,PhacoVision-2156,CLA - CDSCO,,"Legal Manufacturing Site : Global Health Solutions Unit, Bangalore",Uses ultrasonic waves to break up and remove a cloudy lens (cataract) from the eye.,1150000,Dimensions: 120 x 80 x 150 cm | Weight: ~80-150 kg | Power: 220V AC
871,"LifeCare Innovations, Tech Park, OMR, Chennai, Tamil Nadu",Licence no: MFG/MD/2019/00879 Issued on: 17-AUG-2019,"Phacoemulsification Machine, class type: Class C",Uses ultrasonic waves to break up and remove a cloudy lens (cataract) from the eye.,PhacoVision-Max,PhacoVision-9808B,SLA - Delhi,,"Legal Manufacturing Site : LifeCare Innovations Unit, Tamil Nadu",Uses ultrasonic waves to break up and remove a cloudy lens (cataract) from the eye.,1800000,Dimensions: 120 x 80 x 150 cm | Weight: ~80-150 kg | Power: 220V AC
872,"Apex Surgical Imports, 12, GIDC, Makarpura, Vadodara, Gujarat",Licence no: MFG/MD/2022/00505 Issued on: 22-JUN-2022,"Phacoemulsification Machine, class type: Class C",Uses ultrasonic waves to break up and remove a cloudy lens (cataract) from the eye.,PhacoVision-Ultra,PhacoVision-2225X,SLA - Karnataka,,"Legal Manufacturing Site : Apex Surgical Imports Unit, Gujarat",Uses ultrasonic waves to break up and remove a cloudy lens (cataract) from the eye.,3230000,Dimensions: 120 x 80 x 150 cm | Weight: ~80-150 kg | Power: 220V AC
873,"Quantum Care Co., Jubilee Hills, Hyderabad, Telangana",Licence no: MFG/MD/2024/00987 Issued on: 28-MAR-2024,"Phacoemulsification Machine, class type: Class C",Uses ultrasonic waves to break up and remove a cloudy lens (cataract) from the eye.,PhacoVision-Pro,PhacoVision-1140B,SLA - Telangana,,"Legal Manufacturing Site : Quantum Care Co. Unit, Telangana",Uses ultrasonic waves to break up and remove a cloudy lens (cataract) from the eye.,1440000,Dimensions: 120 x 80 x 150 cm | Weight: ~80-150 kg | Power: 220V AC
874,"Zenith Medical Devices, Tower B, BKC, Bandra East, Mumbai, Maharashtra",Licence no: IMP/MD/2024/00412 Issued on: 26-AUG-2024,"Phacoemulsification Machine, class type: Class C",Uses ultrasonic waves to break up and remove a cloudy lens (cataract) from the eye.,PhacoVision-Ultra,PhacoVision-9682A,SLA - Delhi,,"Legal Manufacturing Site : Zenith Medical Devices Unit, Maharashtra",Uses ultrasonic waves to break up and remove a cloudy lens (cataract) from the eye.,1780000,Dimensions: 120 x 80 x 150 cm | Weight: ~80-150 kg | Power: 220V AC
875,"Spark Peripheral Technologies, Shop 1, Moolchand Market, New Delhi",Licence no: MFG/MD/2023/00677 Issued on: 05-JUN-2023,"Phacoemulsification Machine, class type: Class C",Uses ultrasonic waves to break up and remove a cloudy lens (cataract) from the eye.,PhacoVision-Elite,PhacoVision-7125A,SLA - Delhi,,"Legal Manufacturing Site : Spark Peripheral Technologies Unit, New Delhi",Uses ultrasonic waves to break up and remove a cloudy lens (cataract) from the eye.,1630000,Dimensions: 120 x 80 x 150 cm | Weight: ~80-150 kg | Power: 220V AC
876,"Global Health Solutions, Plot 45, Industrial Area, Peenya, Bangalore",Licence no: IMP/MD/2023/00913 Issued on: 25-JUN-2023,"Phoropter, class type: Class A",Used to determine a patient's exact lens prescription by switching multiple lenses in front of the eyes.,VisionDial-Basic,VisionDial-2979,SLA - Maharashtra,,"Legal Manufacturing Site : Global Health Solutions Unit, Bangalore",Used to determine a patient's exact lens prescription by switching multiple lenses in front of the eyes.,200000,Dimensions: Standard | Weight: Varies | Refer to manual for specs
877,"Spark Peripheral Technologies, Shop 1, Moolchand Market, New Delhi",Licence no: MFG/MD/2022/00510 Issued on: 28-JUL-2022,"Phoropter, class type: Class A",Used to determine a patient's exact lens prescription by switching multiple lenses in front of the eyes.,VisionDial-Advance,VisionDial-8892A,SLA - Maharashtra,,"Legal Manufacturing Site : Spark Peripheral Technologies Unit, New Delhi",Used to determine a patient's exact lens prescription by switching multiple lenses in front of the eyes.,340000,Dimensions: Standard | Weight: Varies | Refer to manual for specs
878,"Apex Surgical Imports, 12, GIDC, Makarpura, Vadodara, Gujarat",Licence no: IMP/MD/2022/00373 Issued on: 23-JUL-2022,"Phoropter, class type: Class A",Used to determine a patient's exact lens prescription by switching multiple lenses in front of the eyes.,VisionDial-Max,VisionDial-4047A,SLA - Maharashtra,,"Legal Manufacturing Site : Apex Surgical Imports Unit, Gujarat",Used to determine a patient's exact lens prescription by switching multiple lenses in front of the eyes.,180000,Dimensions: Standard | Weight: Varies | Refer to manual for specs
879,"Pioneer Health Systems, Sector V, Salt Lake, Kolkata, West Bengal",Licence no: MFG/MD/2022/00396 Issued on: 12-JUL-2022,"Phoropter, class type: Class A",Used to determine a patient's exact lens prescription by switching multiple lenses in front of the eyes.,VisionDial-Elite,VisionDial-1903B,SLA - Tamil Nadu,,"Legal Manufacturing Site : Pioneer Health Systems Unit, West Bengal",Used to determine a patient's exact lens prescription by switching multiple lenses in front of the eyes.,170000,Dimensions: Standard | Weight: Varies | Refer to manual for specs
880,"MediCorp India Pvt Ltd, Cyber City, Phase 2, Gurgaon, Haryana",Licence no: MFG/MD/2024/00902 Issued on: 05-JAN-2024,"Phoropter, class type: Class A",Used to determine a patient's exact lens prescription by switching multiple lenses in front of the eyes.,VisionDial-Elite,VisionDial-2853X,SLA - Gujarat,,"Legal Manufacturing Site : MediCorp India Pvt Ltd Unit, Haryana",Used to determine a patient's exact lens prescription by switching multiple lenses in front of the eyes.,330000,Dimensions: Standard | Weight: Varies | Refer to manual for specs
881,"Pioneer Health Systems, Sector V, Salt Lake, Kolkata, West Bengal",Licence no: IMP/MD/2018/00624 Issued on: 23-JUN-2018,"Phoropter, class type: Class A",Used to determine a patient's exact lens prescription by switching multiple lenses in front of the eyes.,VisionDial-Basic,VisionDial-9613A,CLA - CDSCO,,"Legal Manufacturing Site : Pioneer Health Systems Unit, West Bengal",Used to determine a patient's exact lens prescription by switching multiple lenses in front of the eyes.,300000,Dimensions: Standard | Weight: Varies | Refer to manual for specs
882,"Zenith Medical Devices, Tower B, BKC, Bandra East, Mumbai, Maharashtra",Licence no: IMP/MD/2020/00422 Issued on: 28-JUN-2020,"Retinoscope, class type: Class A",A handheld instrument used to shine a light into the eye to observe the reflection (reflex) off the retina.,RetinoLight-X,RetinoLight-1045,SLA - Maharashtra,,"Legal Manufacturing Site : Zenith Medical Devices Unit, Maharashtra",A handheld instrument used to shine a light into the eye to observe the reflection (reflex) off the retina.,8500,Dimensions: 15-20 cm length | Weight: ~100-500 g | Material: Stainless Steel/Alloy
883,"Spark Peripheral Technologies, Shop 1, Moolchand Market, New Delhi",Licence no: IMP/MD/2019/00448 Issued on: 26-AUG-2019,"Retinoscope, class type: Class A",A handheld instrument used to shine a light into the eye to observe the reflection (reflex) off the retina.,RetinoLight-Elite,RetinoLight-7279X,SLA - Delhi,,"Legal Manufacturing Site : Spark Peripheral Technologies Unit, New Delhi",A handheld instrument used to shine a light into the eye to observe the reflection (reflex) off the retina.,5300,Dimensions: 15-20 cm length | Weight: ~100-500 g | Material: Stainless Steel/Alloy
884,"Spark Peripheral Technologies, Shop 1, Moolchand Market, New Delhi",Licence no: MFG/MD/2021/00768 Issued on: 09-OCT-2021,"Retinoscope, class type: Class A",A handheld instrument used to shine a light into the eye to observe the reflection (reflex) off the retina.,RetinoLight-Advance,RetinoLight-2575B,SLA - Gujarat,,"Legal Manufacturing Site : Spark Peripheral Technologies Unit, New Delhi",A handheld instrument used to shine a light into the eye to observe the reflection (reflex) off the retina.,23000,Dimensions: 15-20 cm length | Weight: ~100-500 g | Material: Stainless Steel/Alloy
885,"NovaBio Tech, Phase 8, Industrial Area, Mohali, Punjab",Licence no: MFG/MD/2023/00702 Issued on: 15-DEC-2023,"Retinoscope, class type: Class A",A handheld instrument used to shine a light into the eye to observe the reflection (reflex) off the retina.,RetinoLight-Advance,RetinoLight-8832,SLA - Delhi,,"Legal Manufacturing Site : NovaBio Tech Unit, Punjab",A handheld instrument used to shine a light into the eye to observe the reflection (reflex) off the retina.,22000,Dimensions: 15-20 cm length | Weight: ~100-500 g | Material: Stainless Steel/Alloy
886,"LifeCare Innovations, Tech Park, OMR, Chennai, Tamil Nadu",Licence no: IMP/MD/2019/00446 Issued on: 24-MAR-2019,"Retinoscope, class type: Class A",A handheld instrument used to shine a light into the eye to observe the reflection (reflex) off the retina.,RetinoLight-Max,RetinoLight-2847B,SLA - Gujarat,,"Legal Manufacturing Site : LifeCare Innovations Unit, Tamil Nadu",A handheld instrument used to shine a light into the eye to observe the reflection (reflex) off the retina.,17000,Dimensions: 15-20 cm length | Weight: ~100-500 g | Material: Stainless Steel/Alloy
887,"Global Health Solutions, Plot 45, Industrial Area, Peenya, Bangalore",Licence no: MFG/MD/2019/00662 Issued on: 03-MAR-2019,"Retinoscope, class type: Class A",A handheld instrument used to shine a light into the eye to observe the reflection (reflex) off the retina.,RetinoLight-Pro,RetinoLight-9192A,SLA - Delhi,,"Legal Manufacturing Site : Global Health Solutions Unit, Bangalore",A handheld instrument used to shine a light into the eye to observe the reflection (reflex) off the retina.,21000,Dimensions: 15-20 cm length | Weight: ~100-500 g | Material: Stainless Steel/Alloy
888,"MediCorp India Pvt Ltd, Cyber City, Phase 2, Gurgaon, Haryana",Licence no: IMP/MD/2020/00402 Issued on: 12-FEB-2020,"Slit Lamp Biomicroscope, class type: Class B",Facilitates an examination of the anterior segment and posterior segment of the human eye.,OpticSlit-Elite,OpticSlit-5147X,SLA - Maharashtra,,"Legal Manufacturing Site : MediCorp India Pvt Ltd Unit, Haryana",Facilitates an examination of the anterior segment and posterior segment of the human eye.,110000,Dimensions: 30 x 20 x 15 cm | Weight: ~2-10 kg | Power: 110V/220V AC or Battery
889,"Pioneer Health Systems, Sector V, Salt Lake, Kolkata, West Bengal",Licence no: IMP/MD/2024/00563 Issued on: 06-OCT-2024,"Slit Lamp Biomicroscope, class type: Class B",Facilitates an examination of the anterior segment and posterior segment of the human eye.,OpticSlit-Elite,OpticSlit-7345B,SLA - Delhi,,"Legal Manufacturing Site : Pioneer Health Systems Unit, West Bengal",Facilitates an examination of the anterior segment and posterior segment of the human eye.,160000,Dimensions: 30 x 20 x 15 cm | Weight: ~2-10 kg | Power: 110V/220V AC or Battery
890,"Astra Medical Supplies, Ring Road, Surat, Gujarat",Licence no: IMP/MD/2018/00667 Issued on: 07-JUN-2018,"Slit Lamp Biomicroscope, class type: Class B",Facilitates an examination of the anterior segment and posterior segment of the human eye.,OpticSlit-Advance,OpticSlit-7200,SLA - Maharashtra,,"Legal Manufacturing Site : Astra Medical Supplies Unit, Gujarat",Facilitates an examination of the anterior segment and posterior segment of the human eye.,190000,Dimensions: 30 x 20 x 15 cm | Weight: ~2-10 kg | Power: 110V/220V AC or Battery
891,"Global Health Solutions, Plot 45, Industrial Area, Peenya, Bangalore",Licence no: IMP/MD/2024/00844 Issued on: 14-NOV-2024,"Slit Lamp Biomicroscope, class type: Class B",Facilitates an examination of the anterior segment and posterior segment of the human eye.,OpticSlit-X,OpticSlit-9757,CLA - CDSCO,,"Legal Manufacturing Site : Global Health Solutions Unit, Bangalore",Facilitates an examination of the anterior segment and posterior segment of the human eye.,110000,Dimensions: 30 x 20 x 15 cm | Weight: ~2-10 kg | Power: 110V/220V AC or Battery
892,"Apex Surgical Imports, 12, GIDC, Makarpura, Vadodara, Gujarat",Licence no: IMP/MD/2020/00378 Issued on: 28-APR-2020,"Slit Lamp Biomicroscope, class type: Class B",Facilitates an examination of the anterior segment and posterior segment of the human eye.,OpticSlit-Basic,OpticSlit-1130A,SLA - Karnataka,,"Legal Manufacturing Site : Apex Surgical Imports Unit, Gujarat",Facilitates an examination of the anterior segment and posterior segment of the human eye.,210000,Dimensions: 30 x 20 x 15 cm | Weight: ~2-10 kg | Power: 110V/220V AC or Battery
893,"Global Health Solutions, Plot 45, Industrial Area, Peenya, Bangalore",Licence no: IMP/MD/2019/00764 Issued on: 15-MAR-2019,"Slit Lamp Biomicroscope, class type: Class B",Facilitates an examination of the anterior segment and posterior segment of the human eye.,OpticSlit-Basic,OpticSlit-5354X,SLA - Gujarat,,"Legal Manufacturing Site : Global Health Solutions Unit, Bangalore",Facilitates an examination of the anterior segment and posterior segment of the human eye.,250000,Dimensions: 30 x 20 x 15 cm | Weight: ~2-10 kg | Power: 110V/220V AC or Battery
894,"MediCorp India Pvt Ltd, Cyber City, Phase 2, Gurgaon, Haryana",Licence no: IMP/MD/2020/00996 Issued on: 22-JUL-2020,"Slit Lamp Biomicroscope, class type: Class B",Facilitates an examination of the anterior segment and posterior segment of the human eye.,OpticSlit-X,OpticSlit-6563,SLA - Gujarat,,"Legal Manufacturing Site : MediCorp India Pvt Ltd Unit, Haryana",Facilitates an examination of the anterior segment and posterior segment of the human eye.,140000,Dimensions: 30 x 20 x 15 cm | Weight: ~2-10 kg | Power: 110V/220V AC or Battery
895,"Quantum Care Co., Jubilee Hills, Hyderabad, Telangana",Licence no: MFG/MD/2022/00862 Issued on: 15-JAN-2022,"Slit Lamp Biomicroscope, class type: Class B",Facilitates an examination of the anterior segment and posterior segment of the human eye.,OpticSlit-Max,OpticSlit-1547B,CLA - CDSCO,,"Legal Manufacturing Site : Quantum Care Co. Unit, Telangana",Facilitates an examination of the anterior segment and posterior segment of the human eye.,110000,Dimensions: 30 x 20 x 15 cm | Weight: ~2-10 kg | Power: 110V/220V AC or Battery
896,"Quantum Care Co., Jubilee Hills, Hyderabad, Telangana",Licence no: MFG/MD/2019/00421 Issued on: 24-APR-2019,"Slit Lamp Biomicroscope, class type: Class B",Facilitates an examination of the anterior segment and posterior segment of the human eye.,OpticSlit-Basic,OpticSlit-7566A,SLA - Karnataka,,"Legal Manufacturing Site : Quantum Care Co. Unit, Telangana",Facilitates an examination of the anterior segment and posterior segment of the human eye.,250000,Dimensions: 30 x 20 x 15 cm | Weight: ~2-10 kg | Power: 110V/220V AC or Battery
897,"Spark Peripheral Technologies, Shop 1, Moolchand Market, New Delhi",Licence no: IMP/MD/2022/00149 Issued on: 09-MAR-2022,"Slit Lamp Biomicroscope, class type: Class B",Facilitates an examination of the anterior segment and posterior segment of the human eye.,OpticSlit-Pro,OpticSlit-9689A,SLA - Maharashtra,,"Legal Manufacturing Site : Spark Peripheral Technologies Unit, New Delhi",Facilitates an examination of the anterior segment and posterior segment of the human eye.,190000,Dimensions: 30 x 20 x 15 cm | Weight: ~2-10 kg | Power: 110V/220V AC or Battery
898,"Global Health Solutions, Plot 45, Industrial Area, Peenya, Bangalore",Licence no: MFG/MD/2018/00209 Issued on: 20-MAY-2018,"Slit Lamp Biomicroscope, class type: Class B",Facilitates an examination of the anterior segment and posterior segment of the human eye.,OpticSlit-Pro,OpticSlit-1154A,SLA - Telangana,,"Legal Manufacturing Site : Global Health Solutions Unit, Bangalore",Facilitates an examination of the anterior segment and posterior segment of the human eye.,220000,Dimensions: 30 x 20 x 15 cm | Weight: ~2-10 kg | Power: 110V/220V AC or Battery
899,"Spark Peripheral Technologies, Shop 1, Moolchand Market, New Delhi",Licence no: MFG/MD/2022/00458 Issued on: 12-JUN-2022,"Visual Field Analyzer (Perimeter), class type: Class B",Used to systematically measure the visual field function to detect blind spots.,FieldTest-Plus,FieldTest-8322B,SLA - Delhi,,"Legal Manufacturing Site : Spark Peripheral Technologies Unit, New Delhi",Used to systematically measure the visual field function to detect blind spots.,670000,Dimensions: 120 x 80 x 150 cm | Weight: ~80-150 kg | Power: 220V AC
900,"Zenith Medical Devices, Tower B, BKC, Bandra East, Mumbai, Maharashtra",Licence no: MFG/MD/2024/00203 Issued on: 13-MAR-2024,"Visual Field Analyzer (Perimeter), class type: Class B",Used to systematically measure the visual field function to detect blind spots.,FieldTest-Max,FieldTest-2186,SLA - Maharashtra,,"Legal Manufacturing Site : Zenith Medical Devices Unit, Maharashtra",Used to systematically measure the visual field function to detect blind spots.,550000,Dimensions: 120 x 80 x 150 cm | Weight: ~80-150 kg | Power: 220V AC
